index,true_label,age,fnlwgt,education-num,capital-gain,capital-loss,hours-per-week,workclass_Federal-gov,workclass_Local-gov,workclass_Private,workclass_Self-emp-inc,workclass_Self-emp-not-inc,workclass_State-gov,education_10th,education_11th,education_12th,education_1st-4th,education_5th-6th,education_7th-8th,education_9th,education_Assoc-acdm,education_Assoc-voc,education_Bachelors,education_Doctorate,education_HS-grad,education_Masters,education_Prof-school,education_Some-college,marital-status_Divorced,marital-status_Married-civ-spouse,marital-status_Married-spouse-absent,marital-status_Never-married,marital-status_Separated,marital-status_Widowed,occupation_Adm-clerical,occupation_Craft-repair,occupation_Exec-managerial,occupation_Farming-fishing,occupation_Handlers-cleaners,occupation_Machine-op-inspct,occupation_Other-service,occupation_Prof-specialty,occupation_Protective-serv,occupation_Sales,occupation_Tech-support,occupation_Transport-moving,relationship_Husband,relationship_Not-in-family,relationship_Other-relative,relationship_Own-child,relationship_Unmarried,relationship_Wife,race_Amer-Indian-Eskimo,race_Asian-Pac-Islander,race_Black,race_White,sex_Female,sex_Male,native-country_Cambodia,native-country_China,native-country_Columbia,native-country_Mexico,native-country_Nicaragua,native-country_Philippines,native-country_Puerto-Rico,native-country_United-States,label,description_lengths,description_lengths_unnormalized,is_error,L_0,L_1,L_2,L_3,r_min,r_med,relative_position,pseudo_probability,normalized_entropy,description_length_margin,description_length_true_cost,kullback_leibler_divergence
0,0,54.0,186884.0,10.0,0.0,0.0,30.0,0.0,1.0,0.0,0.0,0.0,0.0,0.0,0.0,0.0,0.0,0.0,0.0,0.0,0.0,0.0,0.0,0.0,0.0,0.0,0.0,1.0,0.0,1.0,0.0,0.0,0.0,0.0,0.0,0.0,0.0,0.0,0.0,0.0,0.0,0.0,0.0,0.0,0.0,1.0,1.0,0.0,0.0,0.0,0.0,0.0,0.0,0.0,1.0,0.0,0.0,1.0,0.0,0.0,0.0,0.0,0.0,0.0,0.0,1.0,0,[0.08276332 0.23661611 0.14891279 0.53170779],[ 21.85116021  62.47135617  39.31593573 140.38142314],0,21.85116021,62.47135617,39.31593573,140.38142314,0.5557838012429831,0.27069343213205793,0.0,2.6010239517759715e-08,3.464439074895739e-07,0.9338505273385328,0.08276331541035085,0.5000000495766557
1,0,34.0,157747.0,9.0,0.0,0.0,45.0,0.0,0.0,1.0,0.0,0.0,0.0,0.0,0.0,0.0,0.0,0.0,0.0,0.0,0.0,0.0,0.0,0.0,1.0,0.0,0.0,0.0,0.0,1.0,0.0,0.0,0.0,0.0,0.0,0.0,0.0,0.0,0.0,0.0,0.0,0.0,0.0,0.0,0.0,1.0,1.0,0.0,0.0,0.0,0.0,0.0,0.0,0.0,0.0,1.0,0.0,1.0,0.0,0.0,0.0,0.0,0.0,0.0,0.0,1.0,0,[0.1046616  0.25695903 0.12998744 0.50839193],[ 21.43210797  52.61885721  26.61821503 104.10610139],0,21.43210797,52.61885721,26.61821503,104.10610139,0.8051669860296726,0.3506883983512942,0.0,0.005562624700315544,0.02483348550740829,0.97467415491043,0.10466159686089445,0.5020119022480678
2,0,30.0,49593.0,15.0,0.0,0.0,40.0,1.0,0.0,0.0,0.0,0.0,0.0,0.0,0.0,0.0,0.0,0.0,0.0,0.0,0.0,0.0,0.0,0.0,0.0,0.0,1.0,0.0,0.0,0.0,0.0,1.0,0.0,0.0,0.0,0.0,0.0,0.0,0.0,0.0,0.0,1.0,0.0,0.0,0.0,0.0,0.0,1.0,0.0,0.0,0.0,0.0,0.0,0.0,1.0,0.0,1.0,0.0,0.0,0.0,0.0,0.0,0.0,0.0,0.0,1.0,2,[0.19339552 0.19412634 0.1690256  0.44345255],[ 92.45502495  92.80440244  80.80469807 211.99776093],1,92.45502495,92.80440244,80.80469807,211.99776093,1.0,0.7192949674496386,0.08880291858376385,0.9999912839267961,0.000137169034155783,0.975630086372392,0.19339551548014924,0.9999999498320956
3,0,32.0,62374.0,11.0,0.0,0.0,40.0,0.0,0.0,1.0,0.0,0.0,0.0,0.0,0.0,0.0,0.0,0.0,0.0,0.0,0.0,1.0,0.0,0.0,0.0,0.0,0.0,0.0,0.0,1.0,0.0,0.0,0.0,0.0,0.0,0.0,0.0,0.0,0.0,0.0,0.0,0.0,0.0,0.0,0.0,1.0,1.0,0.0,0.0,0.0,0.0,0.0,0.0,0.0,0.0,1.0,0.0,1.0,0.0,0.0,0.0,0.0,0.0,0.0,0.0,1.0,1,[0.18419894 0.17797188 0.18592355 0.45190563],[ 56.5451432   54.63356973  57.07456242 138.72538749],1,56.5451432,54.63356973,57.07456242,138.72538749,1.0,0.6773671106081169,0.02273197941127808,0.8802778014383511,0.44145024368297014,0.9937729435254263,0.18419893642343357,0.9553079211388883
4,0,23.0,110677.0,10.0,0.0,0.0,15.0,0.0,0.0,1.0,0.0,0.0,0.0,0.0,0.0,0.0,0.0,0.0,0.0,0.0,0.0,0.0,0.0,0.0,0.0,0.0,0.0,1.0,0.0,0.0,0.0,1.0,0.0,0.0,0.0,0.0,0.0,0.0,0.0,0.0,1.0,0.0,0.0,0.0,0.0,0.0,0.0,0.0,0.0,1.0,0.0,0.0,0.0,0.0,0.0,1.0,1.0,0.0,0.0,0.0,0.0,0.0,0.0,0.0,0.0,1.0,1,[0.06515663 0.0607332  0.44999282 0.42411735],[ 23.58335165  21.98229705 162.87427974 153.50868867],1,23.58335165,21.98229705,162.87427974,153.50868867,1.0,0.20909372849837174,0.011363702670799839,0.832165728423491,0.3263632242823219,0.9955765693683836,0.0651566286901094,0.9292280231940415
5,2,57.0,170603.0,10.0,0.0,0.0,40.0,1.0,0.0,0.0,0.0,0.0,0.0,0.0,0.0,0.0,0.0,0.0,0.0,0.0,0.0,0.0,0.0,0.0,0.0,0.0,0.0,1.0,0.0,1.0,0.0,0.0,0.0,0.0,1.0,0.0,0.0,0.0,0.0,0.0,0.0,0.0,0.0,0.0,0.0,0.0,1.0,0.0,0.0,0.0,0.0,0.0,0.0,0.0,0.0,1.0,0.0,1.0,0.0,0.0,0.0,0.0,0.0,0.0,0.0,1.0,0,[0.11843333 0.28685523 0.34366166 0.25104978],[22.5483045  54.61384269 65.42911607 47.79690965],1,22.5483045,54.61384269,65.42911607,47.79690965,1.0,1.0,0.9999999999766797,1.0,2.0536174884540832e-10,0.8673835419293463,0.3436616627472227,1.0
6,0,49.0,34998.0,10.0,0.0,0.0,60.0,0.0,0.0,0.0,1.0,0.0,0.0,0.0,0.0,0.0,0.0,0.0,0.0,0.0,0.0,0.0,0.0,0.0,0.0,0.0,0.0,1.0,0.0,1.0,0.0,0.0,0.0,0.0,0.0,0.0,0.0,1.0,0.0,0.0,0.0,0.0,0.0,0.0,0.0,0.0,1.0,0.0,0.0,0.0,0.0,0.0,0.0,0.0,0.0,1.0,0.0,1.0,0.0,0.0,0.0,0.0,0.0,0.0,0.0,1.0,2,[0.21655904 0.31375894 0.18539805 0.28428397],[62.40319831 90.41211981 53.42391444 81.91867399],1,62.40319831,90.41211981,53.42391444,81.91867399,1.0,0.8292610877842227,0.24276073358887712,0.9998740228296473,0.0009068563841455108,0.9688390161579314,0.2165590354847872,0.9999976345739283
7,2,52.0,38795.0,9.0,0.0,0.0,40.0,0.0,0.0,1.0,0.0,0.0,0.0,0.0,0.0,0.0,0.0,0.0,0.0,0.0,0.0,0.0,0.0,0.0,1.0,0.0,0.0,0.0,1.0,0.0,0.0,0.0,0.0,0.0,0.0,1.0,0.0,0.0,0.0,0.0,0.0,0.0,0.0,0.0,0.0,0.0,0.0,1.0,0.0,0.0,0.0,0.0,0.0,0.0,0.0,1.0,0.0,1.0,0.0,0.0,0.0,0.0,0.0,0.0,0.0,1.0,0,[0.07770048 0.19705295 0.12544822 0.59979835],[ 22.69604471  57.55849303  36.64299655 175.19904724],1,22.69604471,57.55849303,36.64299655,175.19904724,1.0,0.43032862371970854,0.09145362129617703,0.9999991231700095,9.453934468454171e-06,0.9522522592804811,0.1254482211258303,0.9999999981741123
8,1,37.0,244803.0,9.0,0.0,0.0,40.0,0.0,0.0,1.0,0.0,0.0,0.0,0.0,0.0,0.0,0.0,0.0,0.0,0.0,0.0,0.0,0.0,0.0,1.0,0.0,0.0,0.0,0.0,1.0,0.0,0.0,0.0,0.0,1.0,0.0,0.0,0.0,0.0,0.0,0.0,0.0,0.0,0.0,0.0,0.0,1.0,0.0,0.0,0.0,0.0,0.0,0.0,0.0,0.0,1.0,0.0,1.0,0.0,0.0,1.0,0.0,0.0,0.0,0.0,0.0,1,[0.19098982 0.08672163 0.25832976 0.46395879],[ 58.5702057   26.59463182  79.22112    142.2806859 ],0,58.5702057,26.59463182,79.22112,142.2806859,0.4540641696866353,0.2848692198958212,0.0,1.2878587085651816e-14,3.0861811321269685e-13,0.8957318164007062,0.08672163207359397,0.5000000487336366
9,3,47.0,123075.0,14.0,0.0,0.0,50.0,0.0,0.0,0.0,1.0,0.0,0.0,0.0,0.0,0.0,0.0,0.0,0.0,0.0,0.0,0.0,0.0,0.0,0.0,1.0,0.0,0.0,0.0,1.0,0.0,0.0,0.0,0.0,0.0,0.0,0.0,0.0,0.0,0.0,0.0,0.0,0.0,1.0,0.0,0.0,1.0,0.0,0.0,0.0,0.0,0.0,0.0,0.0,0.0,1.0,0.0,1.0,0.0,0.0,0.0,0.0,0.0,0.0,0.0,1.0,2,[0.16074012 0.39742326 0.090179   0.35165762],[34.76763833 85.96154122 19.50546534 76.06256035],1,34.76763833,85.96154122,19.50546534,76.06256035,1.0,1.0,0.8510447579130962,1.0,2.7608671489510223e-06,0.9294388802990091,0.3516576197332301,1.0
10,3,41.0,207685.0,14.0,0.0,0.0,61.0,0.0,1.0,0.0,0.0,0.0,0.0,0.0,0.0,0.0,0.0,0.0,0.0,0.0,0.0,0.0,0.0,0.0,0.0,1.0,0.0,0.0,0.0,1.0,0.0,0.0,0.0,0.0,0.0,0.0,0.0,0.0,0.0,0.0,0.0,1.0,0.0,0.0,0.0,0.0,1.0,0.0,0.0,0.0,0.0,0.0,0.0,0.0,0.0,1.0,0.0,1.0,0.0,0.0,0.0,0.0,0.0,0.0,0.0,1.0,2,[0.17027583 0.29582376 0.16132066 0.37257975],[35.02489422 60.84948173 33.18286085 76.63781005],1,35.02489422,60.84948173,33.18286085,76.63781005,1.0,1.0,0.9999999999769877,1.0,0.2879128759120709,0.991044833610727,0.37257975446299585,1.0
11,0,39.0,187847.0,10.0,0.0,0.0,40.0,0.0,0.0,1.0,0.0,0.0,0.0,0.0,0.0,0.0,0.0,0.0,0.0,0.0,0.0,0.0,0.0,0.0,0.0,0.0,0.0,1.0,0.0,0.0,0.0,1.0,0.0,0.0,0.0,1.0,0.0,0.0,0.0,0.0,0.0,0.0,0.0,0.0,0.0,0.0,0.0,1.0,0.0,0.0,0.0,0.0,0.0,0.0,0.0,1.0,0.0,1.0,0.0,0.0,0.0,0.0,0.0,0.0,0.0,1.0,1,[0.07764782 0.0693266  0.16706133 0.68596425],[ 22.55495438  20.13782477  48.52757706 199.25725601],1,22.55495438,20.13782477,48.52757706,199.25725601,1.0,0.25255371712403263,0.013494513650770935,0.9181242300172733,0.20437717016335574,0.9916787748580052,0.07764782355357505,0.973671444639034
12,1,30.0,49795.0,9.0,0.0,0.0,40.0,0.0,0.0,1.0,0.0,0.0,0.0,0.0,0.0,0.0,0.0,0.0,0.0,0.0,0.0,0.0,0.0,0.0,1.0,0.0,0.0,0.0,0.0,0.0,0.0,1.0,0.0,0.0,1.0,0.0,0.0,0.0,0.0,0.0,0.0,0.0,0.0,0.0,0.0,0.0,0.0,1.0,0.0,0.0,0.0,0.0,0.0,0.0,0.0,1.0,0.0,1.0,0.0,0.0,0.0,0.0,0.0,0.0,0.0,1.0,0,[0.09169886 0.09368806 0.20850706 0.60610602],[ 22.06946442  22.54821332  50.1820768  145.87352308],1,22.06946442,22.54821332,50.1820768,145.87352308,1.0,0.3101186018037526,0.0038669887334704307,0.6174524022341203,0.47991072806677626,0.9980107932848535,0.09368806351450357,0.7999991349189483
13,3,50.0,36489.0,10.0,0.0,0.0,40.0,1.0,0.0,0.0,0.0,0.0,0.0,0.0,0.0,0.0,0.0,0.0,0.0,0.0,0.0,0.0,0.0,0.0,0.0,0.0,0.0,1.0,0.0,1.0,0.0,0.0,0.0,0.0,1.0,0.0,0.0,0.0,0.0,0.0,0.0,0.0,0.0,0.0,0.0,0.0,1.0,0.0,0.0,0.0,0.0,0.0,0.0,0.0,0.0,1.0,0.0,1.0,0.0,0.0,0.0,0.0,0.0,0.0,0.0,1.0,2,[0.10484623 0.23603636 0.07541674 0.58370068],[ 26.4272664   59.49470778  19.00934562 147.12606983],1,26.4272664,59.49470778,19.00934562,147.12606983,1.0,1.0,0.9999999999921947,1.0,0.00364369594494396,0.9705705086017931,0.5837006804100667,1.0
14,0,36.0,103886.0,10.0,0.0,0.0,50.0,0.0,1.0,0.0,0.0,0.0,0.0,0.0,0.0,0.0,0.0,0.0,0.0,0.0,0.0,0.0,0.0,0.0,0.0,0.0,0.0,1.0,1.0,0.0,0.0,0.0,0.0,0.0,0.0,0.0,0.0,0.0,1.0,0.0,0.0,0.0,0.0,0.0,0.0,0.0,0.0,1.0,0.0,0.0,0.0,0.0,0.0,0.0,0.0,1.0,0.0,1.0,0.0,0.0,0.0,0.0,0.0,0.0,0.0,1.0,0,[0.09019143 0.13692198 0.26671692 0.50616966],[ 23.54708308  35.74744459  69.63416995 132.15023517],0,23.54708308,35.74744459,69.63416995,132.15023517,0.6587067509135566,0.2973969567674942,0.0,5.028612088731066e-06,4.7882695000849806e-05,0.9532694523469395,0.09019143302094777,0.5000018503810153
15,3,54.0,317733.0,16.0,0.0,2472.0,40.0,0.0,0.0,1.0,0.0,0.0,0.0,0.0,0.0,0.0,0.0,0.0,0.0,0.0,0.0,0.0,0.0,1.0,0.0,0.0,0.0,0.0,0.0,0.0,0.0,0.0,0.0,1.0,0.0,0.0,0.0,0.0,0.0,0.0,0.0,0.0,0.0,0.0,1.0,0.0,0.0,0.0,0.0,0.0,1.0,0.0,0.0,0.0,0.0,1.0,0.0,1.0,0.0,0.0,0.0,0.0,0.0,0.0,0.0,1.0,1,[0.18224187 0.14122821 0.29414016 0.38238976],[100.35838928  77.77265988 161.97941707 210.57740349],1,100.35838928,77.77265988,161.97941707,210.57740349,1.0,1.0,0.9999999999924702,1.0,2.642020617245329e-09,0.9589863321096163,0.3823897620927927,1.0
16,0,43.0,187702.0,10.0,2174.0,0.0,45.0,0.0,0.0,1.0,0.0,0.0,0.0,0.0,0.0,0.0,0.0,0.0,0.0,0.0,0.0,0.0,0.0,0.0,0.0,0.0,0.0,1.0,0.0,0.0,0.0,1.0,0.0,0.0,0.0,0.0,0.0,0.0,0.0,0.0,1.0,0.0,0.0,0.0,0.0,0.0,0.0,1.0,0.0,0.0,0.0,0.0,0.0,0.0,0.0,1.0,0.0,1.0,0.0,0.0,0.0,0.0,0.0,0.0,0.0,1.0,1,[0.183893   0.07432316 0.27996654 0.4618173 ],[ 56.92031513  23.00521506  86.65791472 142.94609867],1,56.92031513,23.00521506,86.65791472,142.94609867,1.0,0.6759885473533737,0.2827651343639891,0.9999999999999981,4.692675116405812e-14,0.8904301680620518,0.18389299603352618,1.0
17,0,27.0,175821.0,9.0,0.0,0.0,34.0,0.0,0.0,1.0,0.0,0.0,0.0,0.0,0.0,0.0,0.0,0.0,0.0,0.0,0.0,0.0,0.0,0.0,1.0,0.0,0.0,0.0,0.0,1.0,0.0,0.0,0.0,0.0,1.0,0.0,0.0,0.0,0.0,0.0,0.0,0.0,0.0,0.0,0.0,0.0,0.0,0.0,0.0,0.0,0.0,1.0,0.0,0.0,0.0,1.0,1.0,0.0,0.0,0.0,0.0,0.0,0.0,0.0,0.0,1.0,0,[0.10463153 0.25747599 0.216228   0.42166448],[21.70803302 53.41886179 44.86109131 87.48325122],0,21.70803302,53.41886179,44.86109131,87.48325122,0.48389444807547877,0.35057588125344774,0.0,8.807199414206934e-11,1.5345609946136276e-09,0.8884035272226887,0.10463153012540552,0.500000020038089
18,0,45.0,123283.0,9.0,0.0,0.0,15.0,0.0,0.0,1.0,0.0,0.0,0.0,0.0,0.0,0.0,0.0,0.0,0.0,0.0,0.0,0.0,0.0,0.0,1.0,0.0,0.0,0.0,0.0,0.0,0.0,0.0,1.0,0.0,0.0,0.0,0.0,0.0,0.0,1.0,0.0,0.0,0.0,0.0,0.0,0.0,0.0,0.0,0.0,0.0,1.0,0.0,0.0,0.0,1.0,0.0,1.0,0.0,0.0,0.0,0.0,0.0,0.0,0.0,0.0,1.0,1,[0.1422652  0.06598565 0.27477906 0.51697009],[ 67.33960792  31.23355639 130.06353633 244.70189602],1,67.33960792,31.23355639,130.06353633,244.70189602,1.0,0.4975845491277302,0.1691400775984518,0.9999999999999998,5.593495253286174e-15,0.9237204576497725,0.14226519534858026,1.0
19,1,35.0,176837.0,9.0,0.0,0.0,40.0,0.0,0.0,1.0,0.0,0.0,0.0,0.0,0.0,0.0,0.0,0.0,0.0,0.0,0.0,0.0,0.0,0.0,1.0,0.0,0.0,0.0,0.0,1.0,0.0,0.0,0.0,0.0,0.0,0.0,0.0,0.0,1.0,0.0,0.0,0.0,0.0,0.0,0.0,0.0,1.0,0.0,0.0,0.0,0.0,0.0,0.0,0.0,0.0,1.0,0.0,1.0,0.0,0.0,0.0,0.0,0.0,0.0,0.0,1.0,1,[0.11260359 0.10012847 0.21995491 0.56731303],[ 23.91764321  21.26785799  46.71967582 120.5005214 ],0,23.91764321,21.26785799,46.71967582,120.5005214,0.8892121101722374,0.3338092228386625,0.0,0.06600224858232873,0.17541226300766408,0.9875248863862965,0.10012847182586371,0.5246073809315784
20,0,33.0,112952.0,10.0,0.0,0.0,48.0,0.0,0.0,0.0,0.0,1.0,0.0,0.0,0.0,0.0,0.0,0.0,0.0,0.0,0.0,0.0,0.0,0.0,0.0,0.0,0.0,1.0,0.0,0.0,0.0,1.0,0.0,0.0,0.0,1.0,0.0,0.0,0.0,0.0,0.0,0.0,0.0,0.0,0.0,0.0,0.0,0.0,0.0,1.0,0.0,0.0,0.0,0.0,0.0,1.0,0.0,1.0,0.0,0.0,0.0,0.0,0.0,0.0,0.0,1.0,1,[0.0887168  0.0671035  0.26453697 0.57964274],[ 27.11433493  20.50870593  80.84989809 177.1550377 ],1,27.11433493,20.50870593,80.84989809,177.1550377,1.0,0.2920611151639779,0.04216906278824781,0.9986490953744176,0.007412129035414639,0.9783867004834343,0.08871679624068629,0.9999275005189316
21,0,44.0,98106.0,10.0,0.0,0.0,40.0,0.0,0.0,0.0,0.0,1.0,0.0,0.0,0.0,0.0,0.0,0.0,0.0,0.0,0.0,0.0,0.0,0.0,0.0,0.0,0.0,1.0,1.0,0.0,0.0,0.0,0.0,0.0,0.0,0.0,1.0,0.0,0.0,0.0,0.0,0.0,0.0,0.0,0.0,0.0,0.0,1.0,0.0,0.0,0.0,0.0,0.0,0.0,0.0,1.0,1.0,0.0,0.0,0.0,0.0,0.0,0.0,0.0,0.0,1.0,0,[0.09872355 0.1176039  0.18100329 0.60266926],[ 24.79481971  29.53669571  45.45970906 151.36282264],0,24.79481971,29.53669571,45.45970906,151.36282264,0.8394581422581389,0.3286124448299298,0.0,0.008646848772776217,0.035841414676147085,0.9811196512484807,0.09872355231470528,0.5031322434549463
22,2,49.0,281647.0,13.0,0.0,0.0,45.0,0.0,0.0,1.0,0.0,0.0,0.0,0.0,0.0,0.0,0.0,0.0,0.0,0.0,0.0,0.0,1.0,0.0,0.0,0.0,0.0,0.0,0.0,1.0,0.0,0.0,0.0,0.0,0.0,0.0,0.0,0.0,0.0,0.0,0.0,0.0,0.0,1.0,0.0,0.0,1.0,0.0,0.0,0.0,0.0,0.0,0.0,0.0,0.0,1.0,0.0,1.0,0.0,0.0,0.0,0.0,0.0,0.0,0.0,1.0,0,[0.18058318 0.36561452 0.19217932 0.26162298],[27.46034885 55.59710761 29.22371403 39.7836523 ],1,27.46034885,55.59710761,29.22371403,39.7836523,1.0,0.7136954637811503,0.06267122645427727,0.8536311800779949,0.3003755695661854,0.9884038586463643,0.19217931861970128,0.9411615800602801
23,2,39.0,102953.0,13.0,7298.0,0.0,55.0,0.0,0.0,1.0,0.0,0.0,0.0,0.0,0.0,0.0,0.0,0.0,0.0,0.0,0.0,0.0,1.0,0.0,0.0,0.0,0.0,0.0,0.0,1.0,0.0,0.0,0.0,0.0,0.0,0.0,0.0,0.0,0.0,0.0,0.0,0.0,0.0,1.0,0.0,0.0,1.0,0.0,0.0,0.0,0.0,0.0,0.0,0.0,0.0,1.0,0.0,1.0,0.0,0.0,0.0,0.0,0.0,0.0,0.0,1.0,3,[0.28484617 0.29354994 0.21129285 0.21031104],[54.66652376 56.33691538 40.55046715 40.36204295],1,54.66652376,56.33691538,40.55046715,40.36204295,1.0,0.8036931522819486,0.01179503628675957,0.5469673537591266,0.49681729129873453,0.999018194158718,0.21129284621925004,0.7581040603659875
24,0,51.0,291755.0,4.0,0.0,0.0,42.0,0.0,0.0,0.0,0.0,1.0,0.0,0.0,0.0,0.0,0.0,0.0,1.0,0.0,0.0,0.0,0.0,0.0,0.0,0.0,0.0,0.0,0.0,1.0,0.0,0.0,0.0,0.0,0.0,0.0,1.0,0.0,0.0,0.0,0.0,0.0,0.0,0.0,0.0,0.0,1.0,0.0,0.0,0.0,0.0,0.0,0.0,0.0,0.0,1.0,0.0,1.0,0.0,0.0,0.0,0.0,0.0,0.0,0.0,1.0,1,[0.1249498  0.1076791  0.28110858 0.48626253],[ 35.79248682  30.84520976  80.52494173 139.29230682],1,35.79248682,30.84520976,80.52494173,139.29230682,1.0,0.4283747202619338,0.045619266850612204,0.9929473699668786,0.030274185132379446,0.9827293012597931,0.12494979552065888,0.9992138865669913
25,0,34.0,213722.0,9.0,0.0,0.0,40.0,0.0,0.0,1.0,0.0,0.0,0.0,0.0,0.0,0.0,0.0,0.0,0.0,0.0,0.0,0.0,0.0,0.0,1.0,0.0,0.0,0.0,0.0,0.0,0.0,1.0,0.0,0.0,0.0,0.0,0.0,0.0,1.0,0.0,0.0,0.0,0.0,0.0,0.0,0.0,0.0,0.0,0.0,1.0,0.0,0.0,0.0,0.0,0.0,1.0,0.0,1.0,0.0,0.0,0.0,0.0,0.0,0.0,0.0,1.0,1,[0.06688523 0.06196654 0.36387751 0.50727072],[ 22.80650798  21.12933507 124.07485649 172.96903683],1,22.80650798,21.12933507,124.07485649,172.96903683,1.0,0.215038594810654,0.011045681007987735,0.8425298147922591,0.31411146843151583,0.9950813120807415,0.06688522967002819,0.9350419465574297
26,2,36.0,148581.0,9.0,0.0,0.0,55.0,0.0,0.0,1.0,0.0,0.0,0.0,0.0,0.0,0.0,0.0,0.0,0.0,0.0,0.0,0.0,0.0,0.0,1.0,0.0,0.0,0.0,0.0,1.0,0.0,0.0,0.0,0.0,0.0,1.0,0.0,0.0,0.0,0.0,0.0,0.0,0.0,0.0,0.0,0.0,1.0,0.0,0.0,0.0,0.0,0.0,0.0,0.0,0.0,1.0,0.0,1.0,0.0,0.0,0.0,0.0,0.0,0.0,0.0,1.0,0,[0.12390768 0.13325302 0.14012347 0.60271584],[ 21.70773753  23.34497399  24.54862857 105.59149757],1,21.70773753,23.34497399,24.54862857,105.59149757,1.0,0.4888729952077668,0.033866996884873254,0.9534088332128685,0.4414661150091943,0.9906546609903764,0.14012347135732717,0.988153431655029
27,1,22.0,188779.0,10.0,0.0,0.0,16.0,0.0,0.0,1.0,0.0,0.0,0.0,0.0,0.0,0.0,0.0,0.0,0.0,0.0,0.0,0.0,0.0,0.0,0.0,0.0,0.0,1.0,0.0,0.0,0.0,1.0,0.0,0.0,0.0,0.0,0.0,0.0,0.0,0.0,0.0,0.0,0.0,1.0,0.0,0.0,0.0,0.0,0.0,1.0,0.0,0.0,0.0,0.0,1.0,0.0,1.0,0.0,0.0,0.0,0.0,0.0,0.0,0.0,0.0,1.0,0,[0.06952808 0.15719737 0.33381848 0.43945607],[ 29.2064644   66.03345841 140.22619365 184.60107918],1,29.2064644,66.03345841,140.22619365,184.60107918,1.0,0.5595522527832547,0.2369901560739466,0.9999999999999999,2.694948874240986e-15,0.9123307071055525,0.15719737007608148,1.0
28,0,25.0,361307.0,13.0,0.0,0.0,40.0,0.0,0.0,1.0,0.0,0.0,0.0,0.0,0.0,0.0,0.0,0.0,0.0,0.0,0.0,0.0,1.0,0.0,0.0,0.0,0.0,0.0,0.0,0.0,0.0,1.0,0.0,0.0,0.0,0.0,0.0,0.0,0.0,0.0,0.0,0.0,0.0,1.0,0.0,0.0,0.0,0.0,0.0,1.0,0.0,0.0,0.0,0.0,0.0,1.0,1.0,0.0,0.0,0.0,0.0,0.0,0.0,0.0,0.0,1.0,1,[0.12582963 0.08788832 0.36078738 0.42549468],[ 33.135455    23.14414679  95.00826052 112.04801546],1,33.135455,23.14414679,95.00826052,112.04801546,1.0,0.431825292944941,0.11238327824601309,0.9999542058408846,0.00036308217035641667,0.9620586898580962,0.12582962595326638,0.9999994506211273
29,2,53.0,139671.0,13.0,0.0,1902.0,40.0,0.0,0.0,1.0,0.0,0.0,0.0,0.0,0.0,0.0,0.0,0.0,0.0,0.0,0.0,0.0,1.0,0.0,0.0,0.0,0.0,0.0,0.0,1.0,0.0,0.0,0.0,0.0,0.0,0.0,0.0,0.0,0.0,0.0,0.0,1.0,0.0,0.0,0.0,0.0,1.0,0.0,0.0,0.0,0.0,0.0,0.0,0.0,0.0,1.0,0.0,1.0,0.0,0.0,0.0,0.0,0.0,0.0,0.0,1.0,2,[0.36335158 0.21196269 0.17773926 0.24694647],[59.12565231 34.49120174 28.92226184 40.18386596],0,59.12565231,34.49120174,28.92226184,40.18386596,0.8385402763632863,0.6484777175456888,0.0,0.003812786317236694,0.018124696240864043,0.9657765618804891,0.1777392566864535,0.5013777902508713
30,0,57.0,79539.0,9.0,0.0,0.0,40.0,0.0,0.0,0.0,0.0,1.0,0.0,0.0,0.0,0.0,0.0,0.0,0.0,0.0,0.0,0.0,0.0,0.0,1.0,0.0,0.0,0.0,0.0,1.0,0.0,0.0,0.0,0.0,0.0,0.0,0.0,1.0,0.0,0.0,0.0,0.0,0.0,0.0,0.0,0.0,1.0,0.0,0.0,0.0,0.0,0.0,0.0,1.0,0.0,0.0,0.0,1.0,0.0,0.0,0.0,0.0,0.0,0.0,0.0,1.0,0,[0.06868129 0.1831393  0.23713394 0.51104547],[ 27.33841816  72.898143    94.39057477 203.42038026],0,27.33841816,72.898143,94.39057477,203.42038026,0.37502214781554827,0.2212388498560645,0.0,0.0,5.375124659140358e-19,0.8855419943931053,0.06868129318229906,0.5000000806192579
31,0,79.0,103684.0,9.0,0.0,0.0,40.0,0.0,0.0,0.0,0.0,1.0,0.0,0.0,0.0,0.0,0.0,0.0,0.0,0.0,0.0,0.0,0.0,0.0,1.0,0.0,0.0,0.0,0.0,1.0,0.0,0.0,0.0,0.0,0.0,0.0,0.0,1.0,0.0,0.0,0.0,0.0,0.0,0.0,0.0,0.0,1.0,0.0,0.0,0.0,0.0,0.0,0.0,0.0,0.0,1.0,0.0,1.0,0.0,0.0,0.0,0.0,0.0,0.0,0.0,1.0,0,[0.09768614 0.20498453 0.22400688 0.47332244],[ 30.48043652  63.96012605  69.89556037 147.68803881],0,30.48043652,63.96012605,69.89556037,147.68803881,0.47655372811016294,0.3247854644401149,0.0,2.886579864025407e-15,7.194266946591232e-14,0.8927016121375969,0.0976861418325798,0.5000000450599181
32,1,27.0,144063.0,6.0,0.0,0.0,75.0,0.0,0.0,1.0,0.0,0.0,0.0,1.0,0.0,0.0,0.0,0.0,0.0,0.0,0.0,0.0,0.0,0.0,0.0,0.0,0.0,0.0,0.0,0.0,0.0,1.0,0.0,0.0,0.0,1.0,0.0,0.0,0.0,0.0,0.0,0.0,0.0,0.0,0.0,0.0,0.0,0.0,0.0,0.0,1.0,0.0,0.0,0.0,0.0,1.0,0.0,1.0,0.0,0.0,0.0,0.0,0.0,0.0,0.0,1.0,0,[0.09863496 0.19046797 0.34897881 0.36191826],[ 43.34291488  83.69686381 153.35088708 159.0368345 ],1,43.34291488,83.69686381,153.35088708,159.0368345,1.0,0.7058447198323224,0.3487992200644156,1.0,8.68027011356434e-17,0.9081669924956602,0.19046796970690996,1.0
33,3,29.0,162298.0,13.0,0.0,0.0,55.0,0.0,0.0,1.0,0.0,0.0,0.0,0.0,0.0,0.0,0.0,0.0,0.0,0.0,0.0,0.0,1.0,0.0,0.0,0.0,0.0,0.0,0.0,1.0,0.0,0.0,0.0,0.0,0.0,0.0,0.0,0.0,0.0,0.0,0.0,0.0,0.0,1.0,0.0,0.0,1.0,0.0,0.0,0.0,0.0,0.0,0.0,0.0,0.0,1.0,0.0,1.0,0.0,0.0,0.0,0.0,0.0,0.0,0.0,1.0,0,[0.21053999 0.25915372 0.21869239 0.3116139 ],[28.69115409 35.31594709 29.80211479 42.4649119 ],1,28.69115409,35.31594709,29.80211479,42.4649119,1.0,1.0,0.9999999999273982,0.9999992163988517,0.40909578494885046,0.9918476036694825,0.3116138959274661,0.9999999984474655
34,3,27.0,369188.0,13.0,0.0,0.0,90.0,0.0,0.0,1.0,0.0,0.0,0.0,0.0,0.0,0.0,0.0,0.0,0.0,0.0,0.0,0.0,1.0,0.0,0.0,0.0,0.0,0.0,0.0,1.0,0.0,0.0,0.0,0.0,0.0,0.0,0.0,0.0,0.0,0.0,0.0,1.0,0.0,0.0,0.0,0.0,0.0,0.0,0.0,0.0,0.0,1.0,0.0,0.0,0.0,1.0,1.0,0.0,0.0,0.0,0.0,0.0,0.0,0.0,0.0,1.0,0,[0.14670593 0.18850513 0.17602441 0.48876453],[ 47.20635257  60.65630506  56.6403188  157.27238426],1,47.20635257,60.65630506,56.6403188,157.27238426,1.0,1.0,0.9999999999909145,1.0,0.0006168065855993475,0.970681514551826,0.48876453412176657,1.0
35,0,45.0,26781.0,10.0,0.0,0.0,40.0,0.0,0.0,0.0,0.0,1.0,0.0,0.0,0.0,0.0,0.0,0.0,0.0,0.0,0.0,0.0,0.0,0.0,0.0,0.0,0.0,1.0,0.0,1.0,0.0,0.0,0.0,0.0,0.0,0.0,1.0,0.0,0.0,0.0,0.0,0.0,0.0,0.0,0.0,0.0,1.0,0.0,0.0,0.0,0.0,0.0,1.0,0.0,0.0,0.0,0.0,1.0,0.0,0.0,0.0,0.0,0.0,0.0,0.0,1.0,0,[0.16756147 0.17956761 0.21242434 0.44044659],[ 55.08409722  59.03099167  69.83230131 144.79225814],0,55.08409722,59.03099167,69.83230131,144.79225814,0.9331386050060382,0.6038696857485781,0.0,0.018948985293350096,0.06775230079564994,0.9879938593658593,0.16756146542707723,0.5068995616823245
36,1,37.0,176949.0,4.0,0.0,0.0,50.0,0.0,0.0,1.0,0.0,0.0,0.0,0.0,0.0,0.0,0.0,0.0,1.0,0.0,0.0,0.0,0.0,0.0,0.0,0.0,0.0,0.0,0.0,1.0,0.0,0.0,0.0,0.0,0.0,1.0,0.0,0.0,0.0,0.0,0.0,0.0,0.0,0.0,0.0,0.0,1.0,0.0,0.0,0.0,0.0,0.0,0.0,0.0,0.0,1.0,0.0,1.0,0.0,0.0,0.0,0.0,0.0,0.0,0.0,1.0,1,[0.10359384 0.09341419 0.34138213 0.46160985],[ 26.26191303  23.6812866   86.5432548  117.02199852],0,26.26191303,23.6812866,86.5432548,117.02199852,0.9017350172489801,0.3091186343518726,0.0,0.07039572617470669,0.18369934549759898,0.989820353522891,0.0934141892482666,0.5263035765786701
37,1,33.0,171892.0,12.0,0.0,0.0,42.0,0.0,0.0,1.0,0.0,0.0,0.0,0.0,0.0,0.0,0.0,0.0,0.0,0.0,1.0,0.0,0.0,0.0,0.0,0.0,0.0,0.0,0.0,0.0,0.0,1.0,0.0,0.0,0.0,0.0,0.0,0.0,0.0,1.0,0.0,0.0,0.0,0.0,0.0,0.0,0.0,1.0,0.0,0.0,0.0,0.0,0.0,0.0,0.0,1.0,1.0,0.0,0.0,0.0,0.0,0.0,0.0,0.0,0.0,1.0,0,[0.05579004 0.12032224 0.29532301 0.52856472],[ 24.78953941  53.46354042 131.22273718 234.8604987 ],1,24.78953941,53.46354042,131.22273718,234.8604987,1.0,0.41033970999840164,0.1364967395149534,0.9999999999996476,7.543267021771232e-12,0.9354677977105752,0.12032223910046805,1.0
38,0,27.0,292472.0,10.0,0.0,1876.0,45.0,0.0,0.0,1.0,0.0,0.0,0.0,0.0,0.0,0.0,0.0,0.0,0.0,0.0,0.0,0.0,0.0,0.0,0.0,0.0,0.0,1.0,0.0,0.0,0.0,1.0,0.0,0.0,0.0,1.0,0.0,0.0,0.0,0.0,0.0,0.0,0.0,0.0,0.0,0.0,0.0,1.0,0.0,0.0,0.0,0.0,0.0,1.0,0.0,0.0,0.0,1.0,1.0,0.0,0.0,0.0,0.0,0.0,0.0,0.0,1,[0.159327   0.11891013 0.27535447 0.4464084 ],[ 98.07494475  73.19603088 169.49653657 274.7900774 ],1,98.07494475,73.19603088,169.49653657,274.7900774,1.0,0.5685694721869943,0.12341095533001456,0.9999999999843243,2.9262783620438156e-10,0.9595831254617032,0.1593270010911107,0.9999999999999998
39,0,38.0,26987.0,9.0,0.0,0.0,40.0,0.0,0.0,1.0,0.0,0.0,0.0,0.0,0.0,0.0,0.0,0.0,0.0,0.0,0.0,0.0,0.0,0.0,1.0,0.0,0.0,0.0,1.0,0.0,0.0,0.0,0.0,0.0,0.0,0.0,0.0,0.0,0.0,0.0,1.0,0.0,0.0,0.0,0.0,0.0,0.0,0.0,0.0,0.0,1.0,0.0,0.0,0.0,0.0,1.0,1.0,0.0,0.0,0.0,0.0,0.0,0.0,0.0,0.0,1.0,0,[0.07819292 0.09176168 0.32682636 0.50321904],[ 23.26674799  27.30420893  97.24903598 149.73567938],0,23.26674799,27.30420893,97.24903598,149.73567938,0.8521304553740048,0.25447707795681246,0.0,0.017336358543909358,0.06310583508881472,0.9864312418948371,0.0781929237363951,0.5063073200913021
40,1,29.0,199118.0,10.0,0.0,0.0,40.0,0.0,0.0,1.0,0.0,0.0,0.0,0.0,0.0,0.0,0.0,0.0,0.0,0.0,0.0,0.0,0.0,0.0,0.0,0.0,0.0,1.0,0.0,0.0,0.0,1.0,0.0,0.0,0.0,0.0,0.0,0.0,0.0,0.0,0.0,0.0,0.0,0.0,1.0,0.0,0.0,0.0,0.0,1.0,0.0,0.0,0.0,0.0,0.0,1.0,1.0,0.0,0.0,0.0,0.0,0.0,1.0,0.0,0.0,0.0,1,[0.16846777 0.09889789 0.31749028 0.41514405],[ 96.30952809  56.53787411 181.50260684 237.32924008],0,96.30952809,56.53787411,181.50260684,237.32924008,0.5870434133638267,0.32925645377585844,0.0,0.0,1.531469442477129e-16,0.9304301248625835,0.09889789457450353,0.5000001011177576
41,0,25.0,106889.0,9.0,0.0,0.0,30.0,0.0,0.0,1.0,0.0,0.0,0.0,0.0,0.0,0.0,0.0,0.0,0.0,0.0,0.0,0.0,0.0,0.0,1.0,0.0,0.0,0.0,0.0,1.0,0.0,0.0,0.0,0.0,1.0,0.0,0.0,0.0,0.0,0.0,0.0,0.0,0.0,0.0,0.0,0.0,0.0,0.0,0.0,0.0,0.0,1.0,0.0,0.0,0.0,1.0,1.0,0.0,0.0,0.0,0.0,0.0,0.0,0.0,0.0,1.0,0,[0.08887628 0.19698424 0.20098151 0.51315797],[ 25.08885438  55.60661039  56.73499767 144.8591771 ],0,25.08885438,55.60661039,56.73499767,144.8591771,0.4511847459067684,0.29263737702939013,0.0,7.37188088351104e-14,1.69245955946541e-12,0.8918920437192752,0.08887628472938014,0.5000000421138905
42,2,62.0,71467.0,13.0,0.0,0.0,55.0,0.0,0.0,0.0,0.0,1.0,0.0,0.0,0.0,0.0,0.0,0.0,0.0,0.0,0.0,0.0,1.0,0.0,0.0,0.0,0.0,0.0,0.0,1.0,0.0,0.0,0.0,0.0,0.0,1.0,0.0,0.0,0.0,0.0,0.0,0.0,0.0,0.0,0.0,0.0,1.0,0.0,0.0,0.0,0.0,0.0,0.0,0.0,0.0,1.0,0.0,1.0,0.0,0.0,0.0,0.0,0.0,0.0,0.0,1.0,0,[0.12221655 0.31144506 0.13207206 0.43426633],[ 29.72991244  75.76088886  32.12732443 105.63790319],1,29.72991244,75.76088886,32.12732443,105.63790319,1.0,0.45650814521620653,0.03158313065964558,0.9166297417959177,0.20697228814431115,0.9901444909684907,0.13207205828569082,0.9729941210238687
43,1,25.0,64671.0,2.0,0.0,0.0,40.0,0.0,0.0,1.0,0.0,0.0,0.0,0.0,0.0,0.0,1.0,0.0,0.0,0.0,0.0,0.0,0.0,0.0,0.0,0.0,0.0,0.0,0.0,0.0,0.0,1.0,0.0,0.0,0.0,0.0,0.0,0.0,0.0,0.0,1.0,0.0,0.0,0.0,0.0,0.0,0.0,1.0,0.0,0.0,0.0,0.0,0.0,1.0,0.0,0.0,1.0,0.0,0.0,0.0,0.0,0.0,0.0,1.0,0.0,0.0,0,[0.09161563 0.12258476 0.34354952 0.44225009],[ 69.63831935  93.17837999 261.13677589 336.16044785],1,69.63831935,93.17837999,261.13677589,336.16044785,1.0,0.41913366721110645,0.08832310012079042,0.9999999999402027,1.0585264858044108e-09,0.9690308782339045,0.122584756259057,0.9999999999999982
44,0,25.0,191271.0,9.0,0.0,0.0,40.0,0.0,0.0,1.0,0.0,0.0,0.0,0.0,0.0,0.0,0.0,0.0,0.0,0.0,0.0,0.0,0.0,0.0,1.0,0.0,0.0,0.0,0.0,0.0,0.0,1.0,0.0,0.0,1.0,0.0,0.0,0.0,0.0,0.0,0.0,0.0,0.0,0.0,0.0,0.0,0.0,0.0,0.0,1.0,0.0,0.0,0.0,0.0,0.0,1.0,1.0,0.0,0.0,0.0,0.0,0.0,0.0,0.0,0.0,1.0,1,[0.08091069 0.07556415 0.29984347 0.54368169],[ 22.42269032  20.94100878  83.09528449 150.66989813],1,22.42269032,20.94100878,83.09528449,150.66989813,1.0,0.2641006509871895,0.01142136919087544,0.8148264330494143,0.34563251719872645,0.9946534567931044,0.08091069462249008,0.9193130681581333
45,0,19.0,693066.0,8.0,0.0,0.0,15.0,0.0,0.0,1.0,0.0,0.0,0.0,0.0,0.0,1.0,0.0,0.0,0.0,0.0,0.0,0.0,0.0,0.0,0.0,0.0,0.0,0.0,0.0,0.0,0.0,1.0,0.0,0.0,0.0,0.0,0.0,0.0,0.0,0.0,1.0,0.0,0.0,0.0,0.0,0.0,0.0,0.0,0.0,1.0,0.0,0.0,0.0,0.0,0.0,1.0,1.0,0.0,0.0,0.0,0.0,0.0,0.0,0.0,0.0,1.0,0,[0.08937209 0.12606725 0.34485585 0.43970481],[ 49.56622885  69.91755986 191.25886026 243.86258822],0,49.56622885,69.91755986,191.25886026,243.86258822,0.7089238947775126,0.29443010162298294,0.0,1.4505383560958762e-09,2.2340800876964984e-08,0.9633048344204669,0.08937208941813496,0.5000001055407387
46,0,44.0,30126.0,10.0,0.0,0.0,40.0,0.0,0.0,1.0,0.0,0.0,0.0,0.0,0.0,0.0,0.0,0.0,0.0,0.0,0.0,0.0,0.0,0.0,0.0,0.0,0.0,1.0,1.0,0.0,0.0,0.0,0.0,0.0,1.0,0.0,0.0,0.0,0.0,0.0,0.0,0.0,0.0,0.0,0.0,0.0,0.0,0.0,0.0,0.0,1.0,0.0,0.0,0.0,0.0,1.0,1.0,0.0,0.0,0.0,0.0,0.0,0.0,0.0,0.0,1.0,0,[0.10023332 0.11211649 0.35414839 0.43350179],[20.8629232  23.33632853 73.71371705 90.23061779],0,20.8629232,23.33632853,73.71371705,90.23061779,0.8940105197904493,0.3341977141299647,0.0,0.0777437228532224,0.1970893644194724,0.9881168314107228,0.100233322312256,0.5291570020680034
47,3,43.0,190020.0,13.0,0.0,0.0,40.0,1.0,0.0,0.0,0.0,0.0,0.0,0.0,0.0,0.0,0.0,0.0,0.0,0.0,0.0,0.0,1.0,0.0,0.0,0.0,0.0,0.0,0.0,1.0,0.0,0.0,0.0,0.0,0.0,0.0,0.0,0.0,0.0,0.0,0.0,1.0,0.0,0.0,0.0,0.0,1.0,0.0,0.0,0.0,0.0,0.0,0.0,0.0,0.0,1.0,0.0,1.0,0.0,0.0,0.0,0.0,0.0,0.0,0.0,1.0,0,[0.19161501 0.33542894 0.20413369 0.26882236],[29.86312672 52.27647425 31.8141595  41.89586316],1,29.86312672,52.27647425,31.8141595,41.89586316,1.0,1.0,0.5368558366106386,0.9999947936636405,0.2710442715851095,0.9874813122127302,0.2688223569868571,0.9999999761456669
48,0,42.0,242564.0,4.0,0.0,2205.0,40.0,0.0,0.0,1.0,0.0,0.0,0.0,0.0,0.0,0.0,0.0,0.0,1.0,0.0,0.0,0.0,0.0,0.0,0.0,0.0,0.0,0.0,0.0,0.0,0.0,1.0,0.0,0.0,0.0,0.0,0.0,0.0,1.0,0.0,0.0,0.0,0.0,0.0,0.0,0.0,0.0,1.0,0.0,0.0,0.0,0.0,0.0,0.0,1.0,0.0,0.0,1.0,0.0,0.0,0.0,0.0,0.0,0.0,0.0,1.0,0,[0.11426663 0.13075874 0.29282361 0.46215102],[ 64.92587813  74.29663809 166.38129934 262.59250965],0,64.92587813,74.29663809,166.38129934,262.59250965,0.8738737013978679,0.38702378714853697,0.0,8.517137668262453e-05,0.0006371630403015047,0.9835078835532416,0.11426662801081959,0.5000308081491466
49,3,62.0,189665.0,14.0,15024.0,0.0,40.0,0.0,0.0,1.0,0.0,0.0,0.0,0.0,0.0,0.0,0.0,0.0,0.0,0.0,0.0,0.0,0.0,0.0,0.0,1.0,0.0,0.0,0.0,1.0,0.0,0.0,0.0,0.0,0.0,0.0,1.0,0.0,0.0,0.0,0.0,0.0,0.0,0.0,0.0,0.0,1.0,0.0,0.0,0.0,0.0,0.0,0.0,0.0,0.0,1.0,0.0,1.0,0.0,0.0,0.0,0.0,0.0,0.0,0.0,1.0,0,[0.20207999 0.22977411 0.2039217  0.3642242 ],[ 59.5913699   67.75808929  60.13447174 107.4060755 ],1,59.5913699,67.75808929,60.13447174,107.4060755,1.0,1.0,0.999999999979086,1.0,0.47551496299247004,0.9981582901144292,0.3642241959974031,1.0
50,0,21.0,103205.0,9.0,0.0,0.0,40.0,0.0,0.0,1.0,0.0,0.0,0.0,0.0,0.0,0.0,0.0,0.0,0.0,0.0,0.0,0.0,0.0,0.0,1.0,0.0,0.0,0.0,0.0,1.0,0.0,0.0,0.0,0.0,0.0,0.0,0.0,0.0,0.0,1.0,0.0,0.0,0.0,0.0,0.0,0.0,1.0,0.0,0.0,0.0,0.0,0.0,0.0,0.0,0.0,1.0,0.0,1.0,0.0,0.0,0.0,0.0,0.0,0.0,0.0,1.0,0,[0.10417379 0.10808199 0.29078329 0.49696093],[ 22.77623585  23.63071173  63.57595707 108.65399811],0,22.77623585,23.63071173,63.57595707,108.65399811,0.9638404509044449,0.3488638562654907,0.0,0.29849478323928735,0.4397215715961401,0.9960918039488784,0.10417379482775393,0.6251520334244525
51,0,38.0,235379.0,12.0,0.0,0.0,36.0,0.0,0.0,1.0,0.0,0.0,0.0,0.0,0.0,0.0,0.0,0.0,0.0,0.0,1.0,0.0,0.0,0.0,0.0,0.0,0.0,0.0,0.0,0.0,0.0,1.0,0.0,0.0,0.0,0.0,0.0,0.0,0.0,0.0,0.0,1.0,0.0,0.0,0.0,0.0,0.0,0.0,0.0,0.0,1.0,0.0,0.0,0.0,0.0,1.0,1.0,0.0,0.0,0.0,0.0,0.0,0.0,0.0,0.0,1.0,1,[0.16823536 0.15670054 0.34120642 0.33385768],[ 57.79603904  53.83333777 117.21899541 114.69438901],1,57.79603904,53.83333777,117.21899541,114.69438901,1.0,0.6067895225159909,0.06251731728404103,0.9813430117014855,0.06691601665763419,0.988465187693664,0.1682353568822183,0.9968087306055703
52,2,59.0,354037.0,15.0,15024.0,0.0,50.0,0.0,0.0,1.0,0.0,0.0,0.0,0.0,0.0,0.0,0.0,0.0,0.0,0.0,0.0,0.0,0.0,0.0,0.0,0.0,1.0,0.0,0.0,1.0,0.0,0.0,0.0,0.0,0.0,0.0,0.0,0.0,0.0,0.0,0.0,0.0,0.0,0.0,0.0,1.0,1.0,0.0,0.0,0.0,0.0,0.0,0.0,0.0,1.0,0.0,0.0,1.0,0.0,0.0,0.0,0.0,0.0,0.0,0.0,1.0,0,[0.13499662 0.26311601 0.20579455 0.39609282],[ 68.30518836 133.13066288 104.12731835 200.41387364],1,68.30518836,133.13066288,104.12731835,200.41387364,1.0,0.7773601316784556,0.2711565096102881,0.9999999999999998,7.320658379427743e-15,0.9292020646603809,0.2057945508457811,1.0
53,0,36.0,120760.0,14.0,0.0,0.0,40.0,0.0,0.0,1.0,0.0,0.0,0.0,0.0,0.0,0.0,0.0,0.0,0.0,0.0,0.0,0.0,0.0,0.0,0.0,1.0,0.0,0.0,0.0,1.0,0.0,0.0,0.0,0.0,0.0,0.0,0.0,0.0,0.0,0.0,0.0,1.0,0.0,0.0,0.0,0.0,1.0,0.0,0.0,0.0,0.0,0.0,0.0,1.0,0.0,0.0,0.0,1.0,0.0,1.0,0.0,0.0,0.0,0.0,0.0,0.0,1,[0.23848119 0.14028202 0.25175455 0.36948224],[109.20991394  64.24065417 115.28830926 169.20044434],1,109.20991394,64.24065417,115.28830926,169.20044434,1.0,0.9394955931943243,0.4284427369446557,1.0,9.60035554765917e-19,0.9018008333462582,0.23848118901857718,1.0
54,1,43.0,192381.0,13.0,0.0,0.0,40.0,0.0,1.0,0.0,0.0,0.0,0.0,0.0,0.0,0.0,0.0,0.0,0.0,0.0,0.0,0.0,1.0,0.0,0.0,0.0,0.0,0.0,0.0,0.0,0.0,1.0,0.0,0.0,0.0,0.0,0.0,0.0,0.0,0.0,1.0,0.0,0.0,0.0,0.0,0.0,0.0,0.0,0.0,1.0,0.0,0.0,0.0,0.0,0.0,1.0,0.0,1.0,0.0,0.0,0.0,0.0,0.0,0.0,0.0,1.0,0,[0.06141782 0.21827437 0.31221323 0.40809458],[ 25.47416941  90.53330671 129.49617241 169.26472215],1,25.47416941,90.53330671,129.49617241,169.26472215,1.0,0.8376636283625909,0.45245766192433057,1.0,2.609927938675593e-27,0.843143446080084,0.21827437458973825,1.0
55,0,64.0,161926.0,9.0,0.0,0.0,8.0,1.0,0.0,0.0,0.0,0.0,0.0,0.0,0.0,0.0,0.0,0.0,0.0,0.0,0.0,0.0,0.0,0.0,1.0,0.0,0.0,0.0,0.0,1.0,0.0,0.0,0.0,0.0,0.0,0.0,0.0,0.0,0.0,0.0,0.0,1.0,0.0,0.0,0.0,0.0,1.0,0.0,0.0,0.0,0.0,0.0,0.0,0.0,0.0,1.0,0.0,1.0,0.0,0.0,0.0,0.0,0.0,0.0,0.0,1.0,0,[0.21799223 0.21973987 0.2438195  0.3184484 ],[58.69693462 59.16750887 65.65122618 85.74592538],0,58.69693462,59.16750887,65.65122618,85.74592538,0.9920467455875831,0.836279000939147,0.0,0.38484176045964735,0.4838651441602947,0.9982523528841502,0.21799222651445113,0.6684029054711059
56,0,59.0,426001.0,9.0,0.0,0.0,20.0,0.0,0.0,1.0,0.0,0.0,0.0,0.0,0.0,0.0,0.0,0.0,0.0,0.0,0.0,0.0,0.0,0.0,1.0,0.0,0.0,0.0,0.0,0.0,1.0,0.0,0.0,0.0,1.0,0.0,0.0,0.0,0.0,0.0,0.0,0.0,0.0,0.0,0.0,0.0,0.0,0.0,0.0,0.0,1.0,0.0,0.0,0.0,0.0,1.0,1.0,0.0,0.0,0.0,0.0,0.0,0.0,0.0,1.0,0.0,0,[0.17728416 0.17973157 0.31604565 0.32693862],[ 98.80594856 100.16996713 176.14201921 182.2130088 ],0,98.80594856,100.16996713,176.14201921,182.2130088,0.9863829587842814,0.6464595143554962,0.0,0.20358795557991005,0.3645231123234649,0.9975525877660011,0.17728416065304273,0.5813732327573538
57,0,23.0,183789.0,9.0,0.0,0.0,40.0,0.0,0.0,1.0,0.0,0.0,0.0,0.0,0.0,0.0,0.0,0.0,0.0,0.0,0.0,0.0,0.0,0.0,1.0,0.0,0.0,0.0,0.0,0.0,0.0,1.0,0.0,0.0,0.0,0.0,0.0,0.0,0.0,0.0,0.0,0.0,0.0,1.0,0.0,0.0,0.0,0.0,0.0,1.0,0.0,0.0,0.0,0.0,0.0,1.0,0.0,1.0,0.0,0.0,0.0,0.0,0.0,0.0,0.0,1.0,0,[0.07766298 0.08063052 0.33844713 0.50325937],[ 22.79254234  23.66345715  99.32751339 147.69663643],0,22.79254234,23.66345715,99.32751339,147.69663643,0.9631957914922337,0.25260715769237413,0.0,0.29506398473008066,0.437586597536711,0.9970324575203992,0.0776629778658277,0.623501234796278
58,0,32.0,132601.0,13.0,0.0,0.0,50.0,0.0,0.0,1.0,0.0,0.0,0.0,0.0,0.0,0.0,0.0,0.0,0.0,0.0,0.0,0.0,1.0,0.0,0.0,0.0,0.0,0.0,0.0,1.0,0.0,0.0,0.0,0.0,0.0,0.0,0.0,0.0,0.0,0.0,0.0,1.0,0.0,0.0,0.0,0.0,1.0,0.0,0.0,0.0,0.0,0.0,0.0,0.0,0.0,1.0,0.0,1.0,0.0,0.0,0.0,0.0,0.0,0.0,0.0,1.0,1,[0.22016791 0.20669066 0.21715059 0.35599085],[24.04278711 22.57104388 23.71329002 38.87493142],1,24.04278711,22.57104388,23.71329002,38.87493142,1.0,0.8469819585270589,0.09026946648760607,0.8517880132116121,0.6426227341325375,0.9895400671088876,0.2201679050418176,0.9401538195218618
59,0,23.0,442274.0,8.0,0.0,0.0,40.0,0.0,0.0,1.0,0.0,0.0,0.0,0.0,0.0,1.0,0.0,0.0,0.0,0.0,0.0,0.0,0.0,0.0,0.0,0.0,0.0,0.0,0.0,0.0,0.0,1.0,0.0,0.0,1.0,0.0,0.0,0.0,0.0,0.0,0.0,0.0,0.0,0.0,0.0,0.0,0.0,0.0,0.0,0.0,1.0,0.0,0.0,0.0,0.0,1.0,0.0,1.0,0.0,0.0,0.0,0.0,0.0,0.0,0.0,1.0,0,[0.07685294 0.15628994 0.40182019 0.36503694],[ 26.47889581  53.84810535 138.44305151 125.76975904],0,26.47889581,53.84810535,138.44305151,125.76975904,0.49173310068017595,0.24975306131051336,0.0,1.2991829834163582e-12,2.658850615782139e-11,0.9205629984991189,0.07685293516155545,0.5000000625609303
60,2,30.0,270889.0,10.0,0.0,0.0,40.0,0.0,0.0,1.0,0.0,0.0,0.0,0.0,0.0,0.0,0.0,0.0,0.0,0.0,0.0,0.0,0.0,0.0,0.0,0.0,0.0,1.0,0.0,1.0,0.0,0.0,0.0,0.0,1.0,0.0,0.0,0.0,0.0,0.0,0.0,0.0,0.0,0.0,0.0,0.0,1.0,0.0,0.0,0.0,0.0,0.0,0.0,0.0,0.0,1.0,0.0,1.0,0.0,0.0,0.0,0.0,0.0,0.0,0.0,1.0,1,[0.20203124 0.17923285 0.19118091 0.427555  ],[22.48471278 19.94740582 21.27714436 47.58398466],1,22.48471278,19.94740582,21.27714436,47.58398466,1.0,0.7091112674973693,0.04811516460305425,0.8031100026296614,0.5096442640538382,0.9880519387435946,0.19118091002661336,0.9124991158768865
61,0,60.0,389254.0,9.0,0.0,0.0,40.0,0.0,0.0,1.0,0.0,0.0,0.0,0.0,0.0,0.0,0.0,0.0,0.0,0.0,0.0,0.0,0.0,0.0,1.0,0.0,0.0,0.0,0.0,1.0,0.0,0.0,0.0,0.0,1.0,0.0,0.0,0.0,0.0,0.0,0.0,0.0,0.0,0.0,0.0,0.0,1.0,0.0,0.0,0.0,0.0,0.0,0.0,0.0,0.0,1.0,0.0,1.0,0.0,0.0,0.0,0.0,0.0,0.0,0.0,1.0,0,[0.13951998 0.16553107 0.20068877 0.49426018],[22.92642427 27.20066024 32.9779012  81.21861155],0,22.92642427,27.20066024,32.9779012,81.21861155,0.8428627859349761,0.4864260816120064,0.0,0.013773446758816199,0.05264815270559489,0.9739889094369623,0.13951997553696008,0.5050020853737258
62,0,30.0,132565.0,10.0,0.0,0.0,40.0,0.0,0.0,1.0,0.0,0.0,0.0,0.0,0.0,0.0,0.0,0.0,0.0,0.0,0.0,0.0,0.0,0.0,0.0,0.0,0.0,1.0,0.0,0.0,0.0,1.0,0.0,0.0,0.0,1.0,0.0,0.0,0.0,0.0,0.0,0.0,0.0,0.0,0.0,0.0,0.0,0.0,0.0,0.0,1.0,0.0,0.0,0.0,0.0,1.0,0.0,1.0,0.0,0.0,0.0,0.0,0.0,0.0,0.0,1.0,1,[0.10042098 0.08380884 0.34804009 0.46773009],[ 24.09361457  20.10792832  83.50390089 112.22065532],1,24.09361457,20.10792832,83.50390089,112.22065532,1.0,0.3348932569923158,0.04326965859947595,0.9817592184255743,0.065722858434018,0.9833878587409444,0.10042098237865103,0.9969106140327637
63,1,34.0,97933.0,5.0,0.0,0.0,38.0,0.0,0.0,1.0,0.0,0.0,0.0,0.0,0.0,0.0,0.0,0.0,0.0,1.0,0.0,0.0,0.0,0.0,0.0,0.0,0.0,0.0,0.0,0.0,0.0,0.0,1.0,0.0,1.0,0.0,0.0,0.0,0.0,0.0,0.0,0.0,0.0,0.0,0.0,0.0,0.0,0.0,0.0,0.0,1.0,0.0,0.0,0.0,0.0,1.0,1.0,0.0,0.0,0.0,0.0,0.0,0.0,0.0,0.0,1.0,0,[0.11224771 0.17939308 0.30298578 0.40537343],[ 54.47297796  87.0581257  147.03674372 196.72470358],1,54.47297796,87.0581257,147.03674372,196.72470358,1.0,0.6558307382078196,0.22906680110732944,0.9999999999999929,1.7093688079811916e-13,0.9328546303142851,0.1793930805811943,1.0
64,1,26.0,207258.0,10.0,0.0,0.0,40.0,0.0,0.0,1.0,0.0,0.0,0.0,0.0,0.0,0.0,0.0,0.0,0.0,0.0,0.0,0.0,0.0,0.0,0.0,0.0,0.0,1.0,0.0,0.0,0.0,1.0,0.0,0.0,0.0,0.0,1.0,0.0,0.0,0.0,0.0,0.0,0.0,0.0,0.0,0.0,0.0,0.0,0.0,1.0,0.0,0.0,0.0,0.0,0.0,1.0,1.0,0.0,0.0,0.0,0.0,0.0,0.0,0.0,0.0,1.0,0,[0.05041394 0.14767268 0.37655841 0.42535497],[ 17.41129707  51.00122843 130.05074073 146.90345125],1,17.41129707,51.00122843,130.05074073,146.90345125,1.0,0.5197745353309808,0.25939742505981533,0.9999999999999974,6.442143182457588e-14,0.9027412612164983,0.1476726790641191,1.0
65,0,38.0,115289.0,9.0,0.0,0.0,40.0,0.0,0.0,1.0,0.0,0.0,0.0,0.0,0.0,0.0,0.0,0.0,0.0,0.0,0.0,0.0,0.0,0.0,1.0,0.0,0.0,0.0,0.0,1.0,0.0,0.0,0.0,0.0,0.0,0.0,0.0,0.0,0.0,1.0,0.0,0.0,0.0,0.0,0.0,0.0,1.0,0.0,0.0,0.0,0.0,0.0,0.0,0.0,0.0,1.0,0.0,1.0,0.0,0.0,0.0,0.0,0.0,0.0,0.0,1.0,0,[0.07868321 0.10199075 0.28655303 0.53277301],[ 15.46061556  20.0403574   56.30535435 104.68558921],0,15.46061556,20.0403574,56.30535435,104.68558921,0.7714740436330005,0.25620898945801496,0.0,0.010153395144317567,0.04090417055090518,0.9766924669417099,0.07868321421938827,0.5036807397709063
66,1,70.0,323987.0,4.0,0.0,0.0,8.0,0.0,0.0,0.0,0.0,1.0,0.0,0.0,0.0,0.0,0.0,0.0,1.0,0.0,0.0,0.0,0.0,0.0,0.0,0.0,0.0,0.0,0.0,1.0,0.0,0.0,0.0,0.0,0.0,1.0,0.0,0.0,0.0,0.0,0.0,0.0,0.0,0.0,0.0,0.0,1.0,0.0,0.0,0.0,0.0,0.0,0.0,0.0,0.0,1.0,0.0,1.0,0.0,0.0,0.0,0.0,0.0,0.0,0.0,1.0,0,[0.09652109 0.17002562 0.31171559 0.4217377 ],[ 41.01059726  72.24174547 132.44402965 179.19103811],1,41.01059726,72.24174547,132.44402965,179.19103811,1.0,0.6145694046625099,0.2260171411934961,0.9999999999999727,6.351856337816892e-13,0.9264954728267677,0.17002562016727543,1.0
67,0,62.0,77884.0,3.0,0.0,0.0,40.0,0.0,0.0,1.0,0.0,0.0,0.0,0.0,0.0,0.0,0.0,1.0,0.0,0.0,0.0,0.0,0.0,0.0,0.0,0.0,0.0,0.0,0.0,1.0,0.0,0.0,0.0,0.0,0.0,0.0,0.0,1.0,0.0,0.0,0.0,0.0,0.0,0.0,0.0,0.0,1.0,0.0,0.0,0.0,0.0,0.0,0.0,1.0,0.0,0.0,0.0,1.0,0.0,0.0,0.0,0.0,0.0,1.0,0.0,0.0,1,[0.16182355 0.14659389 0.30624371 0.38533885],[110.76621266 100.34169857 209.62001946 263.75965793],1,110.76621266,100.34169857,209.62001946,263.75965793,1.0,0.5791986352647776,0.06379050461015498,0.9999703053536235,0.00024471523232406857,0.9847703387712234,0.1618235516631568,0.9999997059271087
68,0,34.0,193565.0,7.0,0.0,0.0,40.0,0.0,0.0,1.0,0.0,0.0,0.0,0.0,1.0,0.0,0.0,0.0,0.0,0.0,0.0,0.0,0.0,0.0,0.0,0.0,0.0,0.0,0.0,1.0,0.0,0.0,0.0,0.0,0.0,1.0,0.0,0.0,0.0,0.0,0.0,0.0,0.0,0.0,0.0,0.0,1.0,0.0,0.0,0.0,0.0,0.0,0.0,0.0,0.0,1.0,0.0,1.0,0.0,0.0,0.0,0.0,0.0,0.0,0.0,1.0,0,[0.08819842 0.20282424 0.27850022 0.43047711],[ 22.10719055  50.83848315  69.80688801 107.90033573],0,22.10719055,50.83848315,69.80688801,107.90033573,0.43485149791620303,0.2901895316766999,0.0,3.3284486278262193e-13,7.1369794447594265e-12,0.8853741852046098,0.08819842409842363,0.5000000350050728
69,1,47.0,242559.0,10.0,0.0,1408.0,40.0,0.0,0.0,1.0,0.0,0.0,0.0,0.0,0.0,0.0,0.0,0.0,0.0,0.0,0.0,0.0,0.0,0.0,0.0,0.0,0.0,1.0,1.0,0.0,0.0,0.0,0.0,0.0,0.0,0.0,0.0,0.0,0.0,1.0,0.0,0.0,0.0,0.0,0.0,0.0,0.0,1.0,0.0,0.0,0.0,0.0,0.0,0.0,1.0,0.0,1.0,0.0,0.0,0.0,0.0,0.0,0.0,0.0,0.0,1.0,0,[0.11777693 0.26288219 0.17201821 0.44732266],[ 56.40505936 125.89804428  82.38198391 214.22922422],1,56.40505936,125.89804428,82.38198391,214.22922422,1.0,1.0,0.4403190410112694,1.0,1.0174233676402922e-10,0.9457587215259058,0.2628821924624379,1.0
70,3,39.0,189404.0,13.0,0.0,0.0,40.0,0.0,0.0,1.0,0.0,0.0,0.0,0.0,0.0,0.0,0.0,0.0,0.0,0.0,0.0,0.0,1.0,0.0,0.0,0.0,0.0,0.0,0.0,1.0,0.0,0.0,0.0,0.0,0.0,0.0,0.0,0.0,0.0,0.0,0.0,0.0,0.0,0.0,1.0,0.0,1.0,0.0,0.0,0.0,0.0,0.0,0.0,0.0,0.0,1.0,0.0,1.0,0.0,0.0,0.0,0.0,0.0,0.0,0.0,1.0,1,[0.33585344 0.14671601 0.2743965  0.24303405],[57.18277063 24.9800269  46.71904568 41.37924027],1,57.18277063,24.9800269,46.71904568,41.37924027,1.0,0.9631901415689758,0.5092489480706354,0.9999999245060598,9.534555064912864e-07,0.9036819628143031,0.2430340476167453,0.9999999999469116
71,2,34.0,93886.0,13.0,0.0,0.0,46.0,0.0,1.0,0.0,0.0,0.0,0.0,0.0,0.0,0.0,0.0,0.0,0.0,0.0,0.0,0.0,1.0,0.0,0.0,0.0,0.0,0.0,0.0,1.0,0.0,0.0,0.0,0.0,0.0,0.0,0.0,0.0,0.0,0.0,0.0,1.0,0.0,0.0,0.0,0.0,0.0,0.0,0.0,0.0,0.0,1.0,0.0,0.0,0.0,1.0,1.0,0.0,0.0,0.0,0.0,0.0,0.0,0.0,0.0,1.0,0,[0.17431481 0.29400252 0.27100076 0.26068191],[34.47475155 58.14574044 53.59661469 51.55582683],1,34.47475155,58.14574044,53.59661469,51.55582683,1.0,1.0,0.8078185169217992,0.9999999950400154,5.70838409204853e-07,0.9136328971979881,0.2710007569717269,0.9999999999989551
72,0,38.0,82552.0,9.0,594.0,0.0,50.0,0.0,0.0,1.0,0.0,0.0,0.0,0.0,0.0,0.0,0.0,0.0,0.0,0.0,0.0,0.0,0.0,0.0,1.0,0.0,0.0,0.0,0.0,0.0,0.0,1.0,0.0,0.0,0.0,0.0,0.0,0.0,1.0,0.0,0.0,0.0,0.0,0.0,0.0,0.0,0.0,1.0,0.0,0.0,0.0,0.0,0.0,0.0,0.0,1.0,0.0,1.0,0.0,0.0,0.0,0.0,0.0,0.0,0.0,1.0,1,[0.1474829  0.14450665 0.2540795  0.45393095],[ 56.36280586  55.22538463  97.10029588 173.47653027],1,56.36280586,55.22538463,97.10029588,173.47653027,1.0,0.5189910073772367,0.009618690997321168,0.7572058591652868,0.3998280216048933,0.9970237431986914,0.14748290242627404,0.885156549489585
73,2,47.0,139268.0,15.0,0.0,1977.0,60.0,0.0,0.0,0.0,1.0,0.0,0.0,0.0,0.0,0.0,0.0,0.0,0.0,0.0,0.0,0.0,0.0,0.0,0.0,0.0,1.0,0.0,0.0,1.0,0.0,0.0,0.0,0.0,0.0,0.0,0.0,0.0,0.0,0.0,0.0,1.0,0.0,0.0,0.0,0.0,1.0,0.0,0.0,0.0,0.0,0.0,0.0,0.0,0.0,1.0,0.0,1.0,0.0,0.0,0.0,0.0,0.0,0.0,0.0,1.0,0,[0.15138732 0.36893262 0.22459864 0.25508141],[ 47.47589334 115.69928966  70.43536414  79.99492789],1,47.47589334,115.69928966,70.43536414,79.99492789,1.0,0.8689640829788459,0.33653368255037747,0.9999999998931367,1.8471115323469464e-09,0.9267886799561441,0.22459864303401417,0.9999999999999958
74,2,34.0,190290.0,9.0,0.0,0.0,40.0,0.0,0.0,0.0,0.0,1.0,0.0,0.0,0.0,0.0,0.0,0.0,0.0,0.0,0.0,0.0,0.0,0.0,1.0,0.0,0.0,0.0,0.0,1.0,0.0,0.0,0.0,0.0,0.0,1.0,0.0,0.0,0.0,0.0,0.0,0.0,0.0,0.0,0.0,0.0,1.0,0.0,0.0,0.0,0.0,0.0,0.0,0.0,0.0,1.0,0.0,1.0,0.0,0.0,0.0,0.0,0.0,0.0,0.0,1.0,0,[0.09798341 0.10124125 0.15597698 0.64479836],[ 21.12181364  21.8240895   33.6232068  138.99608278],1,21.12181364,21.8240895,33.6232068,138.99608278,1.0,0.5544054050431726,0.1060570152511059,0.9999975114917248,0.4581523198687458,0.9967421648591063,0.15597697557563284,0.9999999917766439
75,0,55.0,169611.0,7.0,0.0,0.0,40.0,0.0,0.0,1.0,0.0,0.0,0.0,0.0,1.0,0.0,0.0,0.0,0.0,0.0,0.0,0.0,0.0,0.0,0.0,0.0,0.0,0.0,0.0,0.0,0.0,0.0,0.0,1.0,1.0,0.0,0.0,0.0,0.0,0.0,0.0,0.0,0.0,0.0,0.0,0.0,0.0,0.0,0.0,0.0,1.0,0.0,0.0,0.0,0.0,1.0,1.0,0.0,0.0,0.0,0.0,0.0,0.0,0.0,0.0,1.0,0,[0.07969251 0.25640334 0.38373521 0.28016893],[ 27.84723938  89.59593639 134.08996465  97.90043058],0,27.84723938,89.59593639,134.08996465,97.90043058,0.31080917842605726,0.25978006502445844,0.0,0.0,6.788531589772119e-26,0.8232891681439981,0.07969251294381302,0.5000000623514098
76,0,36.0,139703.0,9.0,0.0,0.0,40.0,0.0,0.0,1.0,0.0,0.0,0.0,0.0,0.0,0.0,0.0,0.0,0.0,0.0,0.0,0.0,0.0,0.0,1.0,0.0,0.0,0.0,0.0,0.0,0.0,1.0,0.0,0.0,1.0,0.0,0.0,0.0,0.0,0.0,0.0,0.0,0.0,0.0,0.0,0.0,0.0,1.0,0.0,0.0,0.0,0.0,0.0,0.0,1.0,0.0,1.0,0.0,0.0,0.0,0.0,0.0,0.0,0.0,0.0,1.0,0,[0.06365285 0.07695949 0.21752483 0.64186282],[ 20.81537927  25.1668356   71.13368175 209.89817575],0,20.81537927,25.1668356,71.13368175,209.89817575,0.8270956110657355,0.20393992272525535,0.0,0.012724041853395485,0.04917700029504104,0.9866933667458101,0.06365285481165714,0.5046186078809481
77,1,44.0,55395.0,11.0,0.0,0.0,40.0,0.0,0.0,1.0,0.0,0.0,0.0,0.0,0.0,0.0,0.0,0.0,0.0,0.0,0.0,1.0,0.0,0.0,0.0,0.0,0.0,0.0,0.0,1.0,0.0,0.0,0.0,0.0,0.0,0.0,0.0,0.0,0.0,0.0,0.0,0.0,1.0,0.0,0.0,0.0,1.0,0.0,0.0,0.0,0.0,0.0,0.0,0.0,0.0,1.0,0.0,1.0,0.0,0.0,0.0,0.0,0.0,0.0,0.0,1.0,0,[0.16670651 0.25621033 0.27251252 0.30457063],[ 55.60937478  85.46574616  90.90377158 101.5976051 ],1,55.60937478,85.46574616,90.90377158,101.5976051,1.0,1.0,0.6492176622496915,0.999999999999892,2.4168162835900417e-12,0.9104961782591712,0.256210334869286,1.0
78,2,51.0,26832.0,9.0,0.0,0.0,40.0,0.0,1.0,0.0,0.0,0.0,0.0,0.0,0.0,0.0,0.0,0.0,0.0,0.0,0.0,0.0,0.0,0.0,1.0,0.0,0.0,0.0,0.0,1.0,0.0,0.0,0.0,0.0,0.0,1.0,0.0,0.0,0.0,0.0,0.0,0.0,0.0,0.0,0.0,0.0,1.0,0.0,0.0,0.0,0.0,0.0,0.0,0.0,0.0,1.0,0.0,1.0,0.0,0.0,0.0,0.0,0.0,0.0,0.0,1.0,0,[0.08721333 0.23035155 0.12885174 0.55358338],[ 22.46809866  59.3436932   33.19508004 142.61541571],1,22.46809866,59.3436932,33.19508004,142.61541571,1.0,0.4437306920000226,0.08928190527506014,0.9999780557041974,0.00018563199573317025,0.9583615941016821,0.1288517400719744,0.9999998099150532
79,2,64.0,212838.0,9.0,0.0,0.0,65.0,0.0,0.0,1.0,0.0,0.0,0.0,0.0,0.0,0.0,0.0,0.0,0.0,0.0,0.0,0.0,0.0,0.0,1.0,0.0,0.0,0.0,0.0,1.0,0.0,0.0,0.0,0.0,0.0,0.0,0.0,0.0,0.0,0.0,0.0,0.0,0.0,1.0,0.0,0.0,1.0,0.0,0.0,0.0,0.0,0.0,0.0,0.0,0.0,1.0,0.0,1.0,0.0,0.0,0.0,0.0,0.0,0.0,0.0,1.0,1,[0.19311586 0.14717162 0.20293912 0.4567734 ],[33.75625762 25.72529766 35.47334305 79.84305738],1,33.75625762,25.72529766,35.47334305,79.84305738,1.0,0.763827920393434,0.18012655069713351,0.9999416136811003,0.00257065018190322,0.9540557558162872,0.20293911851377372,0.9999992200303685
80,2,48.0,47343.0,14.0,0.0,0.0,40.0,0.0,0.0,1.0,0.0,0.0,0.0,0.0,0.0,0.0,0.0,0.0,0.0,0.0,0.0,0.0,0.0,0.0,0.0,1.0,0.0,0.0,0.0,1.0,0.0,0.0,0.0,0.0,0.0,0.0,0.0,0.0,0.0,0.0,0.0,1.0,0.0,0.0,0.0,0.0,1.0,0.0,0.0,0.0,0.0,0.0,0.0,0.0,0.0,1.0,0.0,1.0,0.0,0.0,0.0,0.0,0.0,0.0,0.0,1.0,0,[0.21028464 0.22309103 0.23096623 0.3356581 ],[25.61388559 27.17377696 28.13302232 40.88509792],1,25.61388559,27.17377696,28.13302232,40.88509792,1.0,0.9009990367939138,0.16495983916655027,0.9376076318314912,0.48066681325112715,0.98719361811683,0.23096622898661504,0.9820576564585601
81,1,38.0,210844.0,10.0,0.0,2042.0,40.0,0.0,0.0,1.0,0.0,0.0,0.0,0.0,0.0,0.0,0.0,0.0,0.0,0.0,0.0,0.0,0.0,0.0,0.0,0.0,0.0,1.0,0.0,1.0,0.0,0.0,0.0,0.0,0.0,1.0,0.0,0.0,0.0,0.0,0.0,0.0,0.0,0.0,0.0,0.0,1.0,0.0,0.0,0.0,0.0,0.0,0.0,0.0,0.0,1.0,0.0,1.0,0.0,0.0,1.0,0.0,0.0,0.0,0.0,0.0,1,[0.20234133 0.16039072 0.23451993 0.40274802],[ 72.59480776  57.54402183  84.13965231 144.49551881],0,72.59480776,57.54402183,84.13965231,144.49551881,0.7926740713943221,0.5730905872321944,0.0,2.9075741736495075e-07,3.3664694498265236e-06,0.9580493962768397,0.1603907242887227,0.5000001277454432
82,2,54.0,50385.0,13.0,0.0,0.0,45.0,0.0,0.0,1.0,0.0,0.0,0.0,0.0,0.0,0.0,0.0,0.0,0.0,0.0,0.0,0.0,1.0,0.0,0.0,0.0,0.0,0.0,1.0,0.0,0.0,0.0,0.0,0.0,0.0,0.0,1.0,0.0,0.0,0.0,0.0,0.0,0.0,0.0,0.0,0.0,0.0,1.0,0.0,0.0,0.0,0.0,0.0,0.0,1.0,0.0,1.0,0.0,0.0,0.0,0.0,0.0,0.0,0.0,0.0,1.0,0,[0.06572643 0.18656216 0.20866693 0.53904447],[ 23.34154212  66.2541432   74.10424961 191.43179761],1,23.34154212,66.2541432,74.10424961,191.43179761,1.0,0.7910712023955385,0.3019967299217888,1.0,7.148644387977973e-18,0.879164273006649,0.2086669334778318,1.0
83,0,40.0,101272.0,9.0,0.0,0.0,32.0,0.0,0.0,1.0,0.0,0.0,0.0,0.0,0.0,0.0,0.0,0.0,0.0,0.0,0.0,0.0,0.0,0.0,1.0,0.0,0.0,0.0,1.0,0.0,0.0,0.0,0.0,0.0,1.0,0.0,0.0,0.0,0.0,0.0,0.0,0.0,0.0,0.0,0.0,0.0,0.0,1.0,0.0,0.0,0.0,0.0,0.0,0.0,0.0,1.0,1.0,0.0,0.0,0.0,0.0,0.0,0.0,0.0,0.0,1.0,2,[0.11624929 0.1095181  0.09694515 0.67728745],[ 25.97564969  24.47158018  21.66218183 151.33839573],1,25.97564969,24.47158018,21.66218183,151.33839573,1.0,0.39462246202534523,0.03326336982118458,0.9875310244904002,0.203754372249952,0.987427048927891,0.1162492932405309,0.9982131514215637
84,1,22.0,333910.0,10.0,0.0,0.0,22.0,0.0,0.0,1.0,0.0,0.0,0.0,0.0,0.0,0.0,0.0,0.0,0.0,0.0,0.0,0.0,0.0,0.0,0.0,0.0,0.0,1.0,0.0,0.0,0.0,1.0,0.0,0.0,0.0,0.0,0.0,0.0,0.0,0.0,0.0,0.0,0.0,1.0,0.0,0.0,0.0,0.0,0.0,1.0,0.0,0.0,0.0,0.0,0.0,1.0,1.0,0.0,0.0,0.0,0.0,0.0,0.0,0.0,0.0,1.0,0,[0.08638801 0.09089213 0.43428067 0.3884392 ],[ 27.78454002  29.23317904 139.67550657 124.93174492],1,27.78454002,29.23317904,139.67550657,124.93174492,1.0,0.29993843762231875,0.01294688092036194,0.8097888894664369,0.35095643878557875,0.9954958751569624,0.0908921312605748,0.9163936676432513
85,0,44.0,190020.0,13.0,0.0,0.0,50.0,0.0,1.0,0.0,0.0,0.0,0.0,0.0,0.0,0.0,0.0,0.0,0.0,0.0,0.0,0.0,1.0,0.0,0.0,0.0,0.0,0.0,0.0,1.0,0.0,0.0,0.0,0.0,0.0,0.0,0.0,0.0,0.0,0.0,0.0,1.0,0.0,0.0,0.0,0.0,1.0,0.0,0.0,0.0,0.0,0.0,0.0,0.0,0.0,1.0,0.0,1.0,0.0,0.0,0.0,0.0,0.0,0.0,0.0,1.0,0,[0.18455111 0.25325468 0.24848196 0.31371225],[22.07326473 30.29056633 29.71972423 37.52160309],0,22.07326473,30.29056633,29.71972423,37.52160309,0.7427143185593846,0.6789552802655251,0.0,0.0007473115303872069,0.004773431233542953,0.9360691494956902,0.18455110990853776,0.500269624185762
86,0,25.0,570821.0,10.0,0.0,0.0,40.0,0.0,0.0,1.0,0.0,0.0,0.0,0.0,0.0,0.0,0.0,0.0,0.0,0.0,0.0,0.0,0.0,0.0,0.0,0.0,0.0,1.0,0.0,1.0,0.0,0.0,0.0,0.0,0.0,0.0,0.0,0.0,0.0,1.0,0.0,0.0,0.0,0.0,0.0,0.0,1.0,0.0,0.0,0.0,0.0,0.0,0.0,0.0,0.0,1.0,0.0,1.0,0.0,0.0,0.0,0.0,0.0,0.0,0.0,1.0,0,[0.09982598 0.11742949 0.32684248 0.45590205],[ 22.70181498  26.7050972   74.32852035 103.67846093],0,22.70181498,26.7050972,74.32852035,103.67846093,0.8500929545071982,0.33268894265882665,0.0,0.017928328698983642,0.06482255879393152,0.9823964923203492,0.0998259808778711,0.5065246001493455
87,0,26.0,102106.0,6.0,0.0,0.0,40.0,0.0,0.0,1.0,0.0,0.0,0.0,1.0,0.0,0.0,0.0,0.0,0.0,0.0,0.0,0.0,0.0,0.0,0.0,0.0,0.0,0.0,0.0,1.0,0.0,0.0,0.0,0.0,1.0,0.0,0.0,0.0,0.0,0.0,0.0,0.0,0.0,0.0,0.0,0.0,0.0,0.0,0.0,0.0,0.0,1.0,0.0,0.0,0.0,1.0,1.0,0.0,0.0,0.0,0.0,0.0,0.0,0.0,0.0,1.0,0,[0.19070395 0.20658623 0.27917747 0.32353235],[55.57592637 60.20442093 81.35933455 94.28546149],0,55.57592637,60.20442093,81.35933455,94.28546149,0.9231203541297293,0.706925302741569,0.0,0.009674936512138466,0.03931519555958651,0.9841177239995927,0.19070395139162702,0.5035064296714151
88,0,55.0,130957.0,9.0,0.0,0.0,45.0,0.0,0.0,1.0,0.0,0.0,0.0,0.0,0.0,0.0,0.0,0.0,0.0,0.0,0.0,0.0,0.0,0.0,1.0,0.0,0.0,0.0,0.0,1.0,0.0,0.0,0.0,0.0,0.0,1.0,0.0,0.0,0.0,0.0,0.0,0.0,0.0,0.0,0.0,0.0,1.0,0.0,0.0,0.0,0.0,0.0,0.0,0.0,0.0,1.0,0.0,1.0,0.0,0.0,0.0,0.0,0.0,0.0,0.0,1.0,0,[0.08949321 0.14266334 0.1430936  0.62474985],[ 15.03136963  23.9618786   24.03414529 104.93361333],0,15.03136963,23.9618786,24.03414529,104.93361333,0.6273034714971262,0.29486834408849316,0.0,0.00025529321951900386,0.001835191498093744,0.9468298676137233,0.08949320983372343,0.5000921047082006
89,0,76.0,253408.0,10.0,0.0,0.0,40.0,0.0,0.0,0.0,0.0,1.0,0.0,0.0,0.0,0.0,0.0,0.0,0.0,0.0,0.0,0.0,0.0,0.0,0.0,0.0,0.0,1.0,0.0,0.0,0.0,0.0,0.0,1.0,0.0,0.0,0.0,0.0,0.0,0.0,0.0,0.0,0.0,0.0,0.0,1.0,0.0,1.0,0.0,0.0,0.0,0.0,0.0,0.0,0.0,1.0,0.0,1.0,0.0,0.0,0.0,0.0,0.0,0.0,0.0,1.0,0,[0.12143603 0.19251125 0.18368571 0.50236701],[ 37.40144106  59.29210947  56.57390317 154.72549941],0,37.40144106,59.29210947,56.57390317,154.72549941,0.661107665613076,0.41466312941117994,0.0,5.026432603472131e-09,7.375154855003421e-08,0.9377503221539933,0.12143602859160418,0.5000000354339693
90,1,32.0,335569.0,9.0,0.0,0.0,40.0,0.0,0.0,1.0,0.0,0.0,0.0,0.0,0.0,0.0,0.0,0.0,0.0,0.0,0.0,0.0,0.0,0.0,1.0,0.0,0.0,0.0,0.0,1.0,0.0,0.0,0.0,0.0,0.0,1.0,0.0,0.0,0.0,0.0,0.0,0.0,0.0,0.0,0.0,0.0,1.0,0.0,0.0,0.0,0.0,0.0,0.0,0.0,0.0,1.0,0.0,1.0,0.0,0.0,0.0,0.0,0.0,0.0,0.0,1.0,1,[0.12134491 0.11176129 0.16934225 0.59755156],[ 22.01743232  20.27853065  30.72631036 108.42276489],0,22.01743232,20.27853065,30.72631036,108.42276489,0.9210215957225196,0.3774704364208219,0.0,0.14947348470238297,0.30443338412287424,0.9904163724340479,0.1117612851187518,0.5581289503299612
91,1,34.0,377017.0,14.0,0.0,0.0,40.0,0.0,0.0,0.0,0.0,0.0,1.0,0.0,0.0,0.0,0.0,0.0,0.0,0.0,0.0,0.0,0.0,0.0,0.0,1.0,0.0,0.0,0.0,0.0,0.0,1.0,0.0,0.0,0.0,0.0,0.0,0.0,0.0,0.0,0.0,1.0,0.0,0.0,0.0,0.0,0.0,0.0,0.0,0.0,1.0,0.0,0.0,0.0,0.0,1.0,0.0,1.0,0.0,0.0,0.0,0.0,0.0,0.0,0.0,1.0,0,[0.15700679 0.28136735 0.28505449 0.27657137],[ 64.86313999 116.2393642  117.76260821 114.2580372 ],1,64.86313999,116.2393642,117.76260821,114.2580372,1.0,1.0,0.9712049277199483,1.0,1.4796479501496425e-20,0.8804354167571915,0.2813673460619807,1.0
92,0,20.0,89991.0,10.0,0.0,0.0,32.0,0.0,0.0,1.0,0.0,0.0,0.0,0.0,0.0,0.0,0.0,0.0,0.0,0.0,0.0,0.0,0.0,0.0,0.0,0.0,0.0,1.0,0.0,0.0,0.0,1.0,0.0,0.0,0.0,0.0,0.0,0.0,0.0,0.0,1.0,0.0,0.0,0.0,0.0,0.0,0.0,0.0,0.0,1.0,0.0,0.0,0.0,0.0,0.0,1.0,1.0,0.0,0.0,0.0,0.0,0.0,0.0,0.0,0.0,1.0,0,[0.05428664 0.06298696 0.34585219 0.5368742 ],[ 21.77677433  25.26685922 138.73662603 215.36401138],0,21.77677433,25.26685922,138.73662603,215.36401138,0.8618710437861111,0.17220854071533842,0.0,0.029595666061131953,0.09618003638190227,0.9912996765935632,0.05428663926280323,0.510833919083699
93,3,30.0,143766.0,13.0,0.0,0.0,40.0,0.0,0.0,1.0,0.0,0.0,0.0,0.0,0.0,0.0,0.0,0.0,0.0,0.0,0.0,0.0,1.0,0.0,0.0,0.0,0.0,0.0,0.0,1.0,0.0,0.0,0.0,0.0,0.0,0.0,0.0,0.0,0.0,0.0,0.0,1.0,0.0,0.0,0.0,0.0,1.0,0.0,0.0,0.0,0.0,0.0,0.0,0.0,0.0,1.0,0.0,1.0,0.0,0.0,0.0,0.0,0.0,0.0,0.0,1.0,0,[0.20155477 0.20278625 0.24235642 0.35330255],[22.81217209 22.95155251 27.430144   39.98713875],1,22.81217209,22.95155251,27.430144,39.98713875,1.0,1.0,0.9999999999417757,0.9999999815114834,0.5193014342625524,0.9987685175873391,0.3533025521321859,0.9999999999930258
94,0,54.0,377701.0,9.0,0.0,0.0,32.0,0.0,0.0,1.0,0.0,0.0,0.0,0.0,0.0,0.0,0.0,0.0,0.0,0.0,0.0,0.0,0.0,0.0,1.0,0.0,0.0,0.0,0.0,1.0,0.0,0.0,0.0,0.0,0.0,0.0,0.0,0.0,0.0,0.0,1.0,0.0,0.0,0.0,0.0,0.0,1.0,0.0,0.0,0.0,0.0,0.0,0.0,0.0,0.0,1.0,0.0,1.0,0.0,0.0,0.0,1.0,0.0,0.0,0.0,0.0,1,[0.14993339 0.13740225 0.26222582 0.45043855],[ 66.34386049  60.79897314 116.03201605 199.31406168],1,66.34386049,60.79897314,116.03201605,199.31406168,1.0,0.5291351860354535,0.04003092665503172,0.996107824874324,0.01838097497278668,0.9874688671113924,0.14993338541736712,0.9996663911923516
95,0,51.0,41806.0,7.0,0.0,0.0,40.0,0.0,0.0,1.0,0.0,0.0,0.0,0.0,1.0,0.0,0.0,0.0,0.0,0.0,0.0,0.0,0.0,0.0,0.0,0.0,0.0,0.0,0.0,1.0,0.0,0.0,0.0,0.0,0.0,0.0,0.0,0.0,0.0,1.0,0.0,0.0,0.0,0.0,0.0,0.0,1.0,0.0,0.0,0.0,0.0,0.0,0.0,0.0,0.0,1.0,0.0,1.0,0.0,0.0,0.0,0.0,0.0,0.0,0.0,1.0,0,[0.08817531 0.19190987 0.32727646 0.39263835],[ 25.78554416  56.12115648  95.70707827 114.82118149],0,25.78554416,56.12115648,95.70707827,114.82118149,0.459462095524168,0.2901061385017405,0.0,6.683542608243442e-14,1.5121009917945729e-12,0.8962654387204511,0.08817531298118973,0.5000000447679281
96,2,36.0,192939.0,14.0,0.0,1977.0,60.0,0.0,0.0,1.0,0.0,0.0,0.0,0.0,0.0,0.0,0.0,0.0,0.0,0.0,0.0,0.0,0.0,0.0,0.0,1.0,0.0,0.0,0.0,1.0,0.0,0.0,0.0,0.0,0.0,0.0,0.0,0.0,0.0,0.0,0.0,1.0,0.0,0.0,0.0,0.0,1.0,0.0,0.0,0.0,0.0,0.0,0.0,0.0,0.0,1.0,0.0,1.0,0.0,0.0,0.0,0.0,0.0,0.0,0.0,1.0,2,[0.20456285 0.45523602 0.10451625 0.23568488],[39.44556828 87.78252618 20.15372265 45.44678501],0,39.44556828,87.78252618,20.15372265,45.44678501,0.5109248903813505,0.35014454988777854,0.0,4.194998126649807e-09,6.144901737707434e-08,0.8999534020482378,0.10451625136686689,0.500000018480531
97,1,78.0,454321.0,2.0,0.0,0.0,20.0,0.0,0.0,1.0,0.0,0.0,0.0,0.0,0.0,0.0,1.0,0.0,0.0,0.0,0.0,0.0,0.0,0.0,0.0,0.0,0.0,0.0,0.0,0.0,0.0,0.0,0.0,1.0,0.0,0.0,0.0,0.0,1.0,0.0,0.0,0.0,0.0,0.0,0.0,0.0,0.0,0.0,1.0,0.0,0.0,0.0,0.0,0.0,0.0,1.0,0.0,1.0,0.0,0.0,0.0,0.0,1.0,0.0,0.0,0.0,1,[0.18666691 0.13919993 0.35185903 0.32227414],[145.25433809 108.31803759 273.79812807 250.77672999],0,145.25433809,108.31803759,273.79812807,250.77672999,0.745712926812142,0.4851298131468356,0.0,0.0,2.423072723714081e-15,0.9525330183049986,0.13919992630347483,0.5000001008823569
98,0,50.0,180607.0,9.0,0.0,0.0,40.0,0.0,0.0,1.0,0.0,0.0,0.0,0.0,0.0,0.0,0.0,0.0,0.0,0.0,0.0,0.0,0.0,0.0,1.0,0.0,0.0,0.0,0.0,0.0,0.0,1.0,0.0,0.0,1.0,0.0,0.0,0.0,0.0,0.0,0.0,0.0,0.0,0.0,0.0,0.0,0.0,0.0,0.0,1.0,0.0,0.0,0.0,0.0,0.0,1.0,1.0,0.0,0.0,0.0,0.0,0.0,0.0,0.0,0.0,1.0,0,[0.07056115 0.08950414 0.33206662 0.50786809],[ 20.22207541  25.65093568  95.16676576 145.54959729],0,20.22207541,25.65093568,95.16676576,145.54959729,0.7883562479546805,0.22775403181458215,0.0,0.0043689229508714345,0.02026753306371105,0.9810570078312497,0.07056114857925917,0.5015792535397885
99,0,60.0,154474.0,9.0,0.0,0.0,42.0,0.0,0.0,0.0,0.0,1.0,0.0,0.0,0.0,0.0,0.0,0.0,0.0,0.0,0.0,0.0,0.0,0.0,1.0,0.0,0.0,0.0,0.0,0.0,0.0,1.0,0.0,0.0,0.0,0.0,0.0,1.0,0.0,0.0,0.0,0.0,0.0,0.0,0.0,0.0,0.0,0.0,0.0,0.0,1.0,0.0,0.0,0.0,0.0,1.0,0.0,1.0,0.0,0.0,0.0,0.0,0.0,0.0,0.0,1.0,0,[0.07211538 0.16128944 0.31562329 0.45097189],[ 28.5140606   63.77303883 124.79587283 178.31202919],0,28.5140606,63.77303883,124.79587283,178.31202919,0.44711779652782285,0.23316060409438005,0.0,4.440892098500626e-16,1.2697889617558417e-14,0.9108259383638933,0.07211537954541809,0.5000000779664722
