index,true_label,Elevation,Aspect,Slope,Horizontal_Distance_To_Hydrology,Vertical_Distance_To_Hydrology,Horizontal_Distance_To_Roadways,Hillshade_9am,Hillshade_Noon,Hillshade_3pm,Horizontal_Distance_To_Fire_Points,Wilderness_Area1,Wilderness_Area2,Wilderness_Area3,Wilderness_Area4,Soil_Type1,Soil_Type2,Soil_Type3,Soil_Type4,Soil_Type5,Soil_Type6,Soil_Type7,Soil_Type8,Soil_Type9,Soil_Type10,Soil_Type11,Soil_Type12,Soil_Type13,Soil_Type14,Soil_Type15,Soil_Type16,Soil_Type17,Soil_Type18,Soil_Type19,Soil_Type20,Soil_Type21,Soil_Type22,Soil_Type23,Soil_Type24,Soil_Type25,Soil_Type26,Soil_Type27,Soil_Type28,Soil_Type29,Soil_Type30,Soil_Type31,Soil_Type32,Soil_Type33,Soil_Type34,Soil_Type35,Soil_Type36,Soil_Type37,Soil_Type38,Soil_Type39,Soil_Type40,label,description_lengths,description_lengths_unnormalized,is_error,L_0,L_1,L_2,L_3,L_4,L_5,r_min,r_med,relative_position,pseudo_probability,normalized_entropy,description_length_margin,description_length_true_cost,kullback_leibler_divergence
3906,3,2115,135,16,0,0,1142,244,231,111,1390,0,0,0,1,0,0,0,0,0,0,0,0,0,0,0,0,0,0,0,0,1,0,0,0,0,0,0,0,0,0,0,0,0,0,0,0,0,0,0,0,0,0,0,0,1,[0.16708055 0.1060389  0.11957497 0.17012675 0.15843205 0.27874678],"[112.40552472  71.3389947   80.44555407 114.45489951 106.58713977
 187.53038141]",1,112.40552472,71.3389947,80.44555407,114.45489951,106.58713977,187.53038141,1.0,1.0,0.3710766006884929,1.0,0.0006256757845786906,0.9864639312554335,0.1701267542408615,1.0
14843,0,3292,201,30,190,32,2291,193,249,173,3698,0,1,0,0,0,0,0,0,0,0,0,0,0,0,0,0,0,0,0,0,0,0,0,0,0,0,0,0,0,0,0,0,0,0,0,1,0,0,0,0,0,0,0,0,0,[0.04732398 0.0845691  0.24602821 0.18306304 0.18515891 0.25385676],"[ 37.59037989  67.17491846 195.42509277 145.41061034 147.07540374
 201.6434679 ]",0,37.59037989,67.17491846,195.42509277,145.41061034,147.07540374,201.6434679,0.5595895127408899,0.24837395811213558,0.0,1.4166445794216997e-13,2.4199664834313044e-12,0.9627548805313118,0.047323982645994155,0.5000001659681439
18187,1,2998,161,17,511,20,6404,235,242,131,2929,1,0,0,0,0,0,0,0,0,0,0,0,0,0,0,0,0,0,0,0,0,0,0,0,0,0,0,0,0,0,0,0,0,1,0,0,0,0,0,0,0,0,0,0,1,[0.0482404  0.04290248 0.25555291 0.16983188 0.18363659 0.29983575],"[ 36.97190697  32.88087307 195.8582281  130.16079759 140.74085969
 229.79702355]",0,36.97190697,32.88087307,195.8582281,130.16079759,140.74085969,229.79702355,0.8893475009496016,0.22412802576428326,0.0,0.016446911608450465,0.046807921438360156,0.9946620796176354,0.04290247571654091,0.5059811730671784
22164,1,2774,165,13,60,1,4097,231,244,141,5376,1,0,0,0,0,0,0,0,0,0,0,0,0,0,0,0,0,0,0,0,0,0,0,0,0,0,0,0,0,0,0,0,0,1,0,0,0,0,0,0,0,0,0,0,1,[0.08589982 0.04185636 0.20411397 0.20385714 0.17854354 0.28572915],"[ 64.57771269  31.46674999 153.44866663 153.25558922 134.22534727
 214.80527375]",0,64.57771269,31.46674999,153.44866663,153.25558922,134.22534727,214.80527375,0.48726950334345653,0.21842426778215077,0.0,4.218847493575595e-15,7.940654679280357e-14,0.9559565407586547,0.04185636440713243,0.5000001638766359
24978,1,2506,137,10,134,24,1140,235,237,132,4624,1,0,0,0,0,0,0,0,0,0,0,0,0,0,0,0,0,0,0,0,0,1,0,0,0,0,0,0,0,0,0,0,0,0,0,0,0,0,0,0,0,0,0,0,1,[0.09583604 0.08596267 0.19696302 0.15614986 0.18071302 0.2843754 ],"[ 65.28971056  58.56333614 134.18395838 106.37938997 123.11340494
 193.73492985]",0,65.28971056,58.56333614,134.18395838,106.37938997,123.11340494,193.73492985,0.8969765011484379,0.47023610940996163,0.0,0.0011974361211365414,0.005163950558499053,0.9901266363494704,0.08596267144736536,0.5004322222697035
28396,1,2821,178,6,134,33,3197,223,244,155,6523,1,0,0,0,0,0,0,0,0,0,0,0,0,0,0,0,0,0,0,0,0,0,0,0,0,0,0,0,0,0,0,0,0,1,0,0,0,0,0,0,0,0,0,0,1,[0.06214336 0.04429455 0.20505706 0.18937572 0.20403392 0.2950954 ],"[ 43.50516835  31.00962122 143.55583601 132.5776823  142.83955986
 206.58965568]",0,43.50516835,31.00962122,143.55583601,132.5776823,142.83955986,206.58965568,0.7127801683196389,0.23173747476006382,0.0,3.7432704631523706e-06,2.8194347963124126e-05,0.9821511951005951,0.04429455336384509,0.5000014963203525
28833,1,2642,343,20,42,16,1758,175,205,166,5041,1,0,0,0,0,0,0,0,0,0,0,0,0,0,0,1,0,0,0,0,0,0,0,0,0,0,0,0,0,0,0,0,0,0,0,0,0,0,0,0,0,0,0,0,1,[0.09819878 0.05204218 0.18197389 0.1884106  0.17792217 0.30145238],"[ 65.50698756  34.71658668 121.39215259 125.68599178 118.68930847
 201.09452916]",0,65.50698756,34.71658668,121.39215259,125.68599178,118.68930847,201.09452916,0.529967686999375,0.2744962857987891,0.0,4.241051954068098e-14,7.531851158942657e-13,0.9538434004575025,0.05204218012997697,0.5000001262970396
31183,1,3126,210,17,404,56,6152,205,254,180,2022,1,0,0,0,0,0,0,0,0,0,0,0,0,0,0,0,0,0,0,0,0,0,0,0,0,0,0,0,0,0,0,0,1,0,0,0,0,0,0,0,0,0,0,0,1,[0.04794562 0.04247138 0.26054031 0.17529884 0.17236065 0.3013832 ],"[ 36.32450107  32.1771152  197.39021765 132.80968092 130.5836569
 228.33355838]",0,36.32450107,32.1771152,197.39021765,132.80968092,130.5836569,228.33355838,0.8858240100010322,0.22177605018790275,0.0,0.015559748219298952,0.04476848198313885,0.994525761171008,0.04247138292747985,0.5056560349198339
42008,0,3172,317,8,836,0,4269,200,233,173,2106,1,0,0,0,0,0,0,0,0,0,0,0,0,0,0,0,0,0,0,0,0,0,0,0,0,0,1,0,0,0,0,0,0,0,0,0,0,0,0,0,0,0,0,0,0,[0.03925148 0.04477633 0.2441983  0.18509344 0.21601536 0.27066509],"[ 28.3536253   32.3445431  176.39861608 133.70374058 156.04043902
 195.51711416]",0,28.3536253,32.3445431,176.39861608,133.70374058,156.04043902,195.51711416,0.876612330292073,0.20427552863444692,0.0,0.018147330429367226,0.0506421305018215,0.9944751530851317,0.03925148226907541,0.5066051596209309
46318,0,3241,278,9,845,66,4160,196,242,185,2489,1,0,0,0,0,0,0,0,0,0,0,0,0,0,0,0,0,0,0,0,0,0,0,0,0,0,1,0,0,0,0,0,0,0,0,0,0,0,0,0,0,0,0,0,0,[0.04201196 0.05054198 0.25588889 0.20007163 0.18585216 0.26563338],"[ 28.56098976  34.35995494 173.96094539 136.01469612 126.34787756
 180.58554491]",0,28.56098976,34.35995494,173.96094539,136.01469612,126.34787756,180.58554491,0.8312289643290426,0.21927182876857432,0.0,0.0030215320162930714,0.01146798181224011,0.9914699776327157,0.042011957982575336,0.501091579531933
65836,0,3142,64,7,60,-3,3502,227,226,133,4915,1,0,0,0,0,0,0,0,0,0,0,0,0,0,0,0,0,0,0,0,0,0,0,0,0,0,0,0,0,0,0,0,1,0,0,0,0,0,0,0,0,0,0,0,1,[0.04387163 0.03974608 0.31237279 0.16900956 0.19305072 0.24194922],"[ 31.61534691  28.64233696 225.10616786 121.7938841  139.11873421
 174.356616  ]",1,31.61534691,28.64233696,225.10616786,121.7938841,139.11873421,174.356616,1.0,0.22942331607957023,0.015132607036956977,0.9513398041976178,0.10858109992018448,0.9958744470555285,0.04387162832570979,0.9873967183465066
71420,1,2953,122,15,300,31,4214,244,227,109,4469,1,0,0,0,0,0,0,0,0,0,0,0,0,0,0,1,0,0,0,0,0,0,0,0,0,0,0,0,0,0,0,0,0,0,0,0,0,0,0,0,0,0,0,0,1,[0.08773122 0.03940754 0.24210164 0.20123518 0.19176515 0.23775927],"[ 62.27908062  27.97482597 171.8643319  142.85384436 136.1312107
 168.78175263]",0,62.27908062,27.97482597,171.8643319,142.85384436,136.1312107,168.78175263,0.4491849540978471,0.2051210345636101,0.0,1.3322676295501878e-15,2.4887408841694853e-14,0.9516763244492216,0.03940754368682283,0.5000001563231347
80528,0,3064,76,4,360,23,2721,225,232,143,6499,1,0,0,0,0,0,0,0,0,0,0,0,0,0,0,0,0,0,0,0,0,0,0,0,0,0,0,0,0,0,0,0,1,0,0,0,0,0,0,0,0,0,0,0,1,[0.05023394 0.04622686 0.21140597 0.20593599 0.19060869 0.29558855],"[ 36.40554639  33.50154061 153.21016749 149.24596296 138.13796583
 214.21898763]",1,36.40554639,33.50154061,153.21016749,149.24596296,138.13796583,214.21898763,1.0,0.2644542560396937,0.016069316094657664,0.948044102052876,0.11398543611932895,0.9959929281720563,0.050233935595082005,0.9861642790889943
89530,1,2710,18,7,474,79,1368,215,226,148,1639,1,0,0,0,0,0,0,0,0,0,0,0,0,0,0,1,0,0,0,0,0,0,0,0,0,0,0,0,0,0,0,0,0,0,0,0,0,0,0,0,0,0,0,0,1,[0.09962872 0.04152207 0.17179228 0.22102951 0.19710574 0.26892168],"[ 62.05073281  25.86076446 106.99562891 137.66154672 122.76135144
 167.4897342 ]",0,62.05073281,25.86076446,106.99562891,137.66154672,122.76135144,167.4897342,0.4167680749036303,0.21660419489649008,0.0,2.220446049250313e-16,3.9983297721646916e-15,0.9418933522038903,0.04152206815111437,0.5000001294958889
99397,1,2656,14,9,124,7,537,212,222,147,1405,1,0,0,0,0,0,0,0,0,0,0,0,0,0,0,1,0,0,0,0,0,0,0,0,0,0,0,0,0,0,0,0,0,0,0,0,0,0,0,0,0,0,0,0,1,[0.09862594 0.04217511 0.1619946  0.21718124 0.19181335 0.28820976],"[ 64.2728228   27.48479141 105.56908211 141.53326219 125.00145197
 187.82132655]",0,64.2728228,27.48479141,105.56908211,141.53326219,125.00145197,187.82132655,0.42762695354298913,0.2201608608506384,0.0,0.0,2.165647692950713e-15,0.9435491700185239,0.04217511044594783,0.5000001363915443
102345,1,3001,318,12,446,64,4855,189,229,180,1706,1,0,0,0,0,0,0,0,0,0,0,0,0,0,0,0,0,0,0,0,0,0,0,0,0,0,0,0,0,0,0,0,1,0,0,0,0,0,0,0,0,0,0,0,1,[0.05005115 0.04264041 0.24144182 0.20097908 0.19409684 0.2707907 ],"[ 32.00058106  27.26247065 154.36764758 128.49748689 124.09727547
 173.13207558]",0,32.00058106,27.26247065,154.36764758,128.49748689,124.09727547,173.13207558,0.8519367382120925,0.2226980099848112,0.0,0.008679186464750743,0.027816241262926023,0.9925892632305231,0.04264041488909525,0.5031441093862905
106232,0,3129,54,6,127,16,3556,224,226,137,3986,1,0,0,0,0,0,0,0,0,0,0,0,0,0,0,0,0,0,0,0,0,0,0,0,0,0,0,0,0,0,0,0,1,0,0,0,0,0,0,0,0,0,0,0,1,[0.04537902 0.0378912  0.2702719  0.18475938 0.20695701 0.25474149],"[ 29.90022757  24.96650391 178.08208604 121.73790717 136.3639191
 167.84910596]",1,29.90022757,24.96650391,178.08208604,121.73790717,136.3639191,167.84910596,1.0,0.2376808448608472,0.0322222179567517,0.9928518200745982,0.02368677029773755,0.9925121785797241,0.0453790240189033,0.9991984880723918
110336,1,2939,337,8,134,10,4894,203,229,165,2223,1,0,0,0,0,0,0,0,0,0,0,0,0,0,0,0,0,0,0,0,0,0,0,0,0,0,0,0,0,0,0,0,1,0,0,0,0,0,0,0,0,0,0,0,1,[0.052639   0.03807177 0.23408491 0.19310989 0.19900003 0.28309439],"[ 33.79964984  24.44599176 150.30656667 123.99639787 127.77847309
 181.77569212]",0,33.79964984,24.44599176,150.30656667,123.99639787,127.77847309,181.77569212,0.7232616868813319,0.1978930092536937,0.0,8.664036658778684e-05,0.0005006522918548643,0.9854327710495321,0.03807177425595755,0.5000313897729435
112889,1,2981,35,13,642,78,3271,218,211,127,1368,1,0,0,0,0,0,0,0,0,0,0,0,0,0,0,1,0,0,0,0,0,0,0,0,0,0,0,0,0,0,0,0,0,0,0,0,0,0,0,0,0,0,0,0,1,[0.08558029 0.03272921 0.2366742  0.16524073 0.18413644 0.29563914],"[ 60.31243586  23.06580541 166.79538679 116.45287405 129.76956591
 208.35073803]",0,60.31243586,23.06580541,166.79538679,116.45287405,129.76956591,208.35073803,0.38243863111678944,0.1691832791890588,0.0,0.0,1.3861212054406481e-15,0.9471489191150664,0.032729208861899846,0.5000001650932353
115205,1,2922,118,22,297,120,4488,251,215,80,418,1,0,0,0,0,0,0,0,0,0,0,0,0,0,0,0,0,0,0,0,0,0,0,0,0,0,0,0,0,0,0,0,0,1,0,0,0,0,0,0,0,0,0,0,1,[0.05169365 0.0433787  0.20671324 0.20505679 0.19544746 0.29771015],"[ 35.66381595  29.92726937 142.61291581 141.47012292 134.84057877
 205.39232805]",0,35.66381595,29.92726937,142.61291581,141.47012292,134.84057877,205.39232805,0.8391493891488876,0.22672869014766958,0.0,0.00321551651162022,0.012092391866962973,0.9916850440373717,0.043378698912833455,0.5011617638413263
124735,1,2768,96,7,218,19,1934,232,229,129,2362,1,0,0,0,0,0,0,0,0,0,0,0,0,0,0,1,0,0,0,0,0,0,0,0,0,0,0,0,0,0,0,0,0,0,0,0,0,0,0,0,0,0,0,0,1,[0.09903125 0.03631315 0.17424458 0.18941617 0.21846957 0.28252528],"[ 59.54946507  21.83582189 104.7767406  113.8997225  131.37011279
 169.8880874 ]",0,59.54946507,21.83582189,104.7767406,113.8997225,131.37011279,169.8880874,0.3666837622129007,0.18840741981673617,0.0,0.0,8.798155909513213e-16,0.9372819026472383,0.03631315056299961,0.5000001304516192
129193,1,2727,29,2,601,110,1165,218,233,152,805,1,0,0,0,0,0,0,0,0,0,0,0,0,0,0,1,0,0,0,0,0,0,0,0,0,0,0,0,0,0,0,0,0,0,0,0,0,0,0,0,0,0,0,0,1,[0.09177576 0.03983449 0.19014868 0.19825946 0.17721353 0.30276807],"[ 66.29127177  28.77316395 137.34778783 143.20635419 128.00450151
 218.69479069]",0,66.29127177,28.77316395,137.34778783,143.20635419,128.00450151,218.69479069,0.43404151378171635,0.20743553877121976,0.0,0.0,1.0642753929298076e-15,0.948058729568653,0.03983448997648395,0.5000001590796902
133605,1,2584,29,18,421,60,934,211,199,119,330,1,0,0,0,0,0,0,0,0,0,0,0,0,0,0,0,0,0,0,0,0,0,0,0,0,1,0,0,0,0,0,0,0,0,0,0,0,0,0,0,0,0,0,0,0,[0.06506695 0.09345098 0.17053296 0.21042889 0.23360579 0.22691443],"[ 41.10655492  59.03838808 107.73552976 132.94009501 147.58228135
 143.3549601 ]",1,41.10655492,59.03838808,107.73552976,132.94009501,147.58228135,143.3549601,1.0,0.515421565083025,0.16841240497777168,0.9999999836956383,1.722728193381009e-07,0.97161596912888,0.09345098266818151,0.9999999999941827
135326,1,2842,54,8,342,44,1956,225,222,130,1537,1,0,0,0,0,0,0,0,0,0,0,0,0,0,0,1,0,0,0,0,0,0,0,0,0,0,0,0,0,0,0,0,0,0,0,0,0,0,0,0,0,0,0,0,1,[0.09749214 0.04032741 0.22134698 0.18319881 0.20989373 0.24774093],"[ 59.21294071  24.49330425 134.4375699  111.26784903 127.4813061
 150.46822866]",0,59.21294071,24.49330425,134.4375699,111.26784903,127.4813061,150.46822866,0.4136478269090574,0.21011025384236615,0.0,8.881784197001252e-16,1.666715069917833e-14,0.9428352740723062,0.0403274102863365,0.5000001268796344
135345,1,2787,91,11,495,3,1718,237,223,117,972,1,0,0,0,0,0,0,0,0,0,0,0,0,0,0,1,0,0,0,0,0,0,0,0,0,0,0,0,0,0,0,0,0,0,0,0,0,0,0,0,0,0,0,0,1,[0.09485559 0.03681445 0.17597128 0.17791233 0.20773203 0.30671432],"[ 60.147287    23.34378994 111.58219169 112.81299773 131.72146872
 194.48546576]",0,60.147287,23.34378994,111.58219169,112.81299773,131.72146872,194.48546576,0.3881104386239714,0.1911077564971327,0.0,0.0,2.1333086326932723e-15,0.9419588524034205,0.036814446060987646,0.5000001390087636
140285,1,2836,195,16,150,42,2308,215,252,166,1605,1,0,0,0,0,0,0,0,0,0,0,0,0,0,0,0,0,0,0,0,0,0,0,0,0,0,0,0,0,0,0,0,0,1,0,0,0,0,0,0,0,0,0,0,0,[0.04183169 0.04242141 0.18622875 0.20210265 0.19435604 0.33305945],"[ 24.01449554  24.35303816 106.90911479 116.02191164 111.5747813
 191.20082774]",1,24.01449554,24.35303816,106.90911479,116.02191164,111.5747813,191.20082774,1.0,0.22150356595383894,0.002024941964711497,0.5838364645297502,0.3789702060484862,0.999410280695108,0.04242141428374552,0.7798475163413336
148017,0,3064,350,15,67,30,4935,191,213,159,335,1,0,0,0,0,0,0,0,0,0,0,0,0,0,0,0,0,0,0,0,0,0,0,0,0,0,0,0,0,0,0,0,0,1,0,0,0,0,0,0,0,0,0,0,1,[0.09558234 0.04223525 0.21188071 0.22000438 0.17933378 0.25096353],"[ 66.33686993  29.31246851 147.05125426 152.68931473 124.46275836
 174.17584262]",1,66.33686993,29.31246851,147.05125426,152.68931473,124.46275836,174.17584262,1.0,0.5284192576637713,0.2555815204996569,0.9999999999999999,1.7207394080484855e-15,0.9466529098282022,0.09558234154081127,1.0
152662,1,2679,57,16,218,9,1182,229,204,103,1761,1,0,0,0,0,0,0,0,0,0,0,0,0,0,0,0,0,0,0,0,0,0,0,0,0,0,0,0,0,0,0,0,0,1,0,0,0,0,0,0,0,0,0,0,1,[0.06385592 0.04812708 0.19849764 0.20269426 0.23808499 0.2487401 ],"[ 35.32991118  26.62753043 109.82385961 112.14574759 131.72656382
 137.62177852]",0,35.32991118,26.62753043,109.82385961,112.14574759,131.72656382,137.62177852,0.753682348466247,0.25280203733614054,0.0,0.0001661620691237875,0.0008997756084768354,0.9842711588312357,0.04812708256299946,0.5000600380313577
161716,1,3144,234,15,424,83,5916,193,252,194,1852,1,0,0,0,0,0,0,0,0,0,0,0,0,0,0,0,0,0,0,0,0,0,0,0,0,0,0,0,0,0,0,0,0,1,0,0,0,0,0,0,0,0,0,0,1,[0.05780934 0.04633956 0.26052575 0.18339695 0.18613351 0.26579489],"[ 40.07061511  32.12032085 180.58373575 127.1218158  129.0186658
 184.23605068]",0,40.07061511,32.12032085,180.58373575,127.1218158,129.0186658,184.23605068,0.8015929069474773,0.2429562798728896,0.0,0.00035243415190400196,0.0017605328947771207,0.9885302164748123,0.04633955862019545,0.5001272774695757
164734,1,2917,20,5,42,4,1590,217,229,150,1785,1,0,0,0,0,0,0,0,0,0,0,0,0,0,0,0,0,0,0,0,0,0,0,0,0,0,0,0,0,0,0,0,1,0,0,0,0,0,0,0,0,0,0,0,0,[0.03577463 0.04155098 0.17327756 0.18598822 0.23938816 0.32402045],"[ 22.25488283  25.8482731  107.79349424 115.70061053 148.91995013
 201.5684923 ]",1,22.25488283,25.8482731,107.79349424,115.70061053,148.91995013,201.5684923,1.0,0.21676157683091674,0.020039696265113392,0.9732313466905473,0.06882825462270749,0.9942236411286833,0.04155098400413942,0.9946394415644833
184617,1,2917,141,3,90,2,849,224,238,150,2130,1,0,0,0,0,0,0,0,0,0,0,0,0,0,0,0,0,0,0,0,0,0,0,0,0,0,1,0,0,0,0,0,0,0,0,0,0,0,0,0,0,0,0,0,0,[0.05118786 0.0901736  0.20536904 0.19508227 0.20512246 0.25306478],"[ 31.38540279  55.28918379 125.92029218 119.61304398 125.76910289
 155.16453008]",1,31.38540279,55.28918379,125.92029218,119.61304398,125.76910289,155.16453008,1.0,0.4955539007498682,0.1931164124610697,0.9999999999584358,5.777040045897559e-10,0.9610142539233356,0.0901736039174291,0.9999999999999989
201218,0,3197,294,21,384,123,4380,155,229,212,1248,1,0,0,0,0,0,0,0,0,0,0,0,0,0,0,0,0,0,0,0,0,0,0,0,0,0,0,0,0,0,0,0,1,0,0,0,0,0,0,0,0,0,0,0,1,[0.05820672 0.04887317 0.28150033 0.18183516 0.16800289 0.26158173],"[ 41.81561532  35.1104089  202.22939716 130.63009257 120.69301069
 187.9199029 ]",1,41.81561532,35.1104089,202.22939716,130.63009257,120.69301069,187.9199029,1.0,0.3090206739252347,0.04012234929000446,0.9987769777026996,0.005259850955049809,0.9906664517029203,0.058206718885967394,0.9999371900406088
202038,1,3235,285,27,480,158,4362,134,227,228,1304,1,0,0,0,0,0,0,0,0,0,0,0,0,0,0,0,0,0,0,0,0,0,0,0,0,0,0,0,0,0,0,0,1,0,0,0,0,0,0,0,0,0,0,0,0,[0.04963434 0.05847887 0.23519304 0.1842877  0.1500321  0.32237395],"[ 38.39477842  45.23649192 181.93421623 142.55625282 116.05774247
 249.37324876]",1,38.39477842,45.23649192,181.93421623,142.55625282,116.05774247,249.37324876,1.0,0.3105552884584437,0.032428491347680555,0.9989328686383345,0.004670664972392772,0.9911554659053332,0.058478873035177084,0.9999484056644766
219059,1,2882,63,25,484,115,573,233,180,65,1485,1,0,0,0,0,0,0,0,0,0,0,0,0,0,0,0,0,0,0,0,0,0,0,0,0,0,0,0,0,0,0,0,0,1,0,0,0,0,0,0,0,0,0,0,1,[0.06105676 0.05415696 0.18410193 0.17764243 0.21275294 0.31028898],"[ 40.06688459  35.53907027 120.81202352 116.57314983 139.61349391
 203.61894317]",0,40.06688459,35.53907027,120.81202352,116.57314983,139.61349391,203.61894317,0.8869936016433618,0.2862893350394435,0.0,0.01068878053342126,0.033008409030007305,0.993100195482934,0.05415695526606139,0.5038759571240964
222569,2,2086,57,27,67,18,150,226,171,61,510,0,0,0,1,0,0,0,0,0,0,0,0,0,1,0,0,0,0,0,0,0,0,0,0,0,0,0,0,0,0,0,0,0,0,0,0,0,0,0,0,0,0,0,0,2,[0.18569924 0.06830825 0.05781371 0.17673086 0.16213117 0.34931677],"[133.08003674  48.95262103  41.43178207 126.65291596 116.190146
 250.33537863]",0,133.08003674,48.95262103,41.43178207,126.65291596,116.190146,250.33537863,0.8463649381258398,0.30680613937126927,0.0,0.0005413846729174221,0.00257467494514814,0.9895054577874591,0.05781370777741109,0.5001954457501845
224242,1,2805,238,13,400,197,1376,196,251,191,1082,0,0,1,0,0,0,0,0,0,0,0,0,0,0,0,0,0,0,0,0,0,0,0,0,0,0,0,1,0,0,0,0,0,0,0,0,0,0,0,0,0,0,0,0,0,[0.04751656 0.09171712 0.15280205 0.20464409 0.22952456 0.27379562],"[ 30.24038305  58.37040516  97.24594069 130.23913983 146.07350944
 174.24840084]",1,30.24038305,58.37040516,97.24594069,130.23913983,146.07350944,174.24840084,1.0,0.504892918816736,0.19533649960257998,0.9999999999993928,9.87065752513341e-12,0.9557994401826512,0.09171711898229529,1.0
236983,0,3094,58,8,371,-80,1501,226,224,132,1230,1,0,0,0,0,0,0,0,0,0,0,0,0,0,0,0,0,0,0,0,0,0,0,0,0,0,0,0,0,0,0,0,1,0,0,0,0,0,0,0,0,0,0,0,1,[0.04552427 0.03541603 0.2717118  0.16920883 0.19225874 0.28588034],"[ 31.38737473  24.41810048 187.33569577 116.66351335 132.55561564
 197.10440395]",1,31.38737473,24.41810048,187.33569577,116.66351335,132.55561564,197.10440395,1.0,0.23847786071277471,0.04035800240040684,0.9990605482929649,0.0041786802218771475,0.9898917606508852,0.0455242662191398,0.9999570698797973
241487,0,2658,51,22,0,0,1308,225,188,87,875,0,0,1,0,0,0,0,0,0,0,0,0,0,0,0,0,0,0,0,0,0,0,0,0,0,0,0,0,0,0,0,0,0,0,0,0,1,0,0,0,0,0,0,0,1,[0.0974642  0.0535161  0.13658195 0.19952552 0.23766291 0.27524931],"[ 55.35454127  30.39433102  77.57136428 113.32000249 134.98003301
 156.32713209]",1,55.35454127,30.39433102,77.57136428,113.32000249,134.98003301,156.32713209,1.0,0.539946468990721,0.19820261312164106,0.9999999999855483,2.0938564031378285e-10,0.9560518983498614,0.09746420331258043,0.9999999999999998
243054,4,2020,282,23,351,98,481,151,234,220,882,0,0,0,1,1,0,0,0,0,0,0,0,0,0,0,0,0,0,0,0,0,0,0,0,0,0,0,0,0,0,0,0,0,0,0,0,0,0,0,0,0,0,0,0,1,[0.17006547 0.10916084 0.13553657 0.14777923 0.12027916 0.31717873],"[126.5519273   81.23056461 100.8577124  109.96792257  89.50411877
 236.0242805 ]",1,126.5519273,81.23056461,100.8577124,109.96792257,89.50411877,236.0242805,1.0,0.6836212029857635,0.05344890205895655,0.9997448883606342,0.0013204260465029562,0.9888816717507546,0.12027916333170004,0.9999934535677101
243294,0,2956,351,22,150,31,646,175,197,156,1830,0,0,1,0,0,0,0,0,0,0,0,0,0,0,0,0,0,0,0,0,0,0,0,0,0,0,0,1,0,0,0,0,0,0,0,0,0,0,0,0,0,0,0,0,1,[0.06690926 0.04970165 0.16660136 0.23850846 0.23347945 0.24479982],"[ 37.28815201  27.69845208  92.84600019 132.9194184  130.11678089
 136.42555908]",1,37.28815201,27.69845208,92.84600019,132.9194184,130.11678089,136.42555908,1.0,0.3585356409854115,0.08819971573337088,0.9999315747300337,0.00040440998351200247,0.9827923973887289,0.06690925749297653,0.99999901941113
247117,2,2179,343,43,60,23,323,102,139,153,470,0,0,0,1,0,0,0,0,0,0,0,0,0,1,0,0,0,0,0,0,0,0,0,0,0,0,0,0,0,0,0,0,0,0,0,0,0,0,0,0,0,0,0,0,2,[0.18690789 0.09700414 0.08584852 0.17228929 0.14307856 0.3148716 ],"[157.09403747  81.53091777  72.15473752 144.80725829 120.25596401
 264.64612821]",0,157.09403747,81.53091777,72.15473752,144.80725829,120.25596401,264.64612821,0.884998470428907,0.46955301214292067,0.0,8.471101101314993e-05,0.0004905682500185388,0.9888443753966025,0.08584851652460514,0.5000306621543587
248206,2,2276,355,17,124,53,600,190,207,153,573,0,0,0,1,0,1,0,0,0,0,0,0,0,0,0,0,0,0,0,0,0,0,0,0,0,0,0,0,0,0,0,0,0,0,0,0,0,0,0,0,0,0,0,0,2,[0.17664852 0.10148221 0.07337362 0.20260483 0.20202648 0.24386433],"[113.08078313  64.96339468  46.96980557 129.6966018  129.32637406
 156.10869253]",0,113.08078313,64.96339468,46.96980557,129.6966018,129.32637406,156.10869253,0.7230195681836401,0.39591805592306056,0.0,1.5327930924513566e-08,1.624840979126362e-07,0.9718914139927067,0.0733736227685923,0.5000000955924032
252794,0,3024,203,6,67,6,1020,217,246,164,1742,0,0,1,0,0,0,0,0,0,0,0,0,0,0,0,0,0,0,0,0,0,0,1,0,0,0,0,0,0,0,0,0,0,0,0,0,0,0,0,0,0,0,0,0,1,[0.10260506 0.09138966 0.16140384 0.2156081  0.19186719 0.23712614],"[ 61.43397315  54.71883817  96.63927647 129.09365182 114.87896995
 141.97741082]",1,61.43397315,54.71883817,96.63927647,129.09365182,114.87896995,141.97741082,1.0,0.5716828738419529,0.07695673646711944,0.9987890458397772,0.005214655624824468,0.9887845956524206,0.10260506327984321,0.9999380821546021
265013,3,2249,133,26,324,123,1168,250,216,76,618,0,0,0,1,0,0,1,0,0,0,0,0,0,0,0,0,0,0,0,0,0,0,0,0,0,0,0,0,0,0,0,0,0,0,0,0,0,0,0,0,0,0,0,0,1,[0.16565313 0.09950481 0.10995778 0.16580691 0.15991146 0.29916591],"[114.04443114  68.50441065  75.70079042 114.15029916 110.09156176
 205.96173551]",1,114.04443114,68.50441065,75.70079042,114.15029916,110.09156176,205.96173551,1.0,0.993816096866884,0.3320731620243459,1.0,0.0034252233338355007,0.9895470317072874,0.16580690511878576,1.0
267077,1,2967,265,14,371,18,1583,183,245,201,1282,0,0,1,0,0,0,0,0,0,0,0,0,0,0,0,0,0,0,0,0,0,0,0,0,0,0,0,0,0,0,0,0,0,0,1,0,0,0,0,0,0,0,0,0,1,[0.1061988  0.04634756 0.15697205 0.25977433 0.21265568 0.21805158],"[ 61.65632526  26.90821776  91.13398863 150.81838239 123.46248752
 126.59521044]",0,61.65632526,26.90821776,91.13398863,150.81838239,123.46248752,126.59521044,0.4364226646024343,0.2430002799492016,0.0,8.881784197001252e-16,1.6164151325204678e-14,0.9401487650652899,0.04634756188745238,0.5000001119924398
275163,0,2903,90,6,0,0,966,230,230,134,2874,1,0,0,0,0,0,0,0,0,0,0,0,0,0,0,0,0,0,0,0,0,0,0,0,0,0,1,0,0,0,0,0,0,0,0,0,0,0,0,0,0,0,0,0,1,[0.05328194 0.04165201 0.1835343  0.18745086 0.20986286 0.32421804],"[ 34.23100885  26.75935694 117.91170123 120.42789434 134.82649454
 208.29403633]",1,34.23100885,26.75935694,117.91170123,120.42789434,134.82649454,208.29403633,1.0,0.281403422490594,0.04115826207458202,0.9994313359589813,0.002688801505358624,0.988370073647148,0.05328194042023066,0.9999791916681624
275256,1,2895,227,8,342,27,1071,209,248,176,511,0,0,1,0,0,0,0,0,0,0,0,0,0,0,0,0,0,0,0,0,0,0,0,0,0,0,0,0,0,0,0,0,0,0,0,1,0,0,0,0,0,0,0,0,1,[0.06648632 0.05162113 0.15351435 0.24206448 0.24242656 0.24388716],"[ 33.9898833   26.39033293  78.48132402 123.75091687 123.93601999
 124.68272712]",0,33.9898833,26.39033293,78.48132402,123.75091687,123.93601999,124.68272712,0.7764172855875496,0.2721545819659103,0.0,0.0005004259504992614,0.002401864477276809,0.985134807290507,0.05162113093174085,0.5001806237803785
276822,0,3104,43,20,67,10,2807,219,191,98,3992,1,0,0,0,0,0,0,0,0,0,0,0,0,0,0,0,0,0,0,0,0,0,0,0,0,1,0,0,0,0,0,0,0,0,0,0,0,0,0,0,0,0,0,0,1,[0.04920735 0.04285916 0.2331741  0.1796008  0.22089757 0.27426102],"[ 35.53646313  30.95194302 168.39320746 129.70374756 159.52736883
 198.06527805]",1,35.53646313,30.95194302,168.39320746,129.70374756,159.52736883,198.06527805,1.0,0.25877012097980145,0.027433598337018163,0.9898945156882184,0.031525262367583545,0.9936518142910878,0.049207346019723194,0.998679888775873
288750,2,2472,17,8,212,22,660,214,223,146,1318,0,0,0,1,0,0,0,0,0,1,0,0,0,0,0,0,0,0,0,0,0,0,0,0,0,0,0,0,0,0,0,0,0,0,0,0,0,0,0,0,0,0,0,0,1,[0.1580326  0.09706999 0.12073902 0.18771357 0.16448275 0.27196207],"[ 99.81801994  61.3122497   76.26230016 118.56538895 103.89212117
 171.77920608]",1,99.81801994,61.3122497,76.26230016,118.56538895,103.89212117,171.77920608,1.0,0.6865937488520825,0.13533504452170603,0.9999996784300624,2.8625810941197037e-06,0.9763309732601976,0.12073901867792632,0.9999999995704849
299601,1,3026,36,4,541,94,2971,219,230,148,1260,0,0,1,0,0,0,0,0,0,0,0,0,0,0,0,0,0,0,0,0,0,0,0,0,0,0,0,0,0,0,0,0,0,0,1,0,0,0,0,0,0,0,0,0,1,[0.05357423 0.03983893 0.23267759 0.20643142 0.22437635 0.24310148],"[ 32.36067433  24.06407868 140.54524251 124.69165801 135.53100856
 146.8416329 ]",0,32.36067433,24.06407868,140.54524251,124.69165801,135.53100856,146.8416329,0.7436210517080526,0.2074596074337897,0.0,0.00024930214005369766,0.0012935286854127643,0.9862646943744748,0.0398389278217366,0.5000900545579615
300278,1,2969,24,15,60,9,1022,211,207,129,30,0,0,1,0,0,0,0,0,0,0,0,0,0,0,0,0,0,0,0,0,0,0,0,0,0,0,0,0,0,0,0,0,0,0,0,1,0,0,0,0,0,0,0,0,0,[0.04801189 0.05291164 0.16440989 0.22556107 0.29139899 0.21770651],"[ 24.83654208  27.37118429  85.04920896 116.6827054  150.74064602
 112.61954311]",1,24.83654208,27.37118429,85.04920896,116.6827054,150.74064602,112.61954311,1.0,0.27933847650279836,0.020131529717154872,0.9265349653355659,0.14651021916230184,0.9951002454211495,0.0529116437122253,0.9773967459039669
304243,4,2484,247,24,170,57,1332,164,250,218,604,0,0,0,1,0,0,0,0,0,0,0,0,0,1,0,0,0,0,0,0,0,0,0,0,0,0,0,0,0,0,0,0,0,0,0,0,0,0,0,0,0,0,0,0,1,[0.14911776 0.05429152 0.09121792 0.16763036 0.17543996 0.36230249],"[103.73094551  37.76686594  63.45401555 116.60888636 122.04148135
 252.02885968]",1,103.73094551,37.76686594,63.45401555,116.60888636,122.04148135,252.02885968,1.0,1.0,0.3933250780438046,1.0,1.0404833940848955e-10,0.9630736013755336,0.17543995567714113,1.0
308774,0,3389,52,3,335,107,2161,221,233,149,2733,1,0,0,0,0,0,0,0,0,0,0,0,0,0,0,0,0,0,0,0,0,0,0,0,0,0,0,0,0,0,0,0,0,0,0,0,0,0,0,0,0,0,0,1,0,[0.04826597 0.09812639 0.21134728 0.21243    0.23039648 0.19943389],"[ 31.63061934  64.30614485 138.50432141 139.21387121 150.98802155
 130.69699801]",0,31.63061934,64.30614485,138.50432141,139.21387121,150.98802155,130.69699801,0.49187553403005974,0.25356858112860586,0.0,6.439293542825908e-15,1.2112213702549023e-13,0.950139581456722,0.04826596954325479,0.5000001287388689
309196,2,2499,74,25,60,30,957,240,184,60,874,0,0,0,1,0,0,0,0,0,0,0,0,0,1,0,0,0,0,0,0,0,0,0,0,0,0,0,0,0,0,0,0,0,0,0,0,0,0,0,0,0,0,0,0,1,[0.19873321 0.05329568 0.05754556 0.16159896 0.17815641 0.35067018],"[132.82001318  35.61927525  38.45961167 108.00196038 119.0678525
 234.36454356]",1,132.82001318,35.61927525,38.45961167,108.00196038,119.0678525,234.36454356,1.0,0.30529624459547283,0.014291341092736826,0.9448170050515508,0.11915789456624729,0.9957501195815088,0.05754556023300426,0.9849265611990877
309227,0,3095,134,25,162,-2,3334,250,220,82,2530,1,0,0,0,0,0,0,0,0,0,0,0,0,0,0,0,0,0,0,0,0,0,0,0,0,0,0,0,0,0,0,0,1,0,0,0,0,0,0,0,0,0,0,0,0,[0.04129959 0.04905603 0.21945239 0.18245856 0.20278669 0.30494673],"[ 26.19119622  31.1101423  139.17136174 115.71077382 128.60238121
 193.38979126]",0,26.19119622,31.1101423,139.17136174,115.71077382,128.60238121,193.38979126,0.8418860951066146,0.2153936355244663,0.0,0.00725382515209938,0.023977234435374722,0.992243558851949,0.04129959320015251,0.502625908228414
310797,1,2532,287,12,170,37,1154,186,239,193,934,0,0,0,1,0,0,0,0,0,1,0,0,0,0,0,0,0,0,0,0,0,0,0,0,0,0,0,0,0,0,0,0,0,0,0,0,0,0,0,0,0,0,0,0,1,[0.15473308 0.09542743 0.11803921 0.19204905 0.14617661 0.29357462],"[ 99.93279077  61.63083837  76.2344257  124.03292957  94.40668145
 189.60218742]",0,99.93279077,61.63083837,76.2344257,124.03292957,94.40668145,189.60218742,0.8084384161523441,0.527472503817551,0.0,4.5471828125087654e-07,3.959926955032921e-06,0.9773882220866198,0.09542743151712085,0.5000002243956606
319620,1,3076,249,6,192,25,3085,207,244,175,1452,0,0,1,0,0,0,0,0,0,0,0,0,0,0,0,0,0,0,0,0,0,0,0,0,0,0,0,0,0,0,0,0,0,0,0,1,0,0,0,0,0,0,0,0,1,[0.05305114 0.04788895 0.2474289  0.23768999 0.24047837 0.17346265],"[ 27.93783122  25.2193161  130.30118786 125.17247413 126.64089321
  91.34902519]",0,27.93783122,25.2193161,130.30118786,125.17247413,126.64089321,91.34902519,0.9026941246979624,0.25148828379610344,0.0,0.061889621287894325,0.1295573080566884,0.9948378121540786,0.047888954560557875,0.5230264002648652
334370,0,3115,58,13,335,20,1924,229,212,114,1022,0,0,1,0,0,0,0,0,0,0,0,0,0,0,0,0,0,0,0,0,0,0,0,0,0,0,0,0,0,0,0,0,0,0,1,0,0,0,0,0,0,0,0,0,1,[0.0996331  0.04351235 0.17921985 0.25356067 0.23964466 0.18442937],"[ 57.16066742  24.96354261 102.82050997 145.47070467 137.48693103
 105.80927463]",1,57.16066742,24.96354261,102.82050997,145.47070467,137.48693103,105.80927463,1.0,0.5532916548778747,0.2671801763425647,0.9999999999999896,1.9267907508607256e-13,0.943879253778725,0.09963309857780198,1.0
335956,1,2855,245,26,190,74,1209,158,249,221,1689,0,0,1,0,0,0,0,1,0,0,0,0,0,0,0,0,0,0,0,0,0,0,0,0,0,0,0,0,0,0,0,0,0,0,0,0,0,0,0,0,0,0,0,0,1,[0.10258775 0.09030681 0.09637364 0.21938208 0.19424436 0.29710537],"[ 68.70408347  60.47941046  64.54243015 146.92246263 130.08747188
 198.97456561]",0,68.70408347,60.47941046,64.54243015,146.92246263,130.08747188,198.97456561,0.9370488579141755,0.4963585987540868,0.0,0.017165181546659136,0.04919895656267581,0.9939331694069905,0.0903068076507173,0.5062445284359601
338274,0,3584,265,19,417,221,3240,168,245,214,1273,1,0,0,0,0,0,0,0,0,0,0,0,0,0,0,0,0,0,0,0,0,0,0,0,0,0,0,0,0,0,0,0,0,0,0,0,0,0,0,0,0,0,0,1,0,[0.04543983 0.08616234 0.22899765 0.18498038 0.19892557 0.25549422],"[ 37.71450419  71.51368712 190.06525482 153.53145858 165.10579599
 212.05708249]",0,37.71450419,71.51368712,190.06525482,153.53145858,165.10579599,212.05708249,0.5273746286663652,0.23801449063992725,0.0,1.9984014443252818e-15,4.0636322602928994e-14,0.9592774934589344,0.045439830505699136,0.5000001785639624
344065,1,2604,338,22,474,223,684,167,203,172,1075,0,0,0,1,0,0,0,0,0,0,0,0,0,1,0,0,0,0,0,0,0,0,0,0,0,0,0,0,0,0,0,0,0,0,0,0,0,0,0,0,0,0,0,0,1,[0.14700416 0.05623828 0.09619015 0.1707426  0.18530543 0.34451938],"[101.16707151  38.70273224  66.19728465 117.50367293 127.52569479
 237.09544591]",0,101.16707151,38.70273224,66.19728465,117.50367293,127.52569479,237.09544591,0.5846573986236057,0.2979474796493978,0.0,1.1461942506230116e-12,1.822843599821128e-11,0.9600481314458107,0.05623828488213833,0.5000001252837543
345372,0,3477,101,27,757,192,2131,252,192,49,1615,1,0,0,0,0,0,0,0,0,0,0,0,0,0,0,0,0,0,0,0,0,0,0,0,0,0,0,0,0,0,0,0,0,0,0,0,0,0,0,0,0,0,0,1,0,[0.0583004  0.08772951 0.20492884 0.16467269 0.17990194 0.30446661],"[ 48.4981602   72.97925455 170.47347328 136.98572707 149.65443234
 253.27562992]",0,48.4981602,72.97925455,170.47347328,136.98572707,149.65443234,253.27562992,0.6645472127439737,0.30954882113155496,0.0,2.3334445486966615e-11,3.318441490950283e-10,0.9705708919274619,0.05830040019616455,0.5000001559137551
347079,2,2639,0,10,366,80,589,206,222,154,1041,0,0,1,0,0,1,0,0,0,0,0,0,0,0,0,0,0,0,0,0,0,0,0,0,0,0,0,0,0,0,0,0,0,0,0,0,0,0,0,0,0,0,0,0,1,[0.10676841 0.08903603 0.12483298 0.22293109 0.23809647 0.21833501],"[ 65.13443069  54.31673231  76.15477807 135.9998637  145.25155804
 133.19601218]",1,65.13443069,54.31673231,76.15477807,135.9998637,145.25155804,133.19601218,1.0,0.7131951508078034,0.24015052082026853,0.9999999996720191,0.00013218795342501336,0.982267619812513,0.12483297559188734,0.9999999999999791
348535,1,3107,330,9,150,38,1350,199,229,170,2964,0,0,1,0,0,0,0,0,0,0,0,0,0,0,0,0,0,0,0,0,0,0,0,0,0,0,0,0,0,0,0,0,0,0,1,0,0,0,0,0,0,0,0,0,1,[0.0597635  0.04560636 0.1903573  0.24491184 0.24591593 0.21344506],"[ 32.36564424  24.69867472 103.09029999 132.63496961 133.17874686
 115.59375487]",0,32.36564424,24.69867472,103.09029999,132.63496961,133.17874686,115.59375487,0.7631139530574315,0.238928447784636,0.0,0.00046781509112681086,0.002262942467154768,0.9858428614974134,0.04560635827874981,0.5001688708039886
353386,5,3286,97,16,162,17,2692,244,215,96,1624,0,0,1,0,0,0,0,0,0,0,0,0,0,0,0,0,0,0,0,0,0,0,0,0,0,0,0,0,0,0,0,0,0,0,0,0,0,0,0,0,0,1,0,0,1,[0.09679229 0.09193794 0.17906536 0.23307914 0.25941442 0.13971086],"[ 59.45872349  56.47673366 109.99840694 143.17864141 159.35618633
  85.82325536]",1,59.45872349,56.47673366,109.99840694,143.17864141,159.35618633,85.82325536,1.0,0.811999430486565,0.2852515340827848,0.9999999999998288,0.1078930947892493,0.9951456472062903,0.13971085857864132,1.0
358053,0,3369,89,14,319,84,1900,240,217,104,1736,1,0,0,0,0,0,0,0,0,0,0,0,0,0,0,0,0,0,0,0,0,0,0,0,0,0,0,0,0,0,0,0,0,0,0,0,0,0,1,0,0,0,0,0,0,[0.0869737  0.09455672 0.23376768 0.17983256 0.195986   0.20888334],"[ 53.42638519  58.08449884 143.59929417 110.46791599 120.39068522
 128.31328965]",0,53.42638519,58.08449884,143.59929417,110.46791599,120.39068522,128.31328965,0.9198045305727595,0.4762935165502159,0.0,0.009395228806226674,0.029693542471143936,0.992416979292395,0.08697370130251124,0.5034046454506049
358878,5,3385,301,7,295,31,1618,201,237,176,785,0,0,1,0,0,0,0,0,0,0,0,0,0,0,0,0,0,0,0,0,0,0,0,0,0,0,0,0,0,0,0,0,0,0,0,0,0,0,0,0,0,1,0,0,1,[0.09014865 0.08820625 0.15486615 0.22489705 0.21976149 0.22212041],"[ 60.37935533  59.07837836 103.72554588 150.6305217  147.19085125
 148.77079647]",1,60.37935533,59.07837836,103.72554588,150.6305217,147.19085125,148.77079647,1.0,1.0,0.9796867100743543,1.0,0.28977617521185894,0.9980575923289516,0.22212040870431943,1.0
362881,1,2784,80,23,270,135,1177,243,191,65,781,0,0,1,0,0,0,0,0,0,0,0,0,0,0,0,0,1,0,0,0,0,0,0,0,0,0,0,0,0,0,0,0,0,0,0,0,0,0,0,0,0,0,0,0,1,[0.12398272 0.05490453 0.12064755 0.21391851 0.24802886 0.23851783],"[ 80.10540567  35.47388976  77.95054371 138.21304059 160.25177988
 154.10668874]",0,80.10540567,35.47388976,77.95054371,138.21304059,160.25177988,154.10668874,0.45508200547668654,0.2904708039302908,0.0,0.0,9.493132430906232e-18,0.9342569798710214,0.054904528291943006,0.5000001170897351
363229,1,2709,66,19,108,17,2520,235,199,88,582,0,0,1,0,0,0,0,0,0,0,0,0,0,1,0,0,0,0,0,0,0,0,0,0,0,0,0,0,0,0,0,0,0,0,0,0,0,0,0,0,0,0,0,0,1,[0.13641998 0.05385183 0.0849827  0.24106129 0.26472472 0.21895948],"[ 64.54207771  25.47800442  40.20642807 114.04924694 125.24472384
 103.59259064]",0,64.54207771,25.47800442,40.20642807,114.04924694,125.24472384,103.59259064,0.6336798776307294,0.2845845453874153,0.0,4.013531790247882e-07,3.5231586723559364e-06,0.9688691255146749,0.05385182940032958,0.5000002210865138
364201,5,3255,55,16,420,90,3302,228,205,106,2045,0,0,1,0,0,0,0,0,0,0,0,0,0,0,0,0,0,0,0,0,0,0,0,0,0,0,0,0,0,0,0,0,0,0,0,0,0,0,0,0,0,0,1,0,1,[0.10592349 0.10124648 0.21087765 0.19709003 0.22137467 0.16348768],"[ 60.45677342  57.78732506 120.36028741 112.49087997 126.35155833
  93.31204401]",1,60.45677342,57.78732506,120.36028741,112.49087997,126.35155833,93.31204401,1.0,0.9771982897501613,0.5181231854455166,0.9999999999999997,0.13393348116403633,0.9953229839977538,0.16348768141634723,1.0
379622,1,3140,51,6,1282,200,3001,223,227,139,1528,0,0,1,0,0,0,0,0,0,0,0,0,0,0,0,0,0,0,0,0,0,0,0,0,0,0,0,0,0,0,0,0,0,0,0,1,0,0,0,0,0,0,0,0,1,[0.06221442 0.0552371  0.20596127 0.22792403 0.20693048 0.2417327 ],"[ 43.0050989   38.18209803 142.36868376 157.55022636 143.03864232
 167.09533387]",0,43.0050989,38.18209803,142.36868376,157.55022636,143.03864232,167.09533387,0.887850487633971,0.2923331380553419,0.0,0.007978448447376052,0.025946847867240837,0.9930226834540807,0.05523710061918944,0.5028892532385568
380951,1,3109,99,13,1289,203,3061,241,221,108,1383,0,0,1,0,0,0,0,0,0,0,0,0,0,0,0,0,0,0,0,0,0,0,0,0,0,0,0,0,0,0,0,0,0,0,0,1,0,0,0,0,0,0,0,0,1,[0.06766185 0.04864963 0.21093746 0.20262677 0.23115672 0.23896757],"[ 44.12559383  31.72680096 137.56261543 132.14280586 150.74858415
 155.8424147 ]",0,44.12559383,31.72680096,137.56261543,132.14280586,150.74858415,155.8424147,0.7190113085279467,0.2556872600049168,0.0,4.123546377687859e-06,3.0835920353499736e-05,0.9809877859376133,0.048649633693433635,0.5000016146378011
381281,1,2725,77,28,0,0,2110,242,178,48,785,0,0,1,0,0,0,0,0,0,0,0,0,0,0,0,0,1,0,0,0,0,0,0,0,0,0,0,0,0,0,0,0,0,0,0,0,0,0,0,0,0,0,0,0,1,[0.10313186 0.06063895 0.09800956 0.20312501 0.23444681 0.3006478 ],"[ 69.4793395   40.85211386  66.02847754 136.84414764 157.94546448
 202.54468791]",0,69.4793395,40.85211386,66.02847754,136.84414764,157.94546448,202.54468791,0.61870446482176,0.32276702796598555,0.0,1.2011724948024494e-11,1.7619416247084036e-10,0.9626293910143657,0.06063895456481071,0.5000001154073903
382256,1,3147,189,20,1065,164,3183,217,250,159,2078,0,0,1,0,0,0,0,0,0,0,0,0,0,0,0,0,0,0,0,0,0,0,0,0,0,0,0,0,0,0,0,0,0,0,0,0,1,0,0,0,0,0,0,0,0,[0.04624713 0.04912148 0.2027638  0.18663551 0.19211086 0.32312122],"[ 30.56563845  32.46535381 134.01058257 123.35108194 126.96985084
 213.55716991]",1,30.56563845,32.46535381,134.01058257,123.35108194,126.96985084,213.55716991,1.0,0.25829525380688473,0.010381438664580377,0.8698593066160142,0.2157957458117779,0.9971256486610816,0.049121481647773226,0.949877187930427
396447,0,3227,156,9,234,27,3142,231,241,142,285,0,0,1,0,0,0,0,0,0,0,0,0,0,0,0,0,0,0,0,0,0,0,0,0,0,1,0,0,0,0,0,0,0,0,0,0,0,0,0,0,0,0,0,0,0,[0.04730204 0.05111335 0.17590472 0.23411839 0.31496289 0.17659861],"[ 26.3964073   28.52326941  98.161781   130.64730821 175.76173262
  98.54899638]",0,26.3964073,28.52326941,98.161781,130.64730821,175.76173262,98.54899638,0.9254341400926579,0.24825308477083954,0.0,0.10651325043875315,0.18929034648417142,0.9961886889201255,0.04730204141507379,0.5405314136924299
401675,1,2950,153,14,90,8,1560,236,240,132,990,1,0,0,0,0,0,0,0,0,0,0,0,0,0,0,0,0,0,0,0,0,0,0,0,0,0,0,0,0,0,0,0,1,0,0,0,0,0,0,0,0,0,0,0,1,[0.04283329 0.03720375 0.17598818 0.16962634 0.1855551  0.38879333],"[ 28.97524336  25.16705881 119.0499425  114.7463775  125.52163457
 263.00529957]",0,28.97524336,25.16705881,119.0499425,114.7463775,125.52163457,263.00529957,0.8685710934830067,0.19320679309418182,0.0,0.021706785030865094,0.05838355438636209,0.994370467920396,0.03720375498088129,0.5079147789076783
408689,0,3273,181,15,323,67,1641,224,248,153,1790,0,0,1,0,0,0,0,0,0,0,0,0,0,0,0,0,0,0,0,0,0,0,0,0,0,0,0,0,0,0,0,0,0,0,0,0,1,0,0,0,0,0,0,0,1,[0.04962003 0.04438655 0.22121786 0.20195619 0.21290834 0.26991103],"[ 29.61435191  26.49089036 132.02779494 120.53199694 127.06848687
 161.08897139]",1,29.61435191,26.49089036,132.02779494,120.53199694,127.06848687,161.08897139,1.0,0.2610536573367369,0.02320584012843851,0.9578502036806655,0.09751149521141533,0.9947665150195965,0.049620033236961465,0.9897312788565542
409706,1,2827,198,24,390,161,2154,205,252,169,2066,0,0,1,0,0,0,0,0,0,0,0,0,0,1,0,0,0,0,0,0,0,0,0,0,0,0,0,0,0,0,0,0,0,0,0,0,0,0,0,0,0,0,0,0,1,[0.11027155 0.0415534  0.14346462 0.1992776  0.18778669 0.31764614],"[ 64.86588654  24.44327937  84.39130557 117.22260132 110.46321518
 186.85144457]",0,64.86588654,24.44327937,84.39130557,117.22260132,110.46321518,186.85144457,0.3768279549305173,0.21677474150299358,0.0,0.0,6.281008435670018e-17,0.9312818526708581,0.04155340267615487,0.5000001200905576
411819,2,2654,112,27,60,21,2355,254,200,56,2479,0,0,1,0,0,0,0,1,0,0,0,0,0,0,0,0,0,0,0,0,0,0,0,0,0,0,0,0,0,0,0,0,0,0,0,0,0,0,0,0,0,0,0,0,1,[0.10345619 0.0513249  0.14802007 0.19869994 0.23245024 0.26604866],"[ 71.86335817  35.65160964 102.81858367 138.02213817 161.46597473
 184.80430638]",1,71.86335817,35.65160964,102.81858367,138.02213817,161.46597473,184.80430638,1.0,0.8686828342470065,0.45032356435789966,1.0,3.917138369092894e-15,0.9478687091265418,0.1480200683503911,1.0
416574,1,2745,130,16,256,68,1805,244,229,109,2268,0,0,1,0,0,0,0,0,0,0,0,0,0,1,0,0,0,0,0,0,0,0,0,0,0,0,0,0,0,0,0,0,0,0,0,0,0,0,0,0,0,0,0,0,1,[0.12833218 0.05320059 0.1501726  0.22131946 0.24968131 0.19729386],"[ 61.63201847  25.54978355  72.12096145 106.28951201 119.91039803
  94.7511232 ]",0,61.63201847,25.54978355,72.12096145,106.28951201,119.91039803,94.7511232,0.4145537365780428,0.2809496156869047,0.0,2.220446049250313e-16,4.426355396741409e-15,0.9248684025673346,0.05320058628370401,0.5000000787490636
416858,0,3375,315,3,418,36,1320,212,237,163,2330,0,0,1,0,0,0,0,0,0,0,0,0,0,0,0,0,0,0,0,0,0,0,0,0,0,0,0,0,0,0,0,0,0,0,0,1,0,0,0,0,0,0,0,0,1,[0.06851853 0.06071146 0.21951441 0.2537858  0.26224613 0.13522366],"[ 34.70198504  30.7480056  111.17555024 128.53268351 132.8175153
  68.48554848]",1,34.70198504,30.7480056,111.17555024,128.53268351,132.8175153,68.48554848,1.0,0.3677933302999387,0.03873810554770657,0.9811826523410144,0.05212756183226764,0.9921929285962228,0.06851853409234968,0.9967692119394151
424071,1,3061,43,16,810,-13,1468,221,203,112,2737,0,0,1,0,0,0,0,0,0,0,0,0,0,0,0,0,0,0,0,0,0,0,0,0,0,0,0,0,0,0,0,0,0,0,0,0,1,0,0,0,0,0,0,0,1,[0.05558714 0.05514017 0.23019002 0.19291549 0.22875011 0.23741708],"[ 33.46459725  33.19551061 138.57910572 116.13907289 137.712249
 142.92994077]",0,33.46459725,33.19551061,138.57910572,116.13907289,137.712249,142.92994077,0.9919590653076826,0.2917902045046725,0.0,0.4331313373089337,0.3818467295818282,0.9995530274290998,0.0551401686820885,0.6940057643140097
424830,1,2936,26,27,190,30,2629,196,171,98,1248,0,0,1,0,0,0,0,0,0,0,0,0,0,0,0,0,0,0,0,0,0,0,0,0,0,0,0,0,0,0,0,0,0,0,0,0,1,0,0,0,0,0,0,0,1,[0.06411109 0.05133679 0.2016344  0.19925816 0.2237165  0.25994305],"[ 38.98029361  31.21336882 122.59607167 121.15129087 136.02224447
 158.04841334]",0,38.98029361,31.21336882,122.59607167,121.15129087,136.02224447,158.04841334,0.8007474015329578,0.2705743763832674,0.0,0.0004233343718461624,0.0020713886504260762,0.9872256981075188,0.05133679122287977,0.5001528304943614
427852,1,2756,315,3,402,62,1434,212,237,163,1908,0,0,1,0,0,0,0,0,0,0,0,0,0,0,1,0,0,0,0,0,0,0,0,0,0,0,0,0,0,0,0,0,0,0,0,0,0,0,0,0,0,0,0,0,1,[0.09779821 0.0853277  0.17129566 0.17535472 0.17881772 0.29140598],"[ 63.69824681  55.57591538 111.56884612 114.21260512 116.46814043
 189.79948954]",0,63.69824681,55.57591538,111.56884612,114.21260512,116.46814043,189.79948954,0.8724873628767227,0.4664386457614779,0.0,0.0002967477158409837,0.0015108473535414533,0.9875294924412834,0.08532770163367806,0.5001071204678327
434340,0,3036,16,17,95,6,2896,203,203,133,1006,0,0,1,0,0,0,0,0,0,0,0,0,0,0,0,0,0,0,0,0,0,0,0,0,0,0,1,0,0,0,0,0,0,0,0,0,0,0,0,0,0,0,0,0,0,[0.04883039 0.05341769 0.19376655 0.25179645 0.25430159 0.19788733],"[ 23.67878993  25.90325559  93.96109598 122.10090188 123.31569347
  95.95934444]",0,23.67878993,25.90325559,93.96109598,122.10090188,123.31569347,95.95934444,0.9141240894147343,0.2566860525120725,0.0,0.09757487770998596,0.17843997998646016,0.9954127075097193,0.048830394273122774,0.5369627452776765
442075,0,3097,106,15,721,228,2042,245,220,99,2871,0,0,1,0,0,0,0,0,0,0,0,0,0,0,0,0,0,0,0,0,0,0,0,0,0,0,0,0,0,0,0,0,0,0,0,0,1,0,0,0,0,0,0,0,1,[0.05251871 0.04911144 0.24928331 0.17385653 0.2116611  0.26356891],"[ 35.20283952  32.91897281 167.09244419 116.53452563 141.87460366
 176.66795653]",1,35.20283952,32.91897281,167.09244419,116.53452563,141.87460366,176.66795653,1.0,0.2771490852330877,0.015887880741005563,0.9075320437625527,0.1720157731558253,0.9965927253333997,0.05251871432063211,0.9687777182294949
445057,0,3046,14,19,480,187,1315,199,198,131,3528,0,0,1,0,0,0,0,0,0,0,0,0,0,0,0,0,0,0,0,0,0,0,0,0,0,0,0,1,0,0,0,0,0,0,0,0,0,0,0,0,0,0,0,0,1,[0.05613922 0.04571513 0.27876083 0.20315388 0.21724644 0.19898451],"[ 36.4178254   29.65565847 180.83371294 131.78705759 140.92898336
 129.08236634]",1,36.4178254,29.65565847,180.83371294,131.78705759,140.92898336,129.08236634,1.0,0.29739141190294843,0.04472981844925888,0.998844616529985,0.005005664813286719,0.9895759079507702,0.05613921811338313,0.9999421392242792
454000,1,3275,324,16,594,206,3164,178,221,182,3378,0,0,1,0,0,0,0,0,0,0,0,0,0,0,0,0,0,0,0,0,0,0,0,0,0,0,0,0,0,0,0,0,0,0,1,0,0,0,0,0,0,0,0,0,0,[0.05644044 0.05672293 0.24886029 0.2262481  0.21799695 0.19373129],"[ 35.50166923  35.67936085 156.53592404 142.31259703 137.12253415
 121.85916032]",1,35.50166923,35.67936085,156.53592404,142.31259703,137.12253415,121.85916032,1.0,0.30066950525952374,0.0014681101666423058,0.5443063876604632,0.38465872558793907,0.999717506449627,0.0567229299927302,0.7565513531353464
464628,5,3393,357,17,424,61,3812,192,208,152,3398,0,0,1,0,0,0,0,0,0,0,0,0,0,0,0,0,0,0,0,0,0,0,0,0,0,0,0,0,0,0,0,0,0,0,0,0,0,0,0,0,0,0,0,1,0,[0.05476661 0.09641697 0.24040317 0.22702579 0.22635438 0.15503308],"[ 35.09344789  61.78224314 154.04599269 145.47401011 145.04378299
  99.34238902]",1,35.09344789,61.78224314,154.04599269,145.47401011,145.04378299,99.34238902,1.0,0.9173914469863148,0.540122460074178,1.0,3.964862099771249e-11,0.9583496402243343,0.15503308429244822,1.0
471157,0,3137,164,13,150,7,2402,231,244,141,433,0,0,1,0,0,0,0,0,0,0,0,0,0,0,0,0,0,0,0,0,0,0,0,0,0,0,1,0,0,0,0,0,0,0,0,0,0,0,0,0,0,0,0,0,0,[0.05278458 0.10142399 0.19821942 0.22603641 0.23376138 0.18777422],"[ 28.17059103  54.12894407 105.78766971 120.63331398 124.75604939
 100.21317754]",0,28.17059103,54.12894407,105.78766971,120.63331398,124.75604939,100.21317754,0.520434889567569,0.2786303028121303,0.0,5.326405982941651e-12,8.013907078368182e-11,0.9513605924638275,0.05278458365720015,0.5000000923523903
483511,1,2859,45,19,30,10,878,221,194,99,470,0,0,1,0,0,0,0,0,0,0,0,0,0,0,0,0,0,0,0,0,0,0,0,0,0,0,0,0,0,0,0,0,0,0,1,0,0,0,0,0,0,0,0,0,1,[0.0777799  0.05351892 0.14121388 0.2113448  0.25559528 0.26054721],"[ 42.14818041  29.00138722  76.52244459 114.52571674 138.50462298
 141.18802907]",0,42.14818041,29.00138722,76.52244459,114.52571674,138.50462298,141.18802907,0.6880815953903221,0.28272577078922223,0.0,1.951728550664278e-06,1.5409826229181952e-05,0.9757390172428008,0.05351891865268466,0.500000797448307
494034,0,3117,16,25,371,91,960,189,179,117,1414,0,0,1,0,0,0,0,0,0,0,0,0,0,0,0,0,0,0,0,0,0,0,0,0,0,0,0,1,0,0,0,0,0,0,0,0,0,0,0,0,0,0,0,0,1,[0.05916918 0.0493159  0.1726678  0.20110083 0.21769421 0.30005208],"[ 37.43302986  31.19940893 109.23725529 127.22524845 137.72295065
 189.82616682]",1,37.43302986,31.19940893,109.23725529,127.22524845,137.72295065,189.82616682,1.0,0.31445174874263415,0.03929741118634862,0.998041509666789,0.00790781198777104,0.990146717049726,0.059169179364366165,0.9998761162089483
514827,0,3219,274,10,335,13,607,194,243,188,1854,0,1,0,0,0,0,0,0,0,0,0,0,0,0,0,0,0,0,0,0,0,0,0,0,0,0,1,0,0,0,0,0,0,0,0,0,0,0,0,0,0,0,0,0,0,[0.04879722 0.08568478 0.19987742 0.20837167 0.18720342 0.27006549],"[ 34.4366686   60.4685774  141.05541874 147.04989048 132.11125552
 190.58781714]",0,34.4366686,60.4685774,141.05541874,147.04989048,132.11125552,190.58781714,0.5694969202207575,0.2565027245897101,0.0,4.948708109964173e-12,7.465906180543898e-11,0.9631124363739166,0.0487972208957972,0.5000001408352529
516929,1,3304,71,14,516,90,1068,235,211,104,2550,0,0,1,0,0,0,0,0,0,0,0,0,0,0,0,0,0,0,0,0,0,0,0,0,0,0,0,0,0,0,0,0,0,0,0,1,0,0,0,0,0,0,0,0,0,[0.05834832 0.05921313 0.22318555 0.23929468 0.27620503 0.14375329],"[ 29.26773377  29.70152572 111.95069826 120.0310989  138.54546549
  72.10718387]",1,29.26773377,29.70152572,111.95069826,120.0310989,138.54546549,72.10718387,1.0,0.3147000264062427,0.003969628058418398,0.6067787866179297,0.3740274293137199,0.9991351899023041,0.05921313053326734,0.7935711254063483
519011,1,3137,306,18,210,65,1560,167,227,199,2318,0,0,1,0,0,0,0,0,0,0,0,0,0,0,0,0,0,0,0,0,0,0,0,0,0,0,0,0,0,0,0,0,0,0,0,0,1,0,0,0,0,0,0,0,1,[0.0566401  0.05165451 0.19723997 0.26429202 0.20642364 0.22374976],"[ 31.64897401  28.86315846 110.21241317 147.67930502 115.34400245
 125.02537945]",0,31.64897401,28.86315846,110.21241317,147.67930502,115.34400245,125.02537945,0.9119776979174189,0.2723401560986446,0.0,0.05809550717954626,0.12373020386803274,0.9950144076565158,0.05165451166605243,0.5215735258297036
535062,0,3227,149,13,192,37,1710,237,239,129,1423,0,1,0,0,0,0,0,0,0,0,0,0,0,0,0,0,0,0,0,0,0,0,0,0,0,0,1,0,0,0,0,0,0,0,0,0,0,0,0,0,0,0,0,0,0,[0.03599617 0.08454312 0.18728255 0.20634871 0.25575861 0.23007085],"[ 24.59616712  57.76827701 127.97008963 140.99799028 174.75975719
 157.20732163]",0,24.59616712,57.76827701,127.97008963,140.99799028,174.75975719,157.20732163,0.42577290500314735,0.18670137261529157,0.0,3.9968028886505635e-15,7.478415806828903e-14,0.9514530525832194,0.035996167738156094,0.5000001540460254
538014,0,3233,21,13,582,115,3030,211,212,135,797,0,0,1,0,0,0,0,0,0,0,0,0,0,0,0,0,0,0,0,0,0,0,0,0,0,0,0,1,0,0,0,0,0,0,0,0,0,0,0,0,0,0,0,0,1,[0.05489672 0.04718079 0.2310551  0.25276177 0.22851355 0.18559206],"[ 32.88894227  28.26628671 138.42645363 151.43104747 136.90379664
 111.18928252]",1,32.88894227,28.26628671,138.42645363,151.43104747,136.90379664,111.18928252,1.0,0.2904270800489253,0.03753229033562789,0.990268957623744,0.030563229299123237,0.9922840748851085,0.054896717345583095,0.9987497870096539
549108,1,3093,150,23,180,2,3521,242,232,107,882,0,0,1,0,0,0,0,0,0,0,0,0,0,0,0,0,0,0,0,0,0,0,0,0,0,0,0,0,0,0,0,0,0,0,0,0,1,0,0,0,0,0,0,0,0,[0.04377315 0.04774735 0.20707533 0.19793122 0.27614537 0.22732758],"[ 24.71671881  26.96076835 116.92606944 111.76280532 155.92679489
 128.36160269]",1,24.71671881,26.96076835,116.92606944,111.76280532,155.92679489,128.36160269,1.0,0.2507073613756274,0.017102722649247445,0.9041360233002037,0.1763065745015295,0.996025802488616,0.047747349856443126,0.9671648010146776
552594,0,3412,227,12,664,8,1464,203,251,184,3966,0,1,0,0,0,0,0,0,0,0,0,0,0,0,0,0,0,0,0,0,0,0,0,0,0,0,0,0,0,0,0,0,0,0,0,0,1,0,0,0,0,0,0,0,0,[0.04230895 0.07721229 0.23149206 0.20991396 0.17244666 0.26662609],"[ 35.87420421  65.46912151 196.28456933 177.98827415 146.21934876
 226.07508537]",0,35.87420421,65.46912151,196.28456933,177.98827415,146.21934876,226.07508537,0.5479560956682836,0.2208903704849673,0.0,1.4033219031261979e-13,2.395865730802516e-12,0.9650966538409392,0.042308946331215694,0.5000001890107908
578247,2,2579,197,27,283,165,1674,201,250,167,618,0,0,1,0,0,0,0,1,0,0,0,0,0,0,0,0,0,0,0,0,0,0,0,0,0,0,0,0,0,0,0,0,0,0,0,0,0,0,0,0,0,0,0,0,1,[0.11368122 0.05146977 0.14676851 0.21788762 0.22014371 0.25004917],"[ 72.19241714  32.6854934   93.20425674 138.36791881 139.80063397
 158.79187371]",1,72.19241714,32.6854934,93.20425674,138.36791881,139.80063397,158.79187371,1.0,0.8600744019888305,0.47990246957172455,1.0,1.5337498342684905e-16,0.9377885450086102,0.14676851230802637,1.0
