index,true_label,sepal_length,sepal_width,petal_length,petal_width,label,description_lengths,description_lengths_unnormalized,is_error,L_0,L_1,L_2,r_min,r_med,relative_position,pseudo_probability,normalized_entropy,description_length_margin,description_length_true_cost,kullback_leibler_divergence
0,0,5.1,3.5,1.4,0.2,0,[0.04174387 0.38478961 0.57346651],[ 5.378029   49.57397322 73.88196738],0,5.378029,49.57397322,73.88196738,0.10848492970343189,0.08712466931563559,0.0,0.0,2.5732576153095218e-18,0.6569542616991834,0.04174387404700644,0.5000000249778664
1,0,4.9,3.0,1.4,0.2,0,[0.0433206  0.45387099 0.50280841],[ 6.279625   65.79178575 72.88560912],0,6.279625,65.79178575,72.88560912,0.0954469456683588,0.09056450773099867,0.0,0.0,7.733241908649313e-25,0.5894496120094012,0.04332059948244216,0.5000000298174816
2,0,4.7,3.2,1.3,0.2,0,[0.03649564 0.43556754 0.52793682],[ 5.15114428 61.47779345 74.51517418],0,5.15114428,61.47779345,74.51517418,0.08378869817612511,0.07575603900253298,0.0,0.0,1.7681443157099375e-23,0.6009280981872102,0.036495637049656825,0.5000000296633058
3,0,4.6,3.1,1.5,0.2,0,[0.0402106  0.42246491 0.53732449],[ 5.61742771 59.01842491 75.06432963],0,5.61742771,59.01842491,75.06432963,0.09518091542549809,0.08379045805238734,0.0,0.0,3.1256947464833893e-22,0.6177456869451025,0.040210596861692996,0.5000000286379898
4,0,5.0,3.6,1.4,0.2,0,[0.03369954 0.39686351 0.56943696],[ 4.49561645 52.94275084 75.9645531 ],0,4.49561645,52.94275084,75.9645531,0.08491467440937162,0.06974960010059224,0.0,0.0,4.0188381066260945e-20,0.6368360284167476,0.033699535488604604,0.5000000275805563
5,0,5.4,3.9,1.7,0.4,0,[0.04957581 0.36880018 0.58162401],[ 6.54420005 48.68306554 76.77664334],0,6.54420005,48.68306554,76.77664334,0.1344245679124005,0.1043235331616318,0.0,0.0,1.91938293864999e-17,0.6807756237580322,0.04957580501211316,0.5000000248593585
6,0,4.6,3.4,1.4,0.3,0,[0.03682329 0.43105707 0.53211964],[ 5.24359707 61.38207178 75.77327519],0,5.24359707,61.38207178,75.77327519,0.08542554719736725,0.07646216040079676,0.0,0.0,2.1270939559817506e-23,0.6057662148545399,0.036823286192980795,0.500000030015855
7,0,5.0,3.4,1.5,0.2,0,[0.03085035 0.44388591 0.52526374],[ 4.30687629 61.96888538 73.32967282],0,4.30687629,61.96888538,73.32967282,0.06950062541096652,0.06366477732260616,0.0,0.0,4.76166685255551e-24,0.5869644380232395,0.030850348381514143,0.5000000300218612
8,0,4.4,2.9,1.4,0.2,0,[0.0568047  0.39367418 0.54952112],[ 7.90413416 54.77809875 76.46354346],0,7.90413416,54.77809875,76.46354346,0.14429369292149277,0.12045161926931891,0.0,0.0,1.8749214111638335e-19,0.663130525320284,0.05680470055322022,0.500000025963765
9,0,4.9,3.1,1.5,0.1,0,[0.03623536 0.41367863 0.55008601],[ 4.86076648 55.49262391 73.79089363],0,4.86076648,55.49262391,73.79089363,0.0875930193496667,0.07519545526630485,0.0,0.0,4.7254494668222194e-21,0.622556728380065,0.03623536042161184,0.5000000274528467
10,0,5.4,3.7,1.5,0.2,0,[0.05276605 0.39841157 0.54882237],[ 6.5968754  49.80989237 68.61443132],0,6.5968754,49.80989237,68.61443132,0.1324410691527772,0.1114108182227372,0.0,0.0,6.72349866708509e-18,0.6543544832061141,0.05276605446087818,0.5000000222838824
11,0,4.8,3.4,1.6,0.2,0,[0.03590138 0.41102047 0.55307815],[ 4.36855106 50.01378232 67.29964245],0,4.36855106,50.01378232,67.29964245,0.08734694432749819,0.0744765753534232,0.0,0.0,6.238481853178005e-19,0.6248809164358482,0.035901381697379185,0.5000000234906066
12,0,4.8,3.0,1.4,0.1,0,[0.04409961 0.45353305 0.50236734],[ 6.45326759 66.3672561  73.51336687],0,6.45326759,66.3672561,73.51336687,0.09723571485581975,0.0922682134650166,0.0,0.0,5.208971915203343e-25,0.5905665578882113,0.04409961059095825,0.5000000301261976
13,0,4.3,3.0,1.1,0.1,0,[0.09115877 0.40302363 0.50581759],[13.82800368 61.13522658 76.72818786],0,13.82800368,61.13522658,76.72818786,0.2261871666031832,0.2006043987227304,0.0,0.0,1.2269228064135952e-19,0.6881351398385349,0.091158773853441,0.5000000240788959
14,0,5.8,4.0,1.2,0.2,0,[0.23725701 0.33485409 0.4278889 ],[42.26813101 59.6553782  76.22983962],0,42.26813101,59.6553782,76.22983962,0.7085384802621444,0.6221152188219361,0.0,2.8107000837884755e-08,4.7042109886446214e-07,0.9024029169022587,0.23725701081317555,0.5000000129876548
15,0,5.7,4.4,1.5,0.4,0,[0.09788299 0.37095594 0.53116107],[13.55455455 51.36891111 73.55365551],0,13.55455455,51.36891111,73.55365551,0.2638668847916744,0.21700730166735016,0.0,0.0,1.3009058645989422e-15,0.7269270458525454,0.09788298915646874,0.5000000196087235
16,0,5.4,3.9,1.3,0.4,0,[0.05012554 0.50533454 0.44453991],[ 7.80451409 78.68026007 69.21457574],0,7.80451409,78.68026007,69.21457574,0.11275824501481284,0.10554140105231112,0.0,0.0,1.1950415327666743e-25,0.6055856258292214,0.05012554063303686,0.5000000320419956
17,0,5.1,3.5,1.4,0.3,0,[0.03341287 0.40285937 0.56372776],[ 4.37453503 52.74381662 73.80529365],0,4.37453503,52.74381662,73.80529365,0.08293929621047323,0.06913576904013842,0.0,0.0,4.3372364255965956e-20,0.6305535071316062,0.03341287221221748,0.5000000268173594
18,0,5.7,3.8,1.7,0.3,0,[0.06066043 0.38371558 0.55562399],[ 8.11144086 51.30998855 74.29737575],0,8.11144086,51.30998855,74.29737575,0.15808697466259547,0.1291554982476588,0.0,0.0,6.819205927797954e-18,0.6769448572473549,0.060660434785022734,0.5000000237820886
19,0,5.1,3.8,1.5,0.3,0,[0.03827183 0.37726399 0.58446418],[ 5.07717792 50.04821118 77.53559169],0,5.07717792,50.04821118,77.53559169,0.10144574201939646,0.07958969407885953,0.0,0.0,1.2061930532513198e-18,0.6610078337137475,0.03827182559428542,0.5000000266836963
20,0,5.4,3.4,1.7,0.2,0,[0.05397631 0.37890471 0.56711898],[ 6.07529187 42.64753999 63.83195748],0,6.07529187,42.64753999,63.83195748,0.14245351247181157,0.11411195608990488,0.0,2.220446049250313e-16,4.457997622648938e-15,0.6750715954947113,0.053976307055171854,0.5000000183519401
21,0,5.1,3.7,1.5,0.4,0,[0.03946354 0.37460513 0.58593133],[ 4.75752329 45.16048273 70.63689036],0,4.75752329,45.16048273,70.63689036,0.1053470424206569,0.0821697964809649,0.0,0.0,1.0442064880800039e-16,0.6648584117868506,0.03946354260854234,0.5000000226632224
22,0,4.6,3.6,1.0,0.2,0,[0.06216065 0.47160173 0.46623762],[10.29676222 78.11968906 77.23113811],0,10.29676222,78.11968906,77.23113811,0.13332397361801193,0.1325614083612148,0.0,0.0,7.359627037996618e-28,0.5959230307179062,0.06216065236962299,0.5000000329333991
23,0,5.1,3.3,1.7,0.5,0,[0.05212122 0.36776538 0.5801134 ],[ 5.54030159 39.09215854 61.66400203],0,5.54030159,39.09215854,61.66400203,0.14172411544349264,0.10997444838206039,0.0,2.6645352591003757e-15,8.436344348623722e-14,0.6843558452662207,0.05212122282685649,0.5000000166735975
24,0,4.8,3.4,1.9,0.2,0,[0.03615516 0.37333008 0.59051475],[ 4.57230259 47.2125693  74.67846825],0,4.57230259,47.2125693,74.67846825,0.09684502787487898,0.07502278562604585,0.0,0.0,1.1763672373849116e-17,0.6628250790904436,0.036155162317412476,0.5000000249946557
25,0,5.0,3.0,1.6,0.2,0,[0.04319503 0.39962181 0.55718316],[ 5.02780331 46.51507266 64.85485583],0,5.02780331,46.51507266,64.85485583,0.1080897657979045,0.09029014165814359,0.0,0.0,3.625586382127022e-17,0.6435732148034558,0.043195028220960614,0.5000000208713935
26,0,5.0,3.4,1.6,0.4,0,[0.03838822 0.51148627 0.4501255 ],[ 5.62007152 74.88207134 65.89879696],0,5.62007152,74.88207134,65.89879696,0.08528337054963311,0.07984141009762699,0.0,0.0,3.636339227468813e-25,0.5882627152960835,0.03838822023186116,0.5000000310519165
27,0,5.2,3.5,1.5,0.2,0,[0.03256276 0.44452035 0.52291689],[ 4.54061722 61.98481608 72.91658851],0,4.54061722,61.98481608,72.91658851,0.07325370158502124,0.06731756772633737,0.0,0.0,5.898103444600651e-24,0.588042412796768,0.032562760931237514,0.5000000297100099
28,0,5.2,3.4,1.4,0.2,0,[0.03414794 0.41156788 0.55428418],[ 4.45806415 53.73079943 72.36262492],0,4.45806415,53.73079943,72.36262492,0.08297036703734431,0.07071049379315696,0.0,0.0,1.7901325259254825e-20,0.6225800575255596,0.03414793811382589,0.500000026592752
29,0,4.7,3.2,1.6,0.2,0,[0.0500494  0.38016569 0.56978492],[ 5.95438534 45.22837814 67.78741068],0,5.95438534,45.22837814,67.78741068,0.13165153350043052,0.10537262805603499,0.0,0.0,3.138934461657073e-16,0.6698837076017787,0.05004939584220535,0.5000000207966244
30,0,4.8,3.1,1.6,0.2,0,[0.03591091 0.43777442 0.52631468],[ 5.01114588 61.08872564 73.44397347],0,5.01114588,61.08872564,73.44397347,0.08203061739164427,0.07449706893679675,0.0,0.0,2.258206448888758e-23,0.5981364870402075,0.03591090585416504,0.5000000292376128
31,0,5.4,3.4,1.5,0.4,0,[0.0557431  0.35072934 0.59352757],[ 6.22495921 39.16674701 66.28058045],0,6.22495921,39.16674701,66.28058045,0.15893480273589525,0.11806765253947826,0.0,4.884981308350689e-15,1.5251615060003322e-13,0.7050137614084104,0.055743097912371746,0.500000017871703
32,0,5.2,4.1,1.5,0.1,0,[0.0473148  0.45812597 0.49455923],[ 7.7479453  75.01955394 80.98561244],0,7.7479453,75.01955394,80.98561244,0.10327901051095907,0.09932934247867273,0.0,0.0,3.736884638903558e-28,0.5891888224325852,0.04731479738286391,0.5000000350079848
33,0,5.5,4.2,1.4,0.2,0,[0.06156948 0.40418169 0.53424883],[ 9.24765333 60.70754539 80.24345467],0,9.24765333,60.70754539,80.24345467,0.15233120150779447,0.13121798817932814,0.0,0.0,2.098346761916521e-21,0.6573877934442021,0.06156948229040598,0.5000000284965315
34,0,4.9,3.1,1.5,0.1,0,[0.03901454 0.47796383 0.48302164],[ 5.89221341 72.18501441 72.94887588],0,5.89221341,72.18501441,72.94887588,0.08162654614781248,0.08119693337159567,0.0,0.0,1.4378229277465485e-27,0.5610507099405422,0.039014536332509425,0.5000000324256284
35,0,5.0,3.2,1.2,0.2,0,[0.22457033 0.32800521 0.44742446],[36.38097707 53.13769643 72.48392562],0,36.38097707,53.13769643,72.48392562,0.684654765139117,0.5792152095431535,0.0,5.280186055056646e-08,8.534292163703863e-07,0.8965651202454821,0.2245703295342008,0.5000000224393174
36,0,5.5,3.5,1.3,0.2,0,[0.04531438 0.48158319 0.47310243],[ 6.91510609 73.49099909 72.19681107],0,6.91510609,73.49099909,72.19681107,0.09578132312796372,0.09493046923157994,0.0,0.0,3.384711442183765e-27,0.57221194336401,0.04531437707668766,0.5000000318875517
37,0,4.9,3.1,1.5,0.1,0,[0.0410893  0.44936697 0.50954373],[ 5.88837212 64.39729243 73.0210251 ],0,5.88837212,64.39729243,73.0210251,0.09143819402514843,0.08569995944869285,0.0,0.0,2.071886585245272e-24,0.5917223372301119,0.04108930388623285,0.5000000296455946
38,0,4.4,3.0,1.3,0.2,0,[0.05479704 0.46879064 0.47641233],[ 8.77042895 75.03133608 76.25121041],0,8.77042895,75.03133608,76.25121041,0.11689021425037523,0.11594766420016323,0.0,0.0,1.3117310456018207e-27,0.5860064022713178,0.05479703782972173,0.5000000325670937
39,0,5.1,3.4,1.5,0.2,0,[0.03536823 0.4854531  0.47917866],[ 5.4128842  74.29552544 73.33526179],0,5.4128842,74.29552544,73.33526179,0.073810116277028,0.07333001877845055,0.0,0.0,2.72463197977928e-28,0.5561895702389568,0.03536823280170985,0.5000000336719566
40,0,5.0,3.5,1.3,0.3,0,[0.04172573 0.37387358 0.58440068],[ 5.31524973 47.6260404  74.44412218],0,5.31524973,47.6260404,74.44412218,0.11160385548004524,0.08708515852806388,0.0,0.0,1.6227954276154748e-17,0.667852151181157,0.041725733218363315,0.5000000245233384
41,0,4.5,2.3,1.3,0.3,0,[0.086958   0.44645655 0.46658544],[14.64925872 75.21168092 78.60266627],0,14.64925872,75.21168092,78.60266627,0.19477371786687128,0.1904797437616654,0.0,0.0,2.848450696514039e-25,0.6405014491260779,0.08695800283260743,0.5000000292395685
42,0,4.4,3.2,1.3,0.2,0,[0.04801373 0.39324268 0.55874358],[ 6.70186018 54.88965965 77.990631  ],0,6.70186018,54.88965965,77.990631,0.12209695273411854,0.1008706429992916,0.0,0.0,5.180804886821984e-20,0.6547710492844913,0.048013733418639765,0.50000002742204
43,0,5.0,3.5,1.6,0.6,0,[0.06927516 0.34289651 0.58782833],[ 7.72093114 38.21687526 65.51528293],0,7.72093114,38.21687526,65.51528293,0.2020293675835697,0.14886282662140643,0.0,5.706546346573305e-14,1.6337361656129818e-12,0.7263786557819736,0.06927516488188067,0.5000000161739896
44,0,5.1,3.8,1.9,0.4,0,[0.03917837 0.45514265 0.50567898],[ 5.89253116 68.45466915 76.05546803],0,5.89253116,68.45466915,76.05546803,0.08607931691265679,0.08155180356072578,0.0,0.0,3.848746524256744e-26,0.5840357177164158,0.03917836847575189,0.5000000322004279
45,0,4.8,3.0,1.4,0.3,0,[0.05495501 0.36211689 0.5829281 ],[ 6.31405    41.60537995 66.97546004],0,6.31405,41.60537995,66.97546004,0.15176042154731578,0.11630136588490576,0.0,4.440892098500626e-16,1.5539620895893917e-14,0.6928381240213167,0.054955011493501536,0.5000000189376117
46,0,5.1,3.8,1.6,0.2,0,[0.03809114 0.4849973  0.47691156],[ 6.17531574 78.62751123 77.31665382],0,6.17531574,78.62751123,77.31665382,0.07987044750147633,0.07919906125299174,0.0,0.0,1.047963194966436e-29,0.5611795835214063,0.038091139386025104,0.5000000361203958
47,0,4.6,3.2,1.4,0.2,0,[0.04851264 0.37807475 0.57341262],[ 6.38957271 49.79601809 75.52386267],0,6.38957271,49.79601809,75.52386267,0.12831493269850097,0.10197221176957061,0.0,0.0,5.565831595936072e-18,0.67043789009756,0.04851263551410049,0.5000000249204662
48,0,5.3,3.7,1.5,0.2,0,[0.0359278  0.44688127 0.51719092],[ 5.14407938 63.98367084 74.05048269],0,5.14407938,63.98367084,74.05048269,0.08039675299004154,0.0745334288416883,0.0,0.0,1.4967073959781225e-24,0.589046531279829,0.03592780323806326,0.5000000304046043
49,0,5.0,3.3,1.4,0.2,0,[0.03676603 0.46033355 0.50290042],[ 5.34798525 66.96009218 73.15186591],0,5.34798525,66.96009218,73.15186591,0.07986824802367126,0.07633874114425576,0.0,0.0,9.817488625815492e-26,0.5764324836455939,0.036766034188964195,0.5000000310069269
50,1,7.0,3.2,4.7,1.4,1,[0.82727219 0.08339932 0.08932848],[90.74441595  9.14816556  9.79854147],0,90.74441595,9.14816556,9.79854147,0.9336252325996816,0.18197526300331948,0.0,0.34290483186756826,0.5852323578775427,0.9940708428145762,0.08339932449761306,0.6469880276085442
51,1,6.4,3.2,4.5,1.5,1,[0.83488545 0.06770201 0.09741254],[79.92852017  6.48151357  9.32587814],0,79.92852017,6.48151357,9.32587814,0.6950030304926327,0.14523684417978042,0.0,0.05497335186019148,0.1937957632399093,0.9702894711700709,0.06770200902307734,0.5203819818522724
52,1,6.9,3.1,4.9,1.5,2,[0.85478727 0.07585615 0.06935657],[91.72480843  8.13990976  7.4424582 ],1,91.72480843,8.13990976,7.4424582,1.0,0.16416525404912907,0.008275179300155179,0.6676225082378618,0.5787752229818077,0.9935004201633387,0.07585615458131377,0.8304902109084
53,1,5.5,2.3,4.0,1.3,1,[0.72517104 0.06568854 0.20914042],[75.66285332  6.85380752 21.82128086],0,75.66285332,6.85380752,21.82128086,0.3140882317430523,0.14061380505681353,0.0,3.160157899806393e-07,4.59304324350432e-06,0.8565481252937488,0.06568854443804224,0.5000001285245895
54,1,6.5,2.8,4.6,1.5,1,[0.84713656 0.05817445 0.09468899],[83.9941798   5.76803749  9.38847947],0,83.9941798,5.76803749,9.38847947,0.6143739790683727,0.12353551580061926,0.0,0.026072849572256418,0.10996965231357737,0.9634854610378889,0.05817445240857656,0.5095274184724172
55,1,5.7,2.8,4.5,1.3,1,[0.80808553 0.05180087 0.1401136 ],[73.86098682  4.73472601 12.80672422],0,73.86098682,4.73472601,12.80672422,0.3697062518326247,0.1092615912679523,0.0,0.0003120614856475523,0.0025769509115620404,0.9116872758491543,0.05180087274213657,0.5001125821261961
56,1,6.3,3.3,4.7,1.6,2,[0.82415906 0.09620179 0.07963914],[78.99000196  9.22028309  7.63286644],1,78.99000196,9.22028309,7.63286644,1.0,0.2128833473214128,0.022246081466272324,0.8302523333317104,0.4146011155267772,0.9834373491970465,0.09620179372822289,0.9281449077005113
57,1,4.9,2.4,3.3,1.0,1,[0.5480698  0.13455538 0.31737482],[56.28586394 13.81861541 32.59387032],0,56.28586394,13.81861541,32.59387032,0.423963624875097,0.3109508714160967,0.0,7.014720804221497e-09,1.2626646755226471e-07,0.8171805586930306,0.13455537946100127,0.5000000089485658
58,1,6.6,2.9,4.6,1.3,1,[0.82120065 0.05566463 0.12313472],[85.31788582  5.78322498 12.7929686 ],0,85.31788582,5.78322498,12.7929686,0.45206278232778097,0.11789164438676406,0.0,0.000902225334497353,0.006578299675897369,0.9325299029510191,0.05566462510032439,0.5003255713866991
59,1,5.2,2.7,3.9,1.4,1,[0.76962783 0.05444446 0.17592772],[71.09621699  5.02943717 16.25174502],0,71.09621699,5.02943717,16.25174502,0.30947059306561336,0.11515866092694979,0.0,1.3372352583806979e-05,0.00014877049979334544,0.878516737324337,0.05444445518698305,0.5000048352950592
60,1,5.0,2.0,3.5,1.0,1,[0.53540545 0.13119619 0.33339836],[59.39074233 14.55315608 36.98276886],0,59.39074233,14.55315608,36.98276886,0.3935118036915555,0.3020156866756986,0.0,1.81527681775151e-10,3.871360311772173e-09,0.7977978304783717,0.13119618968129487,0.5000000086569619
61,1,5.9,3.0,4.2,1.5,1,[0.82124205 0.05604551 0.12271244],[73.64747475  5.02605836 11.00462549],0,73.64747475,5.02605836,11.00462549,0.4567223449912495,0.1187462176515812,0.0,0.0025260552541742642,0.016048830143935836,0.9333330743709837,0.05604551251283114,0.5009122447341472
62,1,6.0,2.2,4.0,1.0,1,[0.64701713 0.0859974  0.26698546],[66.57548727  8.84879063 27.47174128],0,66.57548727,8.84879063,27.47174128,0.32210519673610927,0.1881775947306599,0.0,8.168744014547258e-09,1.4590667176257898e-07,0.819011942364445,0.08599740495727506,0.5000000148135421
63,1,6.1,2.9,4.7,1.4,1,[0.84747043 0.0528363  0.09969327],[76.38409784  4.76223515  8.98554128],0,76.38409784,4.76223515,8.98554128,0.5299886785974469,0.11156741902573558,0.0,0.014438601738856582,0.0687435309607095,0.9531430344241842,0.052836304454086484,0.5052454052809436
64,1,5.6,2.9,3.6,1.3,1,[0.71889474 0.05522889 0.22587636],[72.76610607  5.59023647 22.86307358],0,72.76610607,5.59023647,22.86307358,0.24450940291097514,0.1169148682513682,0.0,3.151389937894322e-08,5.241597552396938e-07,0.8293525316392691,0.05522889465512529,0.5000000261546453
65,1,6.7,3.1,4.4,1.4,1,[0.83961558 0.05941626 0.10096816],[87.16272733  6.16816013 10.48177377],0,87.16272733,6.16816013,10.48177377,0.5884652984083184,0.12633911915954604,0.0,0.013208298875537317,0.06396415106543439,0.9584480969002277,0.05941626056839872,0.5047954960992772
66,1,5.6,3.0,4.5,1.5,1,[0.81468281 0.06014004 0.12517714],[72.17763417  5.32816703 11.0901934 ],0,72.17763417,5.32816703,11.0901934,0.4804395051865877,0.127976607181035,0.0,0.003134874403385779,0.019299827245596778,0.9349629021498116,0.060140044185923724,0.5011324514835189
67,1,5.8,2.7,4.1,1.0,1,[0.69022414 0.07636165 0.23341422],[57.78431141  6.3928585  19.54101424],0,57.78431141,6.3928585,19.54101424,0.3271508029806773,0.16534966897574652,0.0,1.9490710391201205e-06,2.5100540724690816e-05,0.8429474328267195,0.07636164788846102,0.5000007105871851
68,1,6.2,2.2,4.5,1.5,1,[0.80511878 0.06924594 0.12563528],[84.32207425  7.25229777 13.15809238],0,84.32207425,7.25229777,13.15809238,0.5511663514744859,0.14879535028655305,0.0,0.0027162187687616024,0.017077311741695425,0.9436106593712158,0.06924593831987357,0.5009810147468162
69,1,5.6,2.5,3.9,1.1,1,[0.6972637  0.06933692 0.23339937],[62.29465239  6.19467117 20.85227269],0,62.29465239,6.19467117,20.85227269,0.29707414926880693,0.14900541815324567,0.0,4.308085905790904e-07,6.139954378079519e-06,0.8359375460583855,0.06933692065000084,0.5000001652317673
70,1,5.9,3.2,4.8,1.8,2,[0.8110262  0.12227833 0.06669547],[73.98666907 11.1549618   6.08436081],1,73.98666907,11.1549618,6.08436081,1.0,0.27862665976543516,0.07467494286806628,0.9937605298185588,0.03449522736271732,0.9444171458532242,0.12227832873559531,0.9993411534081096
71,1,6.1,2.8,4.0,1.3,1,[0.77270406 0.04875723 0.17853871],[78.47476637  4.95171762 18.13214666],0,78.47476637,4.95171762,18.13214666,0.2730905343188367,0.10251269737518261,0.0,1.8871724125624212e-06,2.4358835707181682e-05,0.8702185234724783,0.04875723105224088,0.5000006962558579
72,1,6.3,2.5,4.9,1.5,1,[0.84042356 0.06838818 0.09118826],[81.49900594  6.63185674  8.84286557],0,81.49900594,6.63185674,8.84286557,0.7499669294701302,0.1468168996060503,0.0,0.0987662393825498,0.29342802713942506,0.9771999192989963,0.06838817955760726,0.5374365040177448
73,1,6.1,2.8,4.7,1.2,1,[0.78931861 0.07093066 0.13975074],[66.8946597   6.01136477 11.84385866],0,66.8946597,6.01136477,11.84385866,0.5075512079348343,0.15269184371396924,0.0,0.0029221946206989813,0.018177618283931635,0.9311799181954674,0.07093065557043995,0.5010555086897666
74,1,6.4,2.9,4.3,1.3,1,[0.80889649 0.05104457 0.14005894],[81.8483702   5.16495657 14.1718948 ],0,81.8483702,5.16495657,14.1718948,0.3644506710306338,0.10758055229054865,0.0,0.00012254150377766226,0.001116201575035582,0.91098563515345,0.05104457439346352,0.5000442154493085
75,1,6.6,3.0,4.4,1.4,1,[0.83398037 0.05988504 0.10613459],[83.33127532  5.98370997 10.60496276],0,83.33127532,5.98370997,10.60496276,0.5642367733722964,0.12739939542344936,0.0,0.00974456925849665,0.04990338874474501,0.9537504484325665,0.059885038840751414,0.50353180183628
76,1,6.8,2.8,4.8,1.4,2,[0.83934699 0.08137655 0.07927646],[89.90336588  8.71632999  8.49138799],1,89.90336588,8.71632999,8.49138799,1.0,0.17717062438794087,0.0027630086607301,0.5559995724763516,0.6252088243311461,0.9978999185528558,0.08137654550589124,0.7633920335546419
77,1,6.7,3.0,5.0,1.7,2,[0.65272035 0.3096063  0.03767336],[86.94425315 41.24046132  5.01820113],1,86.94425315,41.24046132,5.01820113,1.0,0.8968977968669131,0.4421335984884905,0.9999999999999998,6.325665149425897e-15,0.7280670619965913,0.3096062960328355,1.0
78,1,6.0,2.9,4.5,1.5,1,[0.81018915 0.06739672 0.12241413],[62.0388695  5.1607906  9.3736555],0,62.0388695,5.1607906,9.3736555,0.5505632887243869,0.14453460649530223,0.0,0.014587937538278362,0.0693168996196872,0.9449825978288319,0.06739672377373983,0.5053000486052038
79,1,5.7,2.6,3.5,1.0,1,[0.70581625 0.06785624 0.22632751],[75.36212031  7.24521472 24.16566827],0,75.36212031,7.24521472,24.16566827,0.2998143746223073,0.14559179548193693,0.0,4.482707205433201e-08,7.312147059520766e-07,0.8415287289212972,0.0678562417091076,0.5000000311686691
80,1,5.5,2.4,3.8,1.1,1,[0.68681486 0.06184944 0.2513357 ],[75.4054854   6.79045745 27.59417642],0,75.4054854,6.79045745,27.59417642,0.24608299035271286,0.13185397563217255,0.0,9.226981401155854e-10,1.83124212736096e-08,0.8105137410530612,0.061849440506014944,0.5000000169137647
81,1,5.5,2.4,3.7,1.0,1,[0.61363898 0.08754756 0.29881346],[59.79910667  8.53150773 29.11936618],0,59.79910667,8.53150773,29.11936618,0.2929839776377652,0.1918950574916021,0.0,1.1450032033621937e-09,2.2499444121753996e-08,0.7887340938679053,0.08754755700447418,0.5000000106593266
82,1,5.8,2.7,3.9,1.2,1,[0.72962677 0.05420924 0.21616399],[64.11060672  4.7632399  18.99382672],0,64.11060672,4.7632399,18.99382672,0.25077831707992027,0.11463263035959077,0.0,6.602894876417409e-07,9.153908694412705e-06,0.838045252834072,0.05420924122475223,0.5000002490167842
83,1,6.0,2.7,5.1,1.6,2,[0.82599401 0.1013964  0.07260959],[76.16604116  9.3499012   6.69543015],1,76.16604116,9.3499012,6.69543015,1.0,0.22567548106392232,0.038209985652489654,0.9342860270991845,0.22064971397439845,0.9712131922807749,0.10139639987339563,0.9806904307030124
84,1,5.4,3.0,4.5,1.5,1,[0.80553191 0.06560834 0.12885975],[71.0280842   5.78504022 11.3622576 ],0,71.0280842,5.78504022,11.3622576,0.5091453145271811,0.14043005754005916,0.0,0.003768820014893648,0.022569807966851405,0.936748588413581,0.06560833746795931,0.5013618889513789
85,1,6.0,3.4,4.5,1.6,1,[0.77368877 0.10489048 0.12142075],[62.22523551  8.4359955   9.76547015],0,62.22523551,8.4359955,9.76547015,0.8638596370228155,0.2343634618504068,0.0,0.20924627754048175,0.46691297363668494,0.983469735413633,0.10489048261612313,0.583874622573039
86,1,6.7,3.1,4.7,1.5,1,[0.84436935 0.0715949  0.08403575],[86.65043188  7.34717449  8.62387276],0,86.65043188,7.34717449,8.62387276,0.851957663757094,0.15423202546809517,0.0,0.21811277517902516,0.4774286346837316,0.9875591515459424,0.07159489954945072,0.5878216914091127
87,1,6.3,2.3,4.4,1.3,1,[0.80908175 0.0520449  0.13887335],[85.55606461  5.50346983 14.68511329],0,85.55606461,5.50346983,14.68511329,0.3747652279518257,0.10980457223638022,0.0,0.0001029006739102778,0.0009536606119665425,0.9131715537664199,0.05204490201716949,0.5000371319969815
88,1,5.6,3.0,4.1,1.3,1,[0.780337   0.05749293 0.16217007],[72.08191507  5.31078325 14.98010339],0,72.08191507,5.31078325,14.98010339,0.35452246966404133,0.12200000284436321,0.0,6.318880991440512e-05,0.0006136683935422322,0.8953228660287723,0.05749293246095813,0.5000228031657853
89,1,5.5,2.5,4.0,1.3,1,[0.74877074 0.05846517 0.19276409],[73.5604041   5.74370941 18.93744429],0,73.5604041,5.74370941,18.93744429,0.30329907889047586,0.12419120033275856,0.0,1.8622283639579962e-06,2.405942266685009e-05,0.8657010823594076,0.05846517032674267,0.5000006852058441
90,1,5.5,2.6,4.4,1.2,1,[0.74665438 0.05240532 0.2009403 ],[73.74849293  5.17617436 19.84726147],0,73.74849293,5.17617436,19.84726147,0.2608004317151368,0.11060703325853834,0.0,4.2503788322267866e-07,6.062926700917039e-06,0.851465013450331,0.052405318241024436,0.5000001676537323
91,1,6.1,3.0,4.6,1.4,1,[0.84142799 0.05442108 0.10415092],[75.9270507   4.91073792  9.3981569 ],0,75.9270507,4.91073792,9.3981569,0.522521380705772,0.1151063808225623,0.0,0.011124495332873519,0.055622085595985395,0.950270161695644,0.054421083434618156,0.50403472193508
92,1,5.8,2.6,4.0,1.2,1,[0.72953743 0.06171212 0.20875045],[57.45986637  4.86057333 16.4416138 ],0,57.45986637,4.86057333,16.4416138,0.29562629245703204,0.1315419750372358,0.0,9.341443087618195e-06,0.00010697597169033843,0.8529616743695877,0.06171212041771216,0.5000033767072793
93,1,5.0,2.3,3.3,1.0,1,[0.55074164 0.13233394 0.31692442],[57.23663112 13.7529985  32.93683472],0,57.23663112,13.7529985,32.93683472,0.4175567754612227,0.3050342663793739,0.0,4.661930397276137e-09,8.564954231519807e-08,0.8154095172808473,0.13233394003354262,0.5000000086139237
94,1,5.6,2.7,4.2,1.3,1,[0.74416414 0.06569841 0.19013745],[56.12093097  4.95462746 14.33916302],0,56.12093097,4.95462746,14.33916302,0.3455311479996319,0.14063641358646345,0.0,8.400623213733471e-05,0.0007940646960366336,0.8755609597245876,0.06569841225521494,0.500030306285382
95,1,5.7,3.0,4.2,1.2,1,[0.75405988 0.05949597 0.18644416],[63.14955873  4.98255414 15.61396718],0,63.14955873,4.98255414,15.61396718,0.31910878780782037,0.1265193268662668,0.0,2.4144904710476922e-05,0.0002556312665645273,0.8730518128905181,0.05949596849148886,0.5000087176824651
96,1,5.7,2.9,4.2,1.3,1,[0.78496569 0.05219437 0.16283994],[72.19920164  4.80070898 14.97761508],0,72.19920164,4.80070898,14.97761508,0.3205255946315502,0.11013728558841698,0.0,3.803726815254649e-05,0.0003869788295602298,0.889354426285797,0.052194369694245915,0.5000137316148406
97,1,6.2,2.9,4.3,1.3,1,[0.8290562  0.04113623 0.12980757],[78.81436359  3.91062254 12.34017797],0,78.81436359,3.91062254,12.34017797,0.3169016321474575,0.08580203406190436,0.0,0.00021827087411074864,0.0018734736090865714,0.9113286606117442,0.041136230889426965,0.5000787475552624
98,1,5.1,2.5,3.0,1.1,1,[0.58164502 0.13105807 0.28729691],[58.8413875  13.25832499 29.0640314 ],0,58.8413875,13.25832499,29.0640314,0.4561763922930466,0.3016497766714664,0.0,1.3666863729611123e-07,2.0906492906334144e-06,0.8437611559035416,0.13105806962112165,0.5000000557640889
99,1,5.7,2.8,4.1,1.3,1,[0.74743578 0.06360081 0.18896341],[56.24080895  4.78564364 14.21855247],0,56.24080895,4.78564364,14.21855247,0.33657741530023855,0.1358412436166572,0.0,8.003961384250857e-05,0.0007600945351096462,0.8746374085249529,0.06360081491283506,0.5000288756345269
100,2,6.3,3.3,6.0,2.5,2,[0.63862228 0.30145843 0.05991929],[79.11158375 37.34422469  7.42271274],0,79.11158375,37.34422469,7.42271274,0.19876467650401866,0.12747690028182374,0.0,1.0125233984581428e-13,2.848876836663433e-12,0.758460856129519,0.05991928761528085,0.5000000209782114
101,2,5.8,2.7,5.1,1.9,2,[0.80509845 0.13013063 0.06477092],[74.64600759 12.06527231  6.00534084],0,74.64600759,12.06527231,6.00534084,0.4977376958599505,0.13851348629122212,0.0,0.002329123389179122,0.014969947359027359,0.9346402897175452,0.0647709201651737,0.5008410439861486
102,2,7.1,3.0,5.9,2.1,2,[0.76201144 0.20528806 0.03270049],[102.03738432  27.48916356   4.37876991],0,102.03738432,27.48916356,4.37876991,0.15929076562418,0.06761192947084645,0.0,9.189315974822421e-11,2.0167097399615368e-09,0.8274124281899633,0.03270049302175141,0.5000000279213317
103,2,6.3,2.9,5.6,1.8,2,[0.8350639  0.12052766 0.04440843],[80.42646526 11.60823011  4.27705397],0,80.42646526,11.60823011,4.27705397,0.3684501365929203,0.09294438260945713,0.0,0.0006543745076716956,0.004962554610192666,0.9238807706207958,0.04440843406194112,0.500236107390997
104,2,6.5,3.0,5.8,2.2,2,[0.65085136 0.31647243 0.03267621],[81.56582753 39.66087638  4.09503963],0,81.56582753,39.66087638,4.09503963,0.10325136516554072,0.0675600259324487,0.0,4.440892098500626e-16,1.1894731779146953e-14,0.716203782798758,0.03267621016348432,0.5000000250993206
105,2,7.6,3.0,6.6,2.1,2,[0.64269586 0.30484559 0.05245856],[100.97453054  47.89456718   8.24181195],0,100.97453054,47.89456718,8.24181195,0.17208239754736873,0.11072562507755453,0.0,0.0,2.1699819815842951e-16,0.7476129740892257,0.05245855916217955,0.5000000320779426
106,2,4.9,2.5,4.5,1.7,1,[0.744145   0.10342436 0.15243064],[72.31932446 10.05124006 14.81388802],1,72.31932446,10.05124006,14.81388802,1.0,0.35968887929725,0.07648618077487404,0.9915294059198856,0.04446439525369492,0.9509937254830885,0.1524306371304643,0.9989763139107378
107,2,7.3,2.9,6.3,1.8,2,[0.77065862 0.17926855 0.05007282],[101.45656244  23.6005549    6.59204502],0,101.45656244,23.6005549,6.59204502,0.27931737400465456,0.105424547760403,0.0,4.104856665687606e-08,6.728702422369497e-07,0.8708042681398888,0.05007282159474522,0.5000000394847826
108,2,6.7,2.5,5.8,1.8,2,[0.79043139 0.15738858 0.05218002],[88.30200858 17.58245978  5.82922317],0,88.30200858,17.58245978,5.82922317,0.33153627209198505,0.1101053489747133,0.0,7.863769598492887e-06,9.12865678160648e-05,0.8947914400739453,0.052180024579909424,0.5000028545813322
109,2,7.2,3.6,6.1,2.5,2,[0.64440712 0.29381221 0.06178067],[100.37924806  45.76710596   9.62357057],0,100.37924806,45.76710596,9.62357057,0.21027264818100216,0.1316977167771332,0.0,2.220446049250313e-16,6.81282516887916e-15,0.7679684606325585,0.06178067168786463,0.5000000300991924
110,2,6.5,3.2,5.1,2.0,2,[0.8094664  0.1472609  0.04327271],[81.00509122 14.73672333  4.33039521],0,81.00509122,14.73672333,4.33039521,0.29385061473540935,0.09045985247434482,0.0,3.023959619585792e-05,0.00031396263904228354,0.8960118084246048,0.04327270498315342,0.5000109225315916
111,2,6.4,2.7,5.3,1.9,2,[0.82278898 0.13104108 0.04616994],[82.96109507 13.21275813  4.65527454],0,82.96109507,13.21275813,4.65527454,0.3523317761397384,0.09680956694585656,0.0,0.00019206519742709371,0.0016709065038488504,0.9151288543129955,0.046169937639032384,0.5000692951891171
112,2,6.8,3.0,5.5,2.1,2,[0.78010001 0.18570697 0.03419302],[91.53658839 21.79077346  4.01219368],0,91.53658839,21.79077346,4.01219368,0.18412350929997123,0.07080714867852883,0.0,1.9004694817859047e-08,3.248472452039157e-07,0.8484860480377134,0.03419301924098406,0.5000000291644905
113,2,5.7,2.5,5.0,2.0,2,[0.61810786 0.32328047 0.05861167],[76.07678143 39.78939443  7.21393104],0,76.07678143,39.78939443,7.21393104,0.181302860804024,0.12452177671923864,0.0,7.105427357601002e-15,2.176716458484859e-13,0.7353312065596254,0.05861167349978462,0.5000000209161166
114,2,5.8,2.8,5.1,2.4,2,[0.70234619 0.23718232 0.06047149],[74.71824291 25.23235214  6.43318585],0,74.71824291,25.23235214,6.43318585,0.25495783405569744,0.128727314662871,0.0,6.848978717499676e-09,1.234321412991524e-07,0.8232891693566111,0.06047149100657249,0.5000000182092172
115,2,6.4,3.2,5.3,2.3,2,[0.6336496  0.32802578 0.03832462],[79.92852017 41.37715021  4.83426525],0,79.92852017,41.37715021,4.83426525,0.11683417599684823,0.07970386272589833,0.0,2.220446049250313e-16,4.58422561051035e-15,0.7102988456653432,0.038324621190086734,0.500000024594563
116,2,6.5,3.0,5.5,1.8,2,[0.76747749 0.19624316 0.03627935],[83.4036812  21.32623033  3.94256686],0,83.4036812,21.32623033,3.94256686,0.18486937441864956,0.07529017837077724,0.0,2.8207907232236096e-08,4.7201790845493583e-07,0.8400361919836395,0.036279349825949256,0.5000000294331983
117,2,7.7,3.8,6.7,2.2,2,[0.56085515 0.35971137 0.07943349],[101.80312364  65.2926892   14.41829903],0,101.80312364,65.2926892,14.41829903,0.22082562697967684,0.17257522836473996,0.0,0.0,3.725528092149762e-21,0.7197221216267975,0.07943348801577983,0.5000000341964469
118,2,7.7,2.6,6.9,2.3,2,[0.54449398 0.39620174 0.05930427],[105.23987079  76.57792627  11.46233822],0,105.23987079,76.57792627,11.46233822,0.14968201384085764,0.12608598723799666,0.0,0.0,3.1153004521171882e-27,0.6631025327288196,0.05930427461329898,0.5000000416385553
119,2,6.0,2.2,5.0,1.5,1,[0.78304961 0.08647492 0.13047548],[81.43329949  8.99296545 13.56880632],1,81.43329949,8.99296545,13.56880632,1.0,0.3001076363975251,0.06316703160714517,0.989807323911177,0.0517789956289361,0.9559994448341128,0.13047547499578996,0.9986634462217877
120,2,6.9,3.2,5.7,2.3,2,[0.72254734 0.24131501 0.03613766],[90.39822292 30.19102937  4.52119843],0,90.39822292,30.19102937,4.52119843,0.1497530400319122,0.0749850976611444,0.0,7.107869848255177e-12,1.7254796004053583e-10,0.7948226483713621,0.03613765599871754,0.5000000245645634
121,2,5.6,2.8,4.9,2.0,2,[0.78594511 0.13532443 0.07873046],[73.09366912 12.58530571  7.32201009],0,73.09366912,12.58530571,7.32201009,0.5817904036769092,0.17091731324650078,0.0,0.005151535412871611,0.029381524680432917,0.9434060228021142,0.07873045749160297,0.5018628273169854
122,2,7.7,2.8,6.7,2.0,2,[0.67866008 0.25614537 0.06519456],[102.03982659  38.51269518   9.80231746],0,102.03982659,38.51269518,9.80231746,0.2545217210566949,0.1394826266568311,0.0,3.397282455352979e-13,9.18970161829359e-12,0.8090491941141291,0.06519455915176801,0.5000000279528277
123,2,6.3,2.7,4.9,1.8,2,[0.83994431 0.09962119 0.06043451],[80.00385595  9.48881834  5.75632652],0,80.00385595,9.48881834,5.75632652,0.6066431364933641,0.12864352452398609,0.0,0.02337371832526991,0.10093954877537839,0.9608133230981994,0.06043450819418171,0.5085295580276962
124,2,6.7,3.3,5.7,2.1,2,[0.75856505 0.19986766 0.0415673 ],[86.72992456 22.85170803  4.75256327],0,86.72992456,22.85170803,4.75256327,0.2079740938205933,0.08674014353655396,0.0,1.3792446074134546e-08,2.3977879048533394e-07,0.8416996365461498,0.04156729519292595,0.5000000253995193
125,2,7.2,3.2,6.0,1.8,2,[0.79029737 0.16573616 0.04396647],[100.39903777  21.05505025   5.58548093],0,100.39903777,21.05505025,5.58548093,0.2652798669874806,0.09197682879127551,0.0,1.9127196693169424e-07,2.8674055137843168e-06,0.8782303069214071,0.04396646632321585,0.500000093092992
126,2,6.2,2.8,4.8,1.8,2,[0.84481214 0.0902234  0.06496446],[78.00202495  8.33038222  5.99820873],0,78.00202495,8.33038222,5.99820873,0.7200400378843552,0.13895613307873536,0.0,0.08849318801502737,0.27219582517179464,0.9747410599697436,0.06496446137033766,0.5333690011298786
127,2,6.1,3.0,4.9,1.8,2,[0.82889585 0.11715975 0.0539444 ],[77.17933829 10.9088639   5.02281769],0,77.17933829,10.9088639,5.02281769,0.46043453613346164,0.11404064483123627,0.0,0.0027702428336227047,0.017367240994802947,0.9367846446368794,0.05394439558732557,0.5010005515525741
128,2,6.4,2.8,5.6,2.1,2,[0.69658432 0.26917938 0.0342363 ],[81.69885389 31.57068949  4.01540219],0,81.69885389,31.57068949,4.01540219,0.12718766218725405,0.07089994485910675,0.0,1.078692690725802e-12,2.803710081113787e-11,0.7650569119007773,0.034236296657265554,0.5000000222872167
129,2,7.2,3.0,5.8,1.6,2,[0.80425028 0.14472789 0.05102182],[96.0326166  17.28143393  6.09233131],0,96.0326166,17.28143393,6.09233131,0.3525362151268812,0.10753002441263045,0.0,1.3823832757942078e-05,0.00015337550223097426,0.9062939313000936,0.05102182325658664,0.5000050067328964
130,2,7.4,2.8,6.1,1.9,2,[0.77108369 0.18376568 0.04515063],[102.04750469  24.32009621   5.97536792],0,102.04750469,24.32009621,5.97536792,0.2456967220918039,0.09457120143689346,0.0,1.07891126033266e-08,1.8997826114892883e-07,0.8613849420681192,0.04515062623449201,0.5000000294884869
131,2,7.9,3.8,6.4,2.0,2,[0.55350756 0.37082846 0.07566398],[101.97256148  68.31763648  13.93955703],0,101.97256148,68.31763648,13.93955703,0.20404038763660634,0.16371531887126692,0.0,0.0,1.1980627640213556e-22,0.7048355220759183,0.07566398289288816,0.5000000356939172
132,2,6.4,2.8,5.6,2.2,2,[0.60447358 0.3642981  0.03122832],[82.95777525 49.99616372  4.28576497],0,82.95777525,49.99616372,4.28576497,0.08572187646069014,0.06446992098372623,0.0,0.0,5.853243806582673e-19,0.6669302145270504,0.03122831692964356,0.5000000291914471
133,2,6.3,2.8,5.1,1.5,2,[0.84194373 0.08103706 0.07701921],[81.33994009  7.82896684  7.44080382],0,81.33994009,7.82896684,7.44080382,0.95041963660298,0.16689234119858262,0.0,0.404159594344467,0.6141040281060771,0.9959821531709121,0.07701921227336851,0.6785251384558224
134,2,6.1,2.6,5.6,1.4,1,[0.80117672 0.09390538 0.1049179 ],[78.90260588  9.24812099 10.33267091],1,78.90260588,9.24812099,10.33267091,1.0,0.23443189356801655,0.015570424814671665,0.7473540473874475,0.5144885054362277,0.9889874847493408,0.1049178962425425,0.8791930903832376
135,2,7.7,3.0,6.1,2.3,2,[0.68201852 0.2669455  0.05103599],[101.03203244  39.54444818   7.56030696],0,101.03203244,39.54444818,7.56030696,0.19118504133362813,0.10756147723357963,0.0,1.2878587085651816e-14,3.863108889747669e-13,0.7840904899972174,0.05103598561475547,0.5000000295786199
136,2,6.3,3.4,5.6,2.4,2,[0.67307192 0.27440921 0.05251887],[79.09221068 32.24563383  6.17145564],0,79.09221068,32.24563383,6.17145564,0.1913888767807983,0.11085998057623327,0.0,4.743760939618369e-12,1.1690657008347225e-10,0.7781096631798967,0.052518869843234964,0.5000000200365617
137,2,6.4,3.1,5.5,1.8,2,[0.84116199 0.11285237 0.04598564],[80.90460448 10.85436149  4.42298879],0,80.90460448,10.85436149,4.42298879,0.40748493531078395,0.096404503759331,0.0,0.0016076502406838777,0.010875849361785133,0.9331332710384068,0.0459856404560561,0.5005803178192613
138,2,6.0,3.0,4.8,1.8,2,[0.84216255 0.08108899 0.07674845],[66.86422803  6.43813123  6.09351007],0,66.86422803,6.43813123,6.09351007,0.9464718644844287,0.16625686079817298,0.0,0.41468738060804644,0.6176148174174422,0.9956594573130337,0.07674845204599073,0.6841091496440568
139,2,6.9,3.1,5.4,2.1,2,[0.7827506  0.18197335 0.03527605],[93.59740755 21.75946444  4.21813413],0,93.59740755,21.75946444,4.21813413,0.19385284695022337,0.07313190895627836,0.0,2.4093341211006702e-08,4.066244313736003e-07,0.8533027019689247,0.0352760519680141,0.5000000315832683
140,2,6.7,3.1,5.6,2.4,2,[0.65432787 0.30516729 0.04050485],[84.79713299 39.54792758  5.2491956 ],0,84.79713299,39.54792758,5.2491956,0.13272997906777473,0.08442949926363241,0.0,1.3322676295501878e-15,4.080185182723311e-14,0.7353375605262726,0.04050484763054368,0.5000000253914828
141,2,6.9,3.1,5.1,2.3,2,[0.65409463 0.31084845 0.03505692],[90.77222975 43.13811183  4.86503726],0,90.77222975,43.13811183,4.86503726,0.11277816885123557,0.07266111343642409,0.0,0.0,8.322691705239842e-16,0.7242084663025792,0.035056919322656296,0.5000000291185399
142,2,5.8,2.7,5.1,1.9,2,[0.79760291 0.14479413 0.05760296],[75.35658384 13.67997859  5.44225975],0,75.35658384,13.67997859,5.44225975,0.39782662770981525,0.12224775084182801,0.0,0.0002644169639347549,0.002223390869863262,0.9128088321823233,0.05760295931265806,0.5000953933875747
143,2,6.8,3.2,5.9,2.3,2,[0.62672609 0.33833387 0.03494004],[88.40363791 47.72410985  4.92851149],0,88.40363791,47.72410985,4.92851149,0.1032708940069781,0.07241009376893241,0.0,0.0,1.0107934817380457e-17,0.6966061726913646,0.03494004106000039,0.5000000298725131
144,2,6.7,3.3,5.7,2.5,2,[0.66631804 0.27976249 0.05391947],[86.72992456 36.41471178  7.018318  ],0,86.72992456,36.41471178,7.018318,0.1927330371913565,0.11398495636478348,0.0,1.7119639039719914e-13,4.7345952757997634e-12,0.7741569870718551,0.05391947375144436,0.5000000236824305
145,2,6.7,3.0,5.2,2.3,2,[0.73132326 0.22995183 0.03872492],[85.56981275 26.90593323  4.53107944],0,85.56981275,26.90593323,4.53107944,0.16840447053438243,0.08056989354354012,0.0,1.9174528631538124e-10,4.079706447443722e-09,0.8087730890100345,0.03872491560810073,0.5000000216977007
146,2,6.3,2.5,5.0,1.9,2,[0.81230571 0.1232603  0.06443399],[82.68908309 12.54734647  6.55909111],0,82.68908309,12.54734647,6.55909111,0.5227472697242935,0.13774332238547346,0.0,0.002501761347992737,0.015916517549427488,0.9411736850450045,0.06443398556994252,0.5009034632174282
147,2,6.5,3.0,5.2,2.0,2,[0.79424108 0.16824805 0.03751087],[81.8882197  17.3467901   3.86746296],0,81.8882197,17.3467901,3.86746296,0.2229497755770418,0.07794553490177727,0.0,1.3995937533373137e-06,1.8446158844390064e-05,0.8692628141786067,0.037510865224009676,0.5000005221287505
148,2,6.2,3.4,5.4,2.3,2,[0.69672521 0.24935609 0.0539187 ],[78.5643071  28.11795528  6.07999398],0,78.5643071,28.11795528,6.07999398,0.21623172521753042,0.11398322165739616,0.0,2.685560662740727e-10,5.631636361668589e-09,0.8045626079931648,0.05391869741002123,0.5000000185185413
149,2,5.9,3.0,5.1,1.8,2,[0.83119788 0.10848917 0.06031295],[73.54011554  9.59856363  5.33618009],0,73.54011554,9.59856363,5.33618009,0.5559352727283077,0.12836817094388372,0.0,0.013892948102059322,0.06663627595432635,0.9518237884117339,0.060312953697482796,0.505045794327626
