sepal_length,sepal_width,petal_length,petal_width,class,feature_kDN,feature_DS,feature_DCP,feature_TD_P,feature_TD_U,feature_CL,feature_CLD,feature_MV,feature_CB,feature_N1,feature_N2,feature_LSC,feature_LSR,feature_Harmfulness,feature_Usefulness,feature_F1,feature_F2,feature_F3,feature_F4,instance_hardness,comittee_vote
5.1,3.5,1.4,0.2,Iris-setosa,0.0,0.0,0.0,0.25,0.2,0.06608193019956565,0.050373142935755066,0.0,0.75,0.0,0.03772378516624042,0.0,0.0,0.0,0.020000000000000018,0.375,0.3,0.41379638224936494,0.5217391304347823,0.08406461199836146,Iris-setosa
4.9,3.0,1.4,0.2,Iris-setosa,0.0,0.0,0.0,0.25,0.2,0.06608193019956565,0.050373142935755066,0.0,0.75,0.0,0.06377799415774088,0.020000000000000018,0.0005197505197505059,0.0,0.020000000000000018,0.5,0.3,0.43196768889191994,0.6159139784946236,0.120880750550448,Iris-setosa
4.7,3.2,1.3,0.2,Iris-setosa,0.0,0.0,0.0,0.25,0.2,0.06608193019956565,0.050373142935755066,0.0,0.75,0.0,0.040442741592166986,0.0,0.0,0.0,0.020000000000000018,0.25,0.3,0.39963904899944946,0.5559038662486938,0.0996239330166131,Iris-setosa
4.6,3.1,1.5,0.2,Iris-setosa,0.0,0.0,0.0,0.25,0.2,0.06608193019956565,0.050373142935755066,0.0,0.75,0.0,0.054677206851119875,0.0,0.0,0.0,0.020000000000000018,0.25,0.3,0.409558530821011,0.5941855834328952,0.11318370082552498,Iris-setosa
5.0,3.6,1.4,0.2,Iris-setosa,0.0,0.0,0.0,0.25,0.2,0.06608193019956565,0.050373142935755066,0.0,0.75,0.0,0.057786483839373126,0.0,0.0,0.0,0.020000000000000018,0.375,0.3,0.39740324246279995,0.4799999999999998,0.1077490238719756,Iris-setosa
5.4,3.9,1.7,0.4,Iris-setosa,0.0,0.0,0.0,0.25,0.2,0.06608193019956865,0.05037314293575812,0.0,0.75,0.0,0.05480494766888666,0.0,0.0,0.0,0.040000000000000036,0.25,0.35714285714285715,0.4454026774090844,0.6315789473684209,0.08024909612107989,Iris-setosa
4.6,3.4,1.4,0.3,Iris-setosa,0.0,0.0,0.0,0.25,0.2,0.06608193019956565,0.050373142935755066,0.0,0.75,0.0,0.10091220068415041,0.0,0.0,0.0,0.020000000000000018,0.25,0.3259259259259259,0.3873917786708484,0.4924924924924925,0.08982460683209748,Iris-setosa
5.0,3.4,1.5,0.2,Iris-setosa,0.0,0.0,0.0,0.25,0.2,0.06608193019956565,0.050373142935755066,0.0,0.75,0.0,0.026210573078631727,0.0,0.0,0.0,0.020000000000000018,0.5,0.3,0.4132261671768194,0.4924924924924925,0.10009255834590913,Iris-setosa
4.4,2.9,1.4,0.2,Iris-setosa,0.0,0.0,0.0,0.25,0.2,0.06608193019956565,0.050373142935755066,0.0,0.75,0.0,0.05523513753327414,0.020000000000000018,0.07713976164680403,0.0,0.020000000000000018,0.25,0.3,0.40342688492334594,0.6218708827404479,0.11983090582932454,Iris-setosa
4.9,3.1,1.5,0.1,Iris-setosa,0.0,0.0,0.0,0.25,0.2,0.06608193019956565,0.050373142935755066,0.0,0.75,0.0,0.0,0.0,0.0,0.0,0.020000000000000018,0.5,0.27807486631016043,0.42427926760057133,0.5941855834328952,0.12274935782224405,Iris-setosa
5.4,3.7,1.5,0.2,Iris-setosa,0.0,0.0,0.0,0.25,0.2,0.06608193019956565,0.050373142935755066,0.0,0.75,0.0,0.02256645630139631,0.0,0.0,0.0,0.040000000000000036,0.375,0.3,0.4331458627880695,0.6315789473684209,0.09793073222963733,Iris-setosa
4.8,3.4,1.6,0.2,Iris-setosa,0.0,0.0,0.0,0.25,0.2,0.06608193019956565,0.050373142935755066,0.0,0.75,0.0,0.04553119730185484,0.0,0.0,0.0,0.020000000000000018,0.25,0.3,0.40016724758104066,0.4924924924924925,0.08374942797009466,Iris-setosa
4.8,3.0,1.4,0.1,Iris-setosa,0.0,0.0,0.0,0.25,0.2,0.06608193019956565,0.050373142935755066,0.0,0.75,0.0,0.06650135256988288,0.020000000000000018,0.00048274197441477984,0.0,0.020000000000000018,0.25,0.27807486631016043,0.41882357022041783,0.6159139784946236,0.12220272981644631,Iris-setosa
4.3,3.0,1.1,0.1,Iris-setosa,0.0,0.0,0.0,0.25,0.2,0.06608193019956565,0.050373142935755066,0.0,0.75,0.0,0.08150761232825854,0.020000000000000018,0.00040412204485751335,0.0,0.020000000000000018,0.25,0.27807486631016043,0.3839345448908093,0.6159139784946236,0.0927311312119391,Iris-setosa
5.8,4.0,1.2,0.2,Iris-setosa,0.0,0.0,0.0,0.25,0.2,0.06608193019956565,0.050373142935755066,0.0,0.75,0.0,0.13067484662576678,0.0,0.0,0.0,0.040000000000000036,0.25,0.3,0.36398080148906103,0.4444444444444444,0.08127773240611691,Iris-setosa
5.7,4.4,1.5,0.4,Iris-setosa,0.0,0.0,0.0,0.25,0.2,0.06608193019956565,0.050373142935755066,0.0,0.75,0.0,0.15155131264916477,0.0,0.0,0.0,0.18000000000000005,0.25,0.3138033763654418,0.3828396024307711,0.4799999999999998,0.06868255031929071,Iris-setosa
5.4,3.9,1.3,0.4,Iris-setosa,0.0,0.0,0.0,0.25,0.2,0.06608193019956565,0.05037314293575512,0.0,0.75,0.0,0.05195742377773771,0.0,0.0,0.0,0.040000000000000036,0.25,0.35555555555555557,0.4318964882931392,0.6315789473684209,0.09414046202112203,Iris-setosa
5.1,3.5,1.4,0.3,Iris-setosa,0.0,0.0,0.0,0.25,0.2,0.06608193019956565,0.050373142935755066,0.0,0.75,0.0,0.03920265780730903,0.0,0.0,0.0,0.020000000000000018,0.375,0.3259259259259259,0.4202778637308464,0.5217391304347823,0.08422030287799076,Iris-setosa
5.7,3.8,1.7,0.3,Iris-setosa,0.0,0.0,0.0,0.25,0.2,0.06608193019956687,0.05037314293575634,0.0,0.75,0.0,0.13191727221911675,0.0,0.0,0.0,0.040000000000000036,0.375,0.3259259259259259,0.4041475621963426,0.4799999999999998,0.10134509527131286,Iris-setosa
5.1,3.8,1.5,0.3,Iris-setosa,0.0,0.0,0.0,0.25,0.2,0.06608193019956565,0.050373142935755066,0.0,0.75,0.0,0.04934601664684901,0.0,0.0,0.0,0.040000000000000036,0.375,0.3259259259259259,0.4072903108539005,0.5217391304347823,0.08942131579209156,Iris-setosa
5.4,3.4,1.7,0.2,Iris-setosa,0.0,0.0,0.0,0.25,0.2,0.06608193019956587,0.05037314293575529,0.0,0.75,0.0,0.09247135842880538,0.0,0.0,0.0,0.040000000000000036,0.5,0.3,0.45841293797006244,0.6315789473684209,0.09211871025471985,Iris-setosa
5.1,3.7,1.5,0.4,Iris-setosa,0.0,0.0,0.0,0.25,0.2,0.06608193019956587,0.05037314293575523,0.0,0.75,0.0,0.07379612257661028,0.0,0.0,0.0,0.040000000000000036,0.375,0.35714285714285715,0.41997162284037415,0.5217391304347823,0.08642679108227547,Iris-setosa
4.6,3.6,1.0,0.2,Iris-setosa,0.0,0.0,0.0,0.25,0.2,0.06608193019956565,0.050373142935755066,0.0,0.75,0.0,0.12044374009508707,0.0,0.0,0.0,0.020000000000000018,0.125,0.3,0.35752085152192753,0.4421006372225884,0.08686206991653822,Iris-setosa
5.1,3.3,1.7,0.5,Iris-setosa,0.0,0.0,0.0,0.25,0.2,0.06608193020332587,0.05037314293952988,0.0,0.75,0.0,0.1374431531076301,0.0,0.0,0.0,0.020000000000000018,0.5,0.3956043956043956,0.46229931588943657,0.522273425499232,0.09406215232206694,Iris-setosa
4.8,3.4,1.9,0.2,Iris-setosa,0.0,0.0,0.0,0.25,0.2,0.06608193019956765,0.050373142935757065,0.0,0.75,0.0,0.04770318021201403,0.0,0.0,0.0,0.020000000000000018,0.25,0.3,0.41268251009630313,0.4924924924924925,0.10949757007827543,Iris-setosa
5.0,3.0,1.6,0.2,Iris-setosa,0.0,0.0,0.0,0.25,0.2,0.06608193019956565,0.05037314293575512,0.0,0.75,0.0,0.0677703052250388,0.020000000000000018,0.03378016085790925,0.0,0.020000000000000018,0.5,0.3,0.4475743432195045,0.6159139784946236,0.10576370870549634,Iris-setosa
5.0,3.4,1.6,0.4,Iris-setosa,0.0,0.0,0.0,0.25,0.2,0.0660819301995691,0.050373142935758564,0.0,0.75,0.0,0.09717153284671531,0.0,0.0,0.0,0.020000000000000018,0.5,0.35714285714285715,0.431004686004686,0.4924924924924925,0.12331992700293459,Iris-setosa
5.2,3.5,1.5,0.2,Iris-setosa,0.0,0.0,0.0,0.25,0.2,0.06608193019956565,0.050373142935755066,0.0,0.75,0.0,0.03999158071984865,0.0,0.0,0.0,0.040000000000000036,0.375,0.3,0.4294437033943557,0.5714285714285715,0.10026219173212936,Iris-setosa
5.2,3.4,1.4,0.2,Iris-setosa,0.0,0.0,0.0,0.25,0.2,0.06608193019956565,0.050373142935755066,0.0,0.75,0.0,0.04089539388721497,0.0,0.0,0.0,0.020000000000000018,0.5,0.3,0.43285834913741894,0.5714285714285715,0.10431056882939482,Iris-setosa
4.7,3.2,1.6,0.2,Iris-setosa,0.0,0.0,0.0,0.25,0.2,0.06608193019956565,0.05037314293575512,0.0,0.75,0.0,0.0479148181011535,0.0,0.0,0.0,0.020000000000000018,0.25,0.3,0.4093460087064092,0.5559038662486938,0.10875874224540039,Iris-setosa
4.8,3.1,1.6,0.2,Iris-setosa,0.0,0.0,0.0,0.25,0.2,0.06608193019956565,0.05037314293575512,0.0,0.75,0.0,0.06873252562907717,0.0,0.0,0.0,0.020000000000000018,0.25,0.3,0.42559052031614136,0.5941855834328952,0.11505387498669606,Iris-setosa
5.4,3.4,1.5,0.4,Iris-setosa,0.0,0.0,0.0,0.25,0.2,0.0660819301995701,0.05037314293575951,0.0,0.75,0.0,0.1054191363251481,0.0,0.0,0.0,0.040000000000000036,0.5,0.35714285714285715,0.465406618304639,0.6315789473684209,0.0953016500119388,Iris-setosa
5.2,4.1,1.5,0.1,Iris-setosa,0.0,0.0,0.0,0.25,0.2,0.06608193019956565,0.050373142935755066,0.0,0.75,0.0,0.11854103343465061,0.0,0.0,0.0,0.040000000000000036,0.25,0.27807486631016043,0.39550560353009817,0.5714285714285715,0.10028242189432346,Iris-setosa
5.5,4.2,1.4,0.2,Iris-setosa,0.0,0.0,0.0,0.25,0.2,0.06608193019956565,0.050373142935755066,0.0,0.75,0.0,0.11589895988112942,0.0,0.0,0.0,0.040000000000000036,0.25,0.3,0.394320003321445,0.5714285714285714,0.0867770127098112,Iris-setosa
4.9,3.1,1.5,0.1,Iris-setosa,0.0,0.0,0.0,0.25,0.2,0.06608193019956565,0.050373142935755066,0.0,0.75,0.0,0.0,0.0,0.0,0.0,0.020000000000000018,0.5,0.27807486631016043,0.42427926760057133,0.5941855834328952,0.10952637797993636,Iris-setosa
5.0,3.2,1.2,0.2,Iris-setosa,0.0,0.0,0.0,0.25,0.2,0.06608193019956565,0.050373142935755066,0.0,0.75,0.0,0.07028684037661481,0.0,0.0,0.0,0.020000000000000018,0.5,0.3,0.4200845080361173,0.5559038662486938,0.09719705995523198,Iris-setosa
5.5,3.5,1.3,0.2,Iris-setosa,0.0,0.0,0.0,0.25,0.2,0.06608193019956565,0.050373142935755066,0.0,0.75,0.0,0.09430032190872939,0.0,0.0,0.0,0.040000000000000036,0.375,0.3,0.4232295482295482,0.5714285714285714,0.1128164640121051,Iris-setosa
4.9,3.1,1.5,0.1,Iris-setosa,0.0,0.0,0.0,0.25,0.2,0.06608193019956565,0.050373142935755066,0.0,0.75,0.0,0.0,0.0,0.0,0.0,0.020000000000000018,0.5,0.27807486631016043,0.42427926760057133,0.5941855834328952,0.11094759576972935,Iris-setosa
4.4,3.0,1.3,0.2,Iris-setosa,0.0,0.0,0.0,0.25,0.2,0.06608193019956565,0.050373142935755066,0.0,0.75,0.0,0.05234391423165863,0.020000000000000018,0.00044345898004427564,0.0,0.020000000000000018,0.25,0.3,0.3989484645936259,0.6159139784946236,0.10679857412447946,Iris-setosa
5.1,3.4,1.5,0.2,Iris-setosa,0.0,0.0,0.0,0.25,0.2,0.06608193019956565,0.050373142935755066,0.0,0.75,0.0,0.026916058394160558,0.0,0.0,0.0,0.020000000000000018,0.5,0.3,0.42366094978551505,0.5217391304347823,0.09784519327677166,Iris-setosa
5.0,3.5,1.3,0.3,Iris-setosa,0.0,0.0,0.0,0.25,0.2,0.06608193019956565,0.050373142935755066,0.0,0.75,0.0,0.040271301398897674,0.0,0.0,0.0,0.020000000000000018,0.375,0.3259259259259259,0.4068538868538868,0.4799999999999998,0.08985345622063401,Iris-setosa
4.5,2.3,1.3,0.3,Iris-setosa,0.0,0.0,0.0,0.25,0.2,0.06608193019956587,0.05037314293575529,0.0,0.75,0.5,0.304171988080034,0.36,0.40062339567290073,0.0,0.020000000000000018,0.25,0.3259259259259259,0.3671957671957672,0.4444444444444444,0.1544029765204401,Iris-setosa
4.4,3.2,1.3,0.2,Iris-setosa,0.0,0.0,0.0,0.25,0.2,0.06608193019956565,0.050373142935755066,0.0,0.75,0.0,0.059574468085106136,0.0,0.0,0.0,0.020000000000000018,0.25,0.3,0.38394593653214343,0.5559038662486938,0.10791011477267298,Iris-setosa
5.0,3.5,1.6,0.6,Iris-setosa,0.0,0.0,0.0,0.25,0.2,0.06608193021203068,0.05037314294826861,0.0,0.75,0.0,0.1231447124304268,0.0,0.0,0.0,0.040000000000000036,0.375,0.3943833943833945,0.44619047619047614,0.4799999999999998,0.08213887460964653,Iris-setosa
5.1,3.8,1.9,0.4,Iris-setosa,0.0,0.0,0.0,0.25,0.2,0.0660819301997283,0.050373142935918325,0.0,0.75,0.0,0.09693558474046271,0.0,0.0,0.0,0.040000000000000036,0.375,0.35714285714285715,0.43110261071554806,0.5217391304347823,0.09134807855238469,Iris-setosa
4.8,3.0,1.4,0.3,Iris-setosa,0.0,0.0,0.0,0.25,0.2,0.06608193019956565,0.05037314293575512,0.0,0.75,0.0,0.07226849583537498,0.020000000000000018,0.0005278437582475481,0.0,0.020000000000000018,0.25,0.3259259259259259,0.4307863351243592,0.6159139784946236,0.10392301680887583,Iris-setosa
5.1,3.8,1.6,0.2,Iris-setosa,0.0,0.0,0.0,0.25,0.2,0.06608193019956565,0.050373142935755066,0.0,0.75,0.0,0.04834012813046007,0.0,0.0,0.0,0.040000000000000036,0.375,0.3,0.4043016339145713,0.5217391304347823,0.09673190281502608,Iris-setosa
4.6,3.2,1.4,0.2,Iris-setosa,0.0,0.0,0.0,0.25,0.2,0.06608193019956565,0.050373142935755066,0.0,0.75,0.0,0.04005059021922441,0.0,0.0,0.0,0.020000000000000018,0.25,0.3,0.3967631406284172,0.5559038662486938,0.09468706147308559,Iris-setosa
5.3,3.7,1.5,0.2,Iris-setosa,0.0,0.0,0.0,0.25,0.2,0.06608193019956565,0.050373142935755066,0.0,0.75,0.0,0.022908173170258395,0.0,0.0,0.0,0.040000000000000036,0.375,0.3,0.4331458627880695,0.6315789473684209,0.0846959813082675,Iris-setosa
5.0,3.3,1.4,0.2,Iris-setosa,0.0,0.0,0.0,0.25,0.2,0.06608193019956565,0.050373142935755066,0.0,0.75,0.0,0.05499116607773846,0.0,0.0,0.0,0.020000000000000018,0.5,0.3,0.41744643953196087,0.522273425499232,0.09157049263125783,Iris-setosa
7.0,3.2,4.7,1.4,Iris-versicolor,0.0,0.061224489795918324,0.0,1.0,0.8,0.11691879265430649,0.11172254059745879,0.0,0.75,0.0,0.26190476190476186,0.72,0.7133421400264199,0.0,0.9,0.625,0.3398692810457516,0.3983663554630979,0.5028735632183907,0.12964044894432958,Iris-versicolor
6.4,3.2,4.5,1.5,Iris-versicolor,0.0,0.061224489795918324,0.0,1.0,0.8,0.05650342996182367,0.05148517456300494,0.0,0.75,0.0,0.3287086446104589,0.7,0.7662144582791302,0.0,0.8200000000000001,0.625,0.3386243386243386,0.4144331618723099,0.5028735632183907,0.1324903652670083,Iris-versicolor
6.9,3.1,4.9,1.5,Iris-versicolor,0.1,0.061224489795918324,0.0,1.0,0.8,0.5647983943464729,0.5591285325015596,0.0,0.75,0.0,0.21889400921659008,0.8,0.7770470240052615,0.0,0.88,0.625,0.35195717631314816,0.4167770599552547,0.5382716049382715,0.23966792989889396,Iris-versicolor
5.5,2.3,4.0,1.3,Iris-versicolor,0.0,0.061224489795918324,0.0,1.0,0.8,0.04344012196614144,0.038465267060709685,0.0,0.75,0.0,0.16127562642369042,0.54,0.5491060494734266,0.0,0.54,0.5,0.28122192273135665,0.40939667271520763,0.5602240896358542,0.09007625053062163,Iris-versicolor
6.5,2.8,4.6,1.5,Iris-versicolor,0.1,0.061224489795918324,0.0,1.0,0.8,0.05451909667592669,0.049507315268672525,0.0,0.75,0.3333333333333333,0.5212851405622488,0.98,0.8774419082870656,0.01,0.62,0.625,0.3628205128205127,0.4533414051384098,0.6521739130434782,0.14216834116525812,Iris-versicolor
5.7,2.8,4.5,1.3,Iris-versicolor,0.0,0.061224489795918324,0.0,1.0,0.8,0.04361208353948842,0.03863664527318739,0.0,0.75,0.0,0.16161616161616177,0.43999999999999995,0.5722874320068712,0.0,0.52,0.625,0.3386243386243386,0.4668237326794218,0.6521739130434782,0.09249818562871126,Iris-versicolor
6.3,3.3,4.7,1.6,Iris-versicolor,0.3,0.061224489795918324,0.0,1.0,0.8,0.24751129059173715,0.24203844950136544,0.0,0.75,0.0,0.32748538011695916,0.88,0.7804200659607707,0.02,0.9,0.625,0.39516702203269377,0.4398352929463978,0.47185325743200507,0.17706825935780646,Iris-versicolor
4.9,2.4,3.3,1.0,Iris-versicolor,0.0,0.061224489795918324,0.0,1.0,0.8,0.043433857103081785,0.03845902345663249,0.0,0.75,0.0,0.11456310679611648,0.7,0.596388741370154,0.19,0.84,0.5,0.28327228327228327,0.39245785576430736,0.4865591397849462,0.09234027775982856,Iris-versicolor
6.6,2.9,4.6,1.3,Iris-versicolor,0.0,0.061224489795918324,0.0,1.0,0.8,0.0454466443553897,0.040465002690830365,0.0,0.75,0.0,0.2663523865645253,0.72,0.7408409658617818,0.0,0.5800000000000001,0.5,0.33862433862433866,0.43051451927842216,0.6265328874024526,0.0868140123453015,Iris-versicolor
5.2,2.7,3.9,1.4,Iris-versicolor,0.0,0.061224489795918324,0.0,1.0,0.8,0.04345204352965948,0.03847714817117004,0.0,0.75,0.5,0.34108832807570955,0.62,0.5389072847682117,0.01,0.56,0.625,0.2771241830065359,0.4412584250974344,0.601025641025641,0.0883269496240986,Iris-versicolor
5.0,2.0,3.5,1.0,Iris-versicolor,0.0,0.061224489795918324,0.0,1.0,0.8,0.043433857479015514,0.03845902383129057,0.0,0.75,0.0,0.18559252130877102,0.6599999999999999,0.5140278917145202,0.0,0.86,0.25,0.27580579355365153,0.3722259334661766,0.46950819672131133,0.05599691475668034,Iris-versicolor
5.9,3.0,4.2,1.5,Iris-versicolor,0.0,0.061224489795918324,0.0,1.0,0.8,0.04420207423848277,0.039224636955458414,0.0,0.75,0.0,0.3209798994974874,0.78,0.7438995498696993,0.0,0.54,0.5,0.2953216374269006,0.4486814978565707,0.579047619047619,0.12461295687563245,Iris-versicolor
6.0,2.2,4.0,1.0,Iris-versicolor,0.0,0.061224489795918324,0.0,1.0,0.8,0.04343502515026021,0.03846018754016506,0.0,0.75,0.0,0.41952983725135606,0.78,0.6179481075934301,0.0,0.76,0.25,0.28122192273135665,0.39691332311963884,0.5191297824456114,0.04949663708260088,Iris-versicolor
6.1,2.9,4.7,1.4,Iris-versicolor,0.1,0.061224489795918324,0.0,1.0,0.8,0.0463616319279343,0.04137691006529448,0.0,0.75,0.0,0.2209405501330971,0.84,0.8032713421465382,0.0,0.45999999999999996,0.625,0.35555555555555557,0.4675461894799987,0.6265328874024526,0.12739041501297577,Iris-versicolor
5.6,2.9,3.6,1.3,Iris-versicolor,0.0,0.061224489795918324,0.0,1.0,0.8,0.04343878141790847,0.038463931061413326,0.0,0.75,0.0,0.18587746625129808,0.36,0.2629269821372612,0.07,0.52,0.5,0.2740740740740741,0.4464537877581356,0.6265328874024526,0.08645716526899327,Iris-versicolor
6.7,3.1,4.4,1.4,Iris-versicolor,0.0,0.061224489795918324,0.0,1.0,0.8,0.04771286654469109,0.042723612602453664,0.0,0.75,0.0,0.14906518443658434,0.6599999999999999,0.6828027877189677,0.0,0.8200000000000001,0.5,0.3202185792349727,0.3982482770374631,0.5382716049382715,0.09165374377839552,Iris-versicolor
5.6,3.0,4.5,1.5,Iris-versicolor,0.0,0.061224489795918324,0.0,1.0,0.8,0.045367398998838904,0.04038602453456891,0.0,0.75,0.0,0.16219931271477606,0.74,0.7014450159196668,0.0,0.5800000000000001,0.75,0.3386243386243386,0.4630336491206057,0.579047619047619,0.14535834941478354,Iris-versicolor
5.8,2.7,4.1,1.0,Iris-versicolor,0.0,0.061224489795918324,0.0,1.0,0.8,0.043437109828000864,0.03846226514380696,0.0,0.75,0.0,0.17716115261472776,0.28,0.335344827586207,0.0,0.54,0.5,0.2871794871794871,0.4442735042735042,0.601025641025641,0.06853407272253298,Iris-versicolor
6.2,2.2,4.5,1.5,Iris-versicolor,0.3,0.061224489795918324,0.0,1.0,0.8,0.04452179491478814,0.039543275940814415,0.0,0.75,0.3333333333333333,0.5474563401670458,0.98,0.8361286774814407,0.01,0.9,0.5,0.3386243386243386,0.40688751752581537,0.4693009118541032,0.33022765253706987,Iris-versicolor
5.6,2.5,3.9,1.1,Iris-versicolor,0.0,0.061224489795918324,0.0,1.0,0.8,0.04343522254839749,0.03846038426845383,0.0,0.75,0.0,0.13658355042798664,0.36,0.4253158285855837,0.0,0.56,0.5,0.2771241830065359,0.42046815061190224,0.546583850931677,0.06756244752374108,Iris-versicolor
5.9,3.2,4.8,1.8,Iris-versicolor,0.6,1.0,0.9782608695652174,0.5,0.8,0.9071689398500443,0.9020009435274623,0.0,0.75,1.0,0.6882430647291939,0.98,0.9147706753340556,0.06,0.96,0.625,0.31746031746031744,0.4481063385804329,0.5324779470729751,0.8630489586031732,Iris-virginica
6.1,2.8,4.0,1.3,Iris-versicolor,0.0,0.061224489795918324,0.0,1.0,0.8,0.04347280746935367,0.038497841656975285,0.0,0.75,0.0,0.2699418911780246,0.5800000000000001,0.616643550624133,0.0,0.54,0.375,0.28122192273135665,0.44123736683211656,0.6521739130434782,0.07227868823260786,Iris-versicolor
6.3,2.5,4.9,1.5,Iris-versicolor,0.6,0.061224489795918324,0.0,1.0,0.8,0.06182072683186768,0.0567853299648719,0.0,0.75,0.5,0.5812655086848637,0.98,0.8434601113172544,0.01,0.96,0.625,0.3878787878787879,0.4360740340827762,0.5195402298850575,0.46276564097074724,Iris-versicolor
6.1,2.8,4.7,1.2,Iris-versicolor,0.1,0.061224489795918324,0.0,1.0,0.8,0.043808175815979955,0.03883207272343209,0.0,0.75,0.0,0.3348045397225726,0.8200000000000001,0.7316887080366226,0.0,0.5800000000000001,0.5,0.3333333333333334,0.46840089033469956,0.6521739130434782,0.08848354307419282,Iris-versicolor
6.4,2.9,4.3,1.3,Iris-versicolor,0.0,0.061224489795918324,0.0,1.0,0.8,0.043746099363487834,0.038770206687789466,0.0,0.75,0.0,0.161533196440794,0.6599999999999999,0.7185202205882353,0.0,0.54,0.375,0.30611196712891625,0.4249062877308575,0.6265328874024526,0.06946955676837896,Iris-versicolor
6.6,3.0,4.4,1.4,Iris-versicolor,0.0,0.061224489795918324,0.0,1.0,0.8,0.04606024072073345,0.04107653244700876,0.0,0.75,0.0,0.17517814726840897,0.6799999999999999,0.7229756681292382,0.0,0.72,0.5,0.3202185792349727,0.4122255230261331,0.579047619047619,0.08862881546989332,Iris-versicolor
6.8,2.8,4.8,1.4,Iris-versicolor,0.1,0.061224489795918324,0.0,1.0,0.8,0.06641361073626906,0.06136364737562672,0.0,0.75,0.0,0.4071170084439083,0.86,0.810378086419753,0.0,0.86,0.625,0.35555555555555557,0.4530726763075969,0.6521739130434782,0.15920431172553595,Iris-versicolor
6.7,3.0,5.0,1.7,Iris-versicolor,0.5,0.9795918367346939,0.6666666666666667,0.75,1.0,0.9418297485626008,0.9367662303163322,0.0,0.75,0.5,0.4914473684210525,0.96,0.8731747333880229,0.3,0.9,0.625,0.3504566210045661,0.4194205944260017,0.579047619047619,0.7793866101450599,Iris-virginica
6.0,2.9,4.5,1.5,Iris-versicolor,0.1,0.061224489795918324,0.0,1.0,0.8,0.0462763450503455,0.04129190990986198,0.0,0.75,0.0,0.322083639031548,0.8,0.7889447236180904,0.0,0.48,0.625,0.3386243386243386,0.4680414490877976,0.6265328874024526,0.145853081790295,Iris-versicolor
5.7,2.6,3.5,1.0,Iris-versicolor,0.0,0.061224489795918324,0.0,1.0,0.8,0.04343406003194461,0.038459225696876376,0.0,0.75,0.0,0.21263527347177535,0.31999999999999995,0.3601140955550275,0.03,0.6,0.5,0.27580579355365153,0.4316382283801574,0.5573192239858907,0.07765528749717221,Iris-versicolor
5.5,2.4,3.8,1.1,Iris-versicolor,0.0,0.061224489795918324,0.0,1.0,0.8,0.04343452751723276,0.03845969159580137,0.0,0.75,0.0,0.0922222222222222,0.4,0.44346049046321534,0.0,0.5800000000000001,0.5,0.2746598639455782,0.4150168579976793,0.5602240896358542,0.057469059233005826,Iris-versicolor
5.5,2.4,3.7,1.0,Iris-versicolor,0.0,0.061224489795918324,0.0,1.0,0.8,0.04343408251097591,0.03845924809962736,0.0,0.75,0.0,0.08443540183112919,0.4,0.41972920696324956,0.0,0.6599999999999999,0.5,0.2736754276178556,0.4190035531485529,0.5602240896358542,0.05641305283397979,Iris-versicolor
5.8,2.7,3.9,1.2,Iris-versicolor,0.0,0.061224489795918324,0.0,1.0,0.8,0.0434393954563318,0.03846454301619273,0.0,0.75,0.0,0.10586734693877553,0.31999999999999995,0.3568807339449541,0.0,0.56,0.5,0.2771241830065359,0.43620412267471087,0.601025641025641,0.07466055855486464,Iris-versicolor
6.0,2.7,5.1,1.6,Iris-versicolor,0.8,0.9795918367346939,0.6666666666666667,0.75,1.0,0.3094673242367516,0.3039069058621964,0.0,0.75,1.0,0.5763016157989229,0.98,0.847183250593568,0.08,0.9,0.625,0.32,0.4711499669789242,0.601025641025641,0.86915597743223,Iris-virginica
5.4,3.0,4.5,1.5,Iris-versicolor,0.0,0.061224489795918324,0.0,1.0,0.8,0.04498758023918692,0.040007487404256914,0.0,0.75,0.0,0.1395623891188642,0.7,0.6217832076943074,0.0,0.62,0.75,0.3386243386243386,0.47137279065779564,0.5799404170804369,0.14214848800638513,Iris-versicolor
6.0,3.4,4.5,1.6,Iris-versicolor,0.2,0.061224489795918324,0.0,1.0,0.8,0.08015824062440369,0.07506598556270144,0.0,0.75,0.0,0.34562211981566826,0.86,0.7650735294117648,0.0,0.96,0.625,0.3386243386243386,0.4366607524897097,0.5191297824456114,0.1336714278764758,Iris-versicolor
6.7,3.1,4.7,1.5,Iris-versicolor,0.0,0.061224489795918324,0.0,1.0,0.8,0.11988177521134169,0.1146776915780574,0.0,0.75,0.0,0.2274087372830641,0.74,0.7735882146615223,0.0,0.8200000000000001,0.625,0.37894736842105253,0.42506619581770144,0.5382716049382715,0.13846059466025862,Iris-versicolor
6.3,2.3,4.4,1.3,Iris-versicolor,0.1,0.061224489795918324,0.0,1.0,0.8,0.04355816387832878,0.03858290849371909,0.0,0.75,0.0,0.35377821393523035,0.88,0.5940197287299633,0.0,0.76,0.375,0.3202185792349727,0.39105892640126005,0.457516339869281,0.11611898766902284,Iris-versicolor
5.6,3.0,4.1,1.3,Iris-versicolor,0.0,0.061224489795918324,0.0,1.0,0.8,0.04347498247758952,0.038500009285488745,0.0,0.75,0.0,0.1647217235188514,0.42000000000000004,0.45916884626562016,0.0,0.56,0.5,0.2871794871794871,0.43785882394578046,0.579047619047619,0.08859206036691691,Iris-versicolor
5.5,2.5,4.0,1.3,Iris-versicolor,0.0,0.061224489795918324,0.0,1.0,0.8,0.04344285275229187,0.03846798858043382,0.0,0.75,0.0,0.16619718309859166,0.5,0.5237329042638779,0.0,0.56,0.5,0.28122192273135665,0.4249026452191518,0.5602240896358542,0.07338221375170906,Iris-versicolor
5.5,2.6,4.4,1.2,Iris-versicolor,0.0,0.061224489795918324,0.0,1.0,0.8,0.043459332644382065,0.038484412552741654,0.0,0.75,0.0,0.2506102522375916,0.45999999999999996,0.46469049694856157,0.0,0.56,0.5,0.3202185792349727,0.4427738065475128,0.5602240896358542,0.09717176091556434,Iris-versicolor
6.1,3.0,4.6,1.4,Iris-versicolor,0.1,0.061224489795918324,0.0,1.0,0.8,0.04564926669421421,0.04066694213753419,0.0,0.75,0.0,0.2122762148337598,0.8200000000000001,0.7977232924693518,0.0,0.43999999999999995,0.625,0.35555555555555557,0.4475882450882451,0.579047619047619,0.1107122602678865,Iris-versicolor
5.8,2.6,4.0,1.2,Iris-versicolor,0.0,0.061224489795918324,0.0,1.0,0.8,0.043440631530289986,0.038465774895738714,0.0,0.75,0.0,0.11806543385490764,0.42000000000000004,0.4488888888888891,0.0,0.54,0.5,0.28122192273135665,0.42630195334597853,0.5573192239858907,0.06972353737729564,Iris-versicolor
5.0,2.3,3.3,1.0,Iris-versicolor,0.0,0.061224489795918324,0.0,1.0,0.8,0.043433850898710435,0.03845901727331513,0.0,0.75,0.3333333333333333,0.10278745644599296,0.6599999999999999,0.5488787666433077,0.01,0.8200000000000001,0.5,0.28327228327228327,0.39146309385460776,0.46950819672131133,0.0993679688708069,Iris-versicolor
5.6,2.7,4.2,1.3,Iris-versicolor,0.0,0.061224489795918324,0.0,1.0,0.8,0.04346769164096176,0.03849274318660417,0.0,0.75,0.0,0.16047223436816804,0.36,0.3832316093800193,0.0,0.56,0.5,0.2953216374269006,0.4453888670021393,0.601025641025641,0.08347175228340376,Iris-versicolor
5.7,3.0,4.2,1.2,Iris-versicolor,0.0,0.061224489795918324,0.0,1.0,0.8,0.043464144469600785,0.0384892080509745,0.0,0.75,0.0,0.1607629427792917,0.42000000000000004,0.46496815286624216,0.0,0.5800000000000001,0.5,0.2953216374269006,0.43639373255834624,0.579047619047619,0.0872958808634543,Iris-versicolor
5.7,2.9,4.2,1.3,Iris-versicolor,0.0,0.061224489795918324,0.0,1.0,0.8,0.04349143119861609,0.03851640219829228,0.0,0.75,0.0,0.118741058655222,0.4,0.46496815286624216,0.0,0.52,0.5,0.2953216374269006,0.4495878009698059,0.6265328874024526,0.09459837879799926,Iris-versicolor
6.2,2.9,4.3,1.3,Iris-versicolor,0.0,0.061224489795918324,0.0,1.0,0.8,0.04363793112602954,0.038662405202625816,0.0,0.75,0.0,0.16153319644079422,0.62,0.7023809523809526,0.0,0.45999999999999996,0.375,0.30611196712891625,0.4351425262524527,0.6265328874024526,0.09112029901917185,Iris-versicolor
5.1,2.5,3.0,1.1,Iris-versicolor,0.0,0.061224489795918324,0.0,1.0,0.8,0.04343385672135236,0.03845902307619847,0.0,0.75,0.0,0.2531407035175879,0.6599999999999999,0.5491943127962087,0.2,0.74,0.5,0.3055555555555555,0.4154694562188908,0.5195402298850575,0.1075821944068579,Iris-versicolor
5.7,2.8,4.1,1.3,Iris-versicolor,0.0,0.061224489795918324,0.0,1.0,0.8,0.0434646932830991,0.03848975500231189,0.0,0.75,0.0,0.12259970457902547,0.38,0.4439937597503901,0.0,0.54,0.5,0.2871794871794871,0.4539625198182089,0.6521739130434782,0.08244314415778986,Iris-versicolor
6.3,3.3,6.0,2.5,Iris-virginica,0.0,0.1428571428571429,0.021739130434782594,0.5,0.6,0.04706666614149135,0.042073531691801336,0.0,0.75,0.0,0.20245979186376561,0.5,0.5454708842559308,0.0,0.7,0.375,0.21850613154960982,0.3647489802647518,0.5210084033613446,0.08674411659781434,Iris-virginica
5.8,2.7,5.1,1.9,Iris-virginica,0.1,0.1428571428571429,0.021739130434782594,0.5,0.6,0.05311225718108348,0.048098518974567406,0.0,0.75,0.3333333333333333,0.0,0.92,0.8693801089918256,0.01,0.86,0.625,0.3473389355742298,0.46836241542123896,0.5779625779625781,0.1284758710533559,Iris-virginica
7.1,3.0,5.9,2.1,Iris-virginica,0.0,0.1428571428571429,0.021739130434782594,0.5,0.6,0.04706670379171307,0.04207356921226568,0.0,0.75,0.0,0.25991902834008096,0.54,0.6482586107369637,0.0,0.54,0.25,0.2811690714021457,0.37663879754331975,0.6082949308755761,0.09604493164322547,Iris-virginica
6.3,2.9,5.6,1.8,Iris-virginica,0.0,0.1428571428571429,0.021739130434782594,0.5,0.6,0.04751672101699056,0.04252203679927147,0.0,0.75,0.0,0.2782558806655192,0.74,0.7348788198103267,0.0,0.7,0.5,0.31619047619047613,0.4409196059196059,0.6107226107226107,0.11766763202346464,Iris-virginica
6.5,3.0,5.8,2.2,Iris-virginica,0.0,0.1428571428571429,0.021739130434782594,0.5,0.6,0.04706671783958205,0.04207358321172017,0.0,0.75,0.0,0.26632079550367493,0.54,0.6306051371353939,0.0,0.5,0.375,0.26666666666666666,0.3942801677549424,0.6082949308755761,0.09810681598181403,Iris-virginica
7.6,3.0,6.6,2.1,Iris-virginica,0.0,0.1428571428571429,0.021739130434782594,0.5,0.6,0.04706666618129196,0.042073531731464775,0.0,0.75,0.0,0.19791380730167485,0.45999999999999996,0.5355269432522651,0.0,0.78,0.25,0.22777777777777775,0.3516191239748116,0.6082949308755761,0.10309511384243375,Iris-virginica
4.9,2.5,4.5,1.7,Iris-virginica,0.8,1.0,0.0,1.0,0.8,0.9607649572061207,0.9557706596066698,0.0,0.75,1.0,0.5233884768967484,0.98,0.7930393856824374,0.1,1.0,0.75,0.4444444444444444,0.4609756097560976,0.510569105691057,0.6755403385844205,Iris-versicolor
7.3,2.9,6.3,1.8,Iris-virginica,0.0,0.1428571428571429,0.021739130434782594,0.5,0.6,0.047066966739395255,0.04207383125372771,0.0,0.75,0.0,0.23565416985462917,0.74,0.6014362657091562,0.0,0.78,0.375,0.2472848788638262,0.38876452177367504,0.6107226107226107,0.11325874905307876,Iris-virginica
6.7,2.5,5.8,1.8,Iris-virginica,0.2,0.1428571428571429,0.021739130434782594,0.5,0.6,0.047177388308086265,0.04218387234500737,0.0,0.75,0.0,0.42787286063569685,0.84,0.6613603473227208,0.0,0.88,0.5,0.2916666666666666,0.3925180074169162,0.510569105691057,0.1303312209151395,Iris-virginica
7.2,3.6,6.1,2.5,Iris-virginica,0.0,0.1428571428571429,0.021739130434782594,0.5,0.6,0.04706666612755461,0.04207353167791267,0.0,0.75,0.0,0.2674131713797685,0.36,0.4660395628717665,0.0,0.8,0.125,0.21850613154960982,0.3108234047540001,0.4439024390243902,0.07334642193674856,Iris-virginica
6.5,3.2,5.1,2.0,Iris-virginica,0.1,0.1428571428571429,0.021739130434782594,0.5,0.6,0.047159391722800925,0.042165937759540195,0.0,0.75,0.0,0.2631253860407662,0.8200000000000001,0.7228803716608594,0.0,0.45999999999999996,0.5,0.3148148148148148,0.42328808486769826,0.5530303030303029,0.09714914007011632,Iris-virginica
6.4,2.7,5.3,1.9,Iris-virginica,0.0,0.1428571428571429,0.021739130434782594,0.5,0.6,0.047694801825410305,0.04269950510046422,0.0,0.75,0.0,0.3369942196531792,0.74,0.7715139442231075,0.0,0.72,0.375,0.3473389355742298,0.4299682040608198,0.5779625779625781,0.10735085275270251,Iris-virginica
6.8,3.0,5.5,2.1,Iris-virginica,0.0,0.1428571428571429,0.021739130434782594,0.5,0.6,0.04706774440890238,0.04207460624308784,0.0,0.75,0.0,0.23631680618158435,0.6799999999999999,0.7396267837541164,0.0,0.43999999999999995,0.375,0.2884990253411306,0.3981146421058714,0.6082949308755761,0.09387510299556878,Iris-virginica
5.7,2.5,5.0,2.0,Iris-virginica,0.1,0.1428571428571429,0.021739130434782594,0.5,0.6,0.050068650446849716,0.04506522743398461,0.0,0.75,0.0,0.3263920325939339,0.88,0.7615002404231448,0.0,0.92,0.625,0.3148148148148148,0.4525564894752751,0.5378723404255318,0.11673031426242131,Iris-virginica
5.8,2.8,5.1,2.4,Iris-virginica,0.0,0.1428571428571429,0.021739130434782594,0.5,0.6,0.04706689997540159,0.042073764719828655,0.0,0.75,0.0,0.36734693877551017,0.78,0.6895790902919214,0.0,0.8200000000000001,0.625,0.23232323232323235,0.4498797498797498,0.619047619047619,0.07537951555831579,Iris-virginica
6.4,3.2,5.3,2.3,Iris-virginica,0.0,0.1428571428571429,0.021739130434782594,0.5,0.6,0.047066767278639454,0.04207363248039131,0.0,0.75,0.0,0.26511814177012416,0.54,0.6051215838175168,0.0,0.5800000000000001,0.375,0.24819624819624822,0.39894946348325566,0.5530303030303029,0.07617878959645441,Iris-virginica
6.5,3.0,5.5,1.8,Iris-virginica,0.1,0.1428571428571429,0.021739130434782594,0.5,0.6,0.04748889182507299,0.04249430336222365,0.0,0.75,0.25,0.2762172284644192,0.92,0.8244777475022707,0.01,0.38,0.5,0.3307169021454735,0.4345982821801997,0.6082949308755761,0.11100630862109462,Iris-virginica
7.7,3.8,6.7,2.2,Iris-virginica,0.0,0.1428571428571429,0.021739130434782594,0.5,0.6,0.04706666612760857,0.04207353167796635,0.0,0.75,0.0,0.1462529486481583,0.36,0.41726529601189,0.0,0.88,0.125,0.22207650273224036,0.2917273618912963,0.40404040404040403,0.08385697753622257,Iris-virginica
7.7,2.6,6.9,2.3,Iris-virginica,0.0,0.1428571428571429,0.021739130434782594,0.5,0.6,0.04706666612738464,0.04207353167774319,0.0,0.75,0.0,0.19244436132410692,0.24,0.31143358316058056,0.0,0.86,0.25,0.2116402116402116,0.31902171902171905,0.5421245421245422,0.1145520055767889,Iris-virginica
6.0,2.2,5.0,1.5,Iris-virginica,0.7,0.9591836734693877,0.33333333333333337,0.75,0.8,0.9569904520011391,0.9519835786098689,0.0,0.75,1.0,0.7065484982767107,0.98,0.9183673469387755,0.04,1.0,0.5,0.43498817966903075,0.46822063271980263,0.5191297824456114,0.670388042102767,Iris-versicolor
6.9,3.2,5.7,2.3,Iris-virginica,0.0,0.1428571428571429,0.021739130434782594,0.5,0.6,0.0470666687542437,0.04207353429554911,0.0,0.75,0.0,0.10835401157981828,0.5,0.6097737556561085,0.0,0.5,0.375,0.24819624819624822,0.3641129253489771,0.5530303030303029,0.08025141009839876,Iris-virginica
5.6,2.8,4.9,2.0,Iris-virginica,0.1,0.1428571428571429,0.021739130434782594,0.5,0.6,0.05028265047560965,0.045278498391760236,0.0,0.75,0.0,0.3263920325939337,0.8,0.7477110885045776,0.02,0.88,0.625,0.3148148148148148,0.4919277395263239,0.619047619047619,0.1259531063673791,Iris-virginica
7.7,2.8,6.7,2.0,Iris-virginica,0.0,0.1428571428571429,0.021739130434782594,0.5,0.6,0.04706666629731737,0.04207353184709034,0.0,0.75,0.0,0.17980049875311754,0.42000000000000004,0.4472268907563024,0.0,0.8200000000000001,0.25,0.22207650273224036,0.35751620268013706,0.619047619047619,0.12197997744592426,Iris-virginica
6.3,2.7,4.9,1.8,Iris-virginica,0.2,0.1428571428571429,0.021739130434782594,0.5,0.6,0.09067969720308111,0.08554761930236637,0.0,0.75,0.0,0.3010664479081212,0.88,0.8479386043191148,0.0,0.8200000000000001,0.625,0.38888888888888884,0.4754981470097749,0.5779625779625781,0.15189107974116978,Iris-virginica
6.7,3.3,5.7,2.1,Iris-virginica,0.0,0.1428571428571429,0.021739130434782594,0.5,0.6,0.04706688410365045,0.04207374890277776,0.0,0.75,0.0,0.28886168910648713,0.56,0.659037558685446,0.0,0.52,0.375,0.2884990253411306,0.3729306927449342,0.5210084033613446,0.08940663976478214,Iris-virginica
7.2,3.2,6.0,1.8,Iris-virginica,0.0,0.1428571428571429,0.021739130434782594,0.5,0.6,0.04706832580932507,0.04207518563978713,0.0,0.75,0.0,0.3163757890828074,0.72,0.646641074856046,0.0,0.6799999999999999,0.375,0.27160493827160487,0.3828925657905756,0.5530303030303029,0.11210235941218605,Iris-virginica
6.2,2.8,4.8,1.8,Iris-virginica,0.2,0.9795918367346939,0.021739130434782594,0.5,0.8,0.13121549012728195,0.12597247262428735,0.0,0.75,0.0,0.2718518518518517,0.8200000000000001,0.8249643874643876,0.0,0.84,0.625,0.38888888888888884,0.5042299898682877,0.619047619047619,0.18633437364017835,Iris-virginica
6.1,3.0,4.9,1.8,Iris-virginica,0.3,0.1428571428571429,0.021739130434782594,0.5,0.6,0.08062581899747967,0.07552385437950254,0.0,0.75,0.0,0.22300469483568075,0.92,0.8752825923134891,0.02,0.8200000000000001,0.625,0.38888888888888884,0.49434444650123566,0.6082949308755761,0.15641750784188124,Iris-virginica
6.4,2.8,5.6,2.1,Iris-virginica,0.0,0.1428571428571429,0.021739130434782594,0.5,0.6,0.04706912163726029,0.04207597872500851,0.0,0.75,0.0,0.0874074074074076,0.36,0.5695317959468903,0.0,0.48,0.375,0.2884990253411306,0.413023269586737,0.619047619047619,0.10740199673133544,Iris-virginica
7.2,3.0,5.8,1.6,Iris-virginica,0.2,1.0,0.33333333333333337,0.75,1.0,0.047224412548498296,0.04223073460236565,0.0,0.75,0.0,0.3881548974943053,0.9,0.7149830220713074,0.02,0.74,0.375,0.2916666666666666,0.4354543135808181,0.6082949308755761,0.3400638689846541,Iris-virginica
7.4,2.8,6.1,1.9,Iris-virginica,0.0,0.1428571428571429,0.021739130434782594,0.5,0.6,0.04706686940265237,0.04207373425244504,0.0,0.75,0.0,0.20938137321549977,0.56,0.5335873270503307,0.0,0.78,0.25,0.2628389154704944,0.38202587098453245,0.619047619047619,0.11924694405348668,Iris-virginica
7.9,3.8,6.4,2.0,Iris-virginica,0.0,0.1428571428571429,0.021739130434782594,0.5,0.6,0.047066666193797846,0.042073531743927584,0.0,0.75,0.0,0.15568862275449102,0.38,0.4352713178294574,0.0,0.88,0.125,0.24033437826541268,0.30474640625815036,0.40404040404040403,0.08205118547756762,Iris-virginica
6.4,2.8,5.6,2.2,Iris-virginica,0.0,0.1428571428571429,0.021739130434782594,0.5,0.6,0.047067004356039055,0.042073868740729936,0.0,0.75,0.0,0.0803814713896458,0.31999999999999995,0.5469798657718121,0.0,0.52,0.375,0.26666666666666666,0.407565179918121,0.619047619047619,0.09908135147727515,Iris-virginica
6.3,2.8,5.1,1.5,Iris-virginica,0.7,0.9591836734693877,0.33333333333333337,0.75,0.8,0.8219779605085347,0.8166130318173901,0.0,0.75,1.0,0.5883977900552483,0.98,0.897471185274385,0.16,0.88,0.625,0.4148148148148148,0.48838343838343834,0.619047619047619,0.6794592216112425,Iris-versicolor
6.1,2.6,5.6,1.4,Iris-virginica,0.6,0.9591836734693877,0.33333333333333337,0.75,0.8,0.4978827015402344,0.4922037279111664,0.0,0.75,1.0,0.5276217228464419,0.98,0.8377813504823152,0.02,1.0,0.5,0.31619047619047613,0.44892218892218894,0.5421245421245422,0.4248336028928761,Iris-virginica
7.7,3.0,6.1,2.3,Iris-virginica,0.0,0.1428571428571429,0.021739130434782594,0.5,0.6,0.047066666147395075,0.042073531697684685,0.0,0.75,0.0,0.215209518882566,0.36,0.5261596126815555,0.0,0.76,0.25,0.24819624819624822,0.3483639921670482,0.6082949308755761,0.0937705393081748,Iris-virginica
6.3,3.4,5.6,2.4,Iris-virginica,0.0,0.1428571428571429,0.021739130434782594,0.5,0.6,0.04706666760507783,0.04207353315034379,0.0,0.75,0.0,0.16380597014925347,0.54,0.5752463987869598,0.0,0.6799999999999999,0.375,0.23232323232323235,0.3722206622206622,0.4924924924924925,0.07560997871835973,Iris-virginica
6.4,3.1,5.5,1.8,Iris-virginica,0.1,0.1428571428571429,0.021739130434782594,0.5,0.6,0.047495766864924294,0.042501154745470615,0.0,0.75,0.0,0.2164343360234775,0.84,0.7542002301495971,0.0,0.38,0.5,0.3307169021454735,0.4343022651575104,0.589247311827957,0.11593940302330308,Iris-virginica
6.0,3.0,4.8,1.8,Iris-virginica,0.5,0.9795918367346939,0.021739130434782594,0.5,0.8,0.1266117525155127,0.1213805319628643,0.0,0.75,0.3333333333333333,0.2870090634441088,0.94,0.9141506002182612,0.09,0.9,0.625,0.38888888888888884,0.513999035473154,0.6082949308755761,0.35746974072226834,Iris-virginica
6.9,3.1,5.4,2.1,Iris-virginica,0.0,0.1428571428571429,0.021739130434782594,0.5,0.6,0.04706783955027927,0.042074701056571684,0.0,0.75,0.0,0.20664414414414423,0.6799999999999999,0.7051067392214314,0.0,0.48,0.375,0.2884990253411306,0.3942314339261144,0.589247311827957,0.09327806693905083,Iris-virginica
6.7,3.1,5.6,2.4,Iris-virginica,0.0,0.1428571428571429,0.021739130434782594,0.5,0.6,0.047066667252014915,0.042073532798497626,0.0,0.75,0.0,0.24602203182374538,0.5800000000000001,0.6457734330074756,0.0,0.54,0.375,0.23232323232323235,0.3791770971906795,0.589247311827957,0.08157075870420294,Iris-virginica
6.9,3.1,5.1,2.3,Iris-virginica,0.0,0.1428571428571429,0.021739130434782594,0.5,0.6,0.047066771057371226,0.042073636246100055,0.0,0.75,0.0,0.23868110236220497,0.72,0.6853132628152969,0.0,0.52,0.5,0.24819624819624822,0.4010538877880421,0.589247311827957,0.08717275452006124,Iris-virginica
5.8,2.7,5.1,1.9,Iris-virginica,0.1,0.1428571428571429,0.021739130434782594,0.5,0.6,0.05311225718108348,0.048098518974567406,0.0,0.75,0.0,0.0,0.92,0.8693801089918256,0.01,0.86,0.625,0.3473389355742298,0.46836241542123896,0.5779625779625781,0.11575292707066942,Iris-virginica
6.8,3.2,5.9,2.3,Iris-virginica,0.0,0.1428571428571429,0.021739130434782594,0.5,0.6,0.0470666671199198,0.04207353266685776,0.0,0.75,0.0,0.10720130932896932,0.48,0.606917672491443,0.0,0.5,0.375,0.24819624819624822,0.36183583317250056,0.5530303030303029,0.07657162365279546,Iris-virginica
6.7,3.3,5.7,2.5,Iris-virginica,0.0,0.1428571428571429,0.021739130434782594,0.5,0.6,0.047066666164160775,0.042073531714392653,0.0,0.75,0.0,0.19744597249508844,0.52,0.5788659793814432,0.0,0.6799999999999999,0.375,0.21850613154960982,0.35543246929705397,0.5210084033613446,0.07711719808011763,Iris-virginica
6.7,3.0,5.2,2.3,Iris-virginica,0.0,0.1428571428571429,0.021739130434782594,0.5,0.6,0.04706679746051168,0.04207366255824496,0.0,0.75,0.0,0.2868125369603788,0.76,0.7363934426229508,0.0,0.5,0.375,0.24819624819624822,0.4059610861485815,0.6082949308755761,0.08148244470264865,Iris-virginica
6.3,2.5,5.0,1.9,Iris-virginica,0.2,0.1428571428571429,0.021739130434782594,0.5,0.6,0.053225112311194644,0.04821099384503974,0.0,0.75,0.0,0.436008676789588,0.94,0.8633496846531186,0.0,0.84,0.5,0.3473389355742298,0.4381885465278579,0.510569105691057,0.12110565425096953,Iris-virginica
6.5,3.0,5.2,2.0,Iris-virginica,0.1,0.1428571428571429,0.021739130434782594,0.5,0.6,0.047149787771370355,0.04215636689626495,0.0,0.75,0.0,0.3186237845923712,0.84,0.7864510079699952,0.0,0.4,0.375,0.3148148148148148,0.43050198740067513,0.6082949308755761,0.09672620999498283,Iris-virginica
6.2,3.4,5.4,2.3,Iris-virginica,0.0,0.1428571428571429,0.021739130434782594,0.5,0.6,0.047066721311179394,0.04207358667135308,0.0,0.75,0.0,0.17816558441558417,0.5800000000000001,0.5813520777341328,0.0,0.6799999999999999,0.375,0.24819624819624822,0.3893029686912665,0.4924924924924925,0.08751637163425452,Iris-virginica
5.9,3.0,5.1,1.8,Iris-virginica,0.2,0.1428571428571429,0.021739130434782594,0.5,0.6,0.06194628347777753,0.05690325044402744,0.0,0.75,0.0,0.3694690265486721,0.94,0.8944444444444444,0.0,0.8200000000000001,0.625,0.38888888888888884,0.4861191454130637,0.6082949308755761,0.13682859293587624,Iris-virginica
