algo_bagging,algo_gradient_boosting,algo_logistic_regression,algo_mlp,algo_random_forest,algo_svc_linear,algo_svc_rbf,comittee_vote
0.2449142061411659,0.8139702167666569,0.42991314090094473,0.4154537661155481,0.26042875113345376,0.2729273369572262,0.5816385450529198,1
3.0690297642152,4.254178806696031,2.5028407183222203,3.734649656917763,2.752331318870524,6.42723932161803,0.9865146926897248,15
0.3242772077431131,0.9230876038162354,0.529261085591057,0.43391271867098713,0.2821878334474596,0.4190127225144481,0.5260160216450003,1
0.2816119117840174,0.5749319385837334,0.4554687100621274,0.4192565124427625,0.2988939532768075,0.5992571683293036,0.9698448232023291,1
0.29358536364017285,0.7892298627871829,0.4550229574721293,0.3443005129486202,0.3133651079328745,0.7008781004522352,0.6231705587091921,1
4.281149789668691,4.116558547386481,5.308906408768513,3.8589116605737015,3.5907604929961474,9.441385954892185,2.596353237189006,2
0.2948691867958245,0.8596179092097019,0.43425724384266323,0.3741760730954627,0.3850713008101463,0.6408565426658166,0.5196988659518538,1
0.5114120814385398,3.4816110249342564,0.538638338228704,0.3558536726542912,0.5409450631422118,0.5493210129863662,0.5124242698647284,1
0.26353262503796626,0.9091087531993006,0.4202881173164789,0.4491311094571161,0.36172597292167596,0.26147482485703366,0.43570470974211356,1
0.32115536676992407,1.208203685334317,0.836467661719369,0.4192565129280986,0.3718342138177157,0.31446945310570895,0.6308529448820213,1
0.3847224356364442,0.6400219009688933,0.5956909244292788,0.3311247365437322,0.3827573596593375,0.26548630704962295,0.49004569452453883,1
4.697106885384417,3.784587319255561,0.9902236442475936,3.26140198637146,2.8699297597199585,0.8697743198987913,1.5724493370328645,2
0.2844316351273812,1.3038511033095797,0.8087375150105718,0.4491311094571161,0.2914214350323374,0.3273161264158713,0.47932083892615934,1
0.3396167508153564,0.995591102755933,0.50779958137314,0.9328775896857038,0.4146381065360557,0.5485902717417366,0.5185150277627069,1
0.2598427710980583,0.591331352827245,1.0330021361867656,0.3797381980482394,0.3085764032628746,0.5151540232814994,0.46777840396392617,1
0.31184252932933887,1.2401128871042684,0.7955917449975801,0.38065256876345677,0.2902319489144371,0.6376425063034493,0.3943334906048505,1
0.3087009356723554,1.1358896416483135,1.9060912686662628,0.4192565130818864,0.2831987677140122,1.6937570204296528,0.5423918414662109,1
0.26580987116228283,0.5401535321660712,0.6453119195357284,0.37417607309525064,0.31272482501503346,0.7364770497865348,0.42152086799601074,1
1.8692986002495904,1.9561469261804119,2.285806327781465,0.3587038198376961,1.2431658810809463,1.540198244552054,0.4893337977901003,1
3.173845873219923,2.6830076255155784,3.7554763923331596,4.380920827651224,4.170975732137739,3.1224061528764286,1.2269599111518377,2
0.8185898238454143,3.079414912459834,1.086478918923734,3.815336502315948,0.505318348031035,1.0821793846010654,1.5913856343012587,1
0.29680767905190747,2.148951826525288,0.9637572797156071,0.43391271867098713,0.6276100494500044,1.204803678589895,0.5160020312944271,1
0.33751541444466515,0.6905062419130714,0.785364967460041,0.3498124852017801,0.32828055792479316,0.34824854243732584,0.5947483537568666,1
0.3734673433418935,0.8334729916732191,0.4757673849144029,0.3311398350426261,0.37530633703829397,0.5619116831450318,0.6004628014249027,1
1.1928405247802607,1.900730260502431,1.7496973504743898,0.6407779151295085,2.287916280768174,1.734472435747917,0.6101385543356013,2
0.450529497792947,0.9835161743557586,1.5959369113490576,0.4990418107828487,0.47411114160147466,0.7048778237847306,0.5948557385661598,2
0.43754207907218984,1.1069590544503574,1.3817889486701016,0.41460561762262693,0.31800612014061275,1.1758191319376288,0.37633675449455334,2
0.3246062218699048,1.2929658790140717,1.7793847148719233,0.5049759319791913,0.4658584219304843,1.8066701241554328,0.606016916584691,2
0.9906309689221015,1.3755353225408606,1.7774483001141628,0.5514121303822513,0.511530917802591,1.0386084660946535,0.43891228488344103,2
2.814280670845506,2.8226730671431945,1.8144202712882618,4.194343247527806,1.9581029499843852,2.4230416065627716,2.546549157359214,9
0.3445048496220259,0.8810532712524246,2.0541737025351967,0.5046323576862557,0.25278261829427634,1.5838368652191637,0.7089162033991259,2
0.271041180113829,1.473887776877106,1.586566108587968,0.47460818972601215,0.2643876709240635,1.3354368332604258,0.5397258052053584,2
0.32062941092017416,1.5501002297170003,2.0121774781593826,0.5771616931719159,0.3161804639872344,1.795575285367244,0.48682789829203754,2
0.30132664642923845,1.0555084374641892,1.83778063032722,0.4146056163224171,0.41059041721616074,2.156270140948854,0.6618776840550438,2
1.4377874123840018,2.317484724920086,1.597364149494629,0.3997470357055734,0.7583535603883644,1.782655394227191,0.8183600957104472,2
0.26905853615779596,0.9497663074118172,1.580416269522776,0.42494623438647655,0.2611202487286511,0.9229118811222845,0.4672066729132466,2
0.4071002518063073,1.4048805810656728,2.1765919279812866,0.5772858815934102,0.3453083091315705,3.0005621920122847,0.436893850642078,2
1.3197734687912965,1.816741426164391,1.7674250950093777,0.47441395680249987,0.3168614796534517,2.004716415052579,0.5474720106048948,2
0.4315156302723653,1.1829569920909144,1.690095831184432,0.6405065325194006,0.526202956679294,1.85360957126261,0.7187625699949153,2
2.340424676291695,3.761507948047646,3.878543315108744,3.6565462385829823,1.0388508875398093,4.744636278129943,0.682811773061847,14
0.5676080069765825,2.783908153998648,2.078409314184886,0.4156508011896884,0.3748178010704705,2.4021065276872133,0.5294335878509564,2
0.29214617176674607,1.0891604953759344,1.9799462869001476,0.4248202497700971,0.3278059305021587,2.1209015273884964,0.46422868334027634,2
0.3265997254285432,1.7662199402800058,1.9439537889346,0.39981123798395685,0.6977591256255783,1.6845240831055055,0.5573398190250392,2
2.166689878208155,2.6260789056336327,2.175695456962881,0.5765844331707718,1.1531155120150527,2.0896170550572895,0.5931246213623805,2
0.31886642607473004,1.2813721568887801,1.801364563123612,0.4990490263383782,0.35805645203989145,1.6119644804049218,0.8175491114685456,2
0.7405609256414581,2.359192559346752,2.008810413780366,0.5765825108902726,2.5536182336670703,1.5735167039950242,0.7505726858749403,2
0.3180877446853409,0.7090510533568982,2.018059507777925,0.4353132702250511,0.6280929161076433,1.9399897062238771,0.5659479142002782,2
0.34592265471184813,1.6580347167145386,2.094149415642092,0.41451682410159635,0.48152343327706937,2.1132191898004318,0.5513268307126269,2
0.3041716942928772,1.052541134360548,0.47539217805806394,0.44009222112242774,0.3687176617413965,0.39382815646134234,1.1805428047690265,3
0.2766192942589617,0.5424094342700184,0.5177023978622967,0.42656001193115384,0.24847861132518936,0.315315890366722,0.6308806615725403,3
0.29595822340000044,0.7114109081517086,0.42794084269883403,0.4226677735052647,0.391652986469161,0.3786188599932435,0.6424002728306355,3
0.29730762369869784,3.1700168640560404,1.320855933063395,0.44125402008424874,0.3620389403643423,0.8244897761511868,0.5606227899861366,3
0.395989024355818,3.436441509055599,0.7599686386400907,0.8216070143504824,0.4199364364520864,0.915849731903516,0.5267034801781412,3
0.3007277302622259,0.8473468496692379,0.4954930087003172,0.4412540204600901,0.6478900015919052,0.9169561567185042,0.6566279020763163,3
0.2410561341584435,0.4705918888451828,0.5208629983378207,0.39989477274702945,0.2741937068063314,0.2915607068291565,0.8361130641619718,3
0.25625887654436424,0.44531310342993563,0.5779460643870246,0.4029689709674722,0.24448095750835136,0.6236087429832703,0.7798320449902577,3
0.25250247118940083,0.5615251535105489,0.4766724028555066,0.36168445162743806,0.2317096337482976,0.2854208355285228,0.5485645953639752,3
4.993364765927381,4.223122332626624,7.751879831034653,3.977004646233767,5.405542350156094,5.520374943577313,8.02837714951903,15
0.2612187366622346,0.5431107084863975,0.4574322503750147,0.43165885841903257,0.25579589690876503,0.45135194377972043,0.5457800196928873,3
0.2822482340128714,0.4940562404190822,0.4774492170115475,0.42656001193115384,0.23724610592220166,0.2715034284563704,0.523736353207767,3
0.2480003302649373,0.5339198932473731,0.6385563690144542,0.3998947729544839,0.27968885639783164,0.3061167984692747,0.5132170436210846,3
0.27487696631287406,0.44851186338618015,0.5469992184065419,0.4029689709674722,0.2656113881432615,0.34839205380745547,0.6041968736940535,3
0.25396070303519247,0.7891163499736185,0.6844497484045299,0.44009222073480747,0.22334927203875354,0.43237573030169896,0.7357978630351876,3
0.2504132409905138,0.4133375609471339,0.5215934377300055,0.361684455022558,0.22559064633242282,0.2505144401442965,0.7026639363033894,3
0.2638906769999524,0.6004228852313154,0.5694706417761761,0.4265600120274675,0.2973033636608245,0.33602985245136247,0.745940348456327,3
0.2630151498907721,0.8801229419100249,0.7412592669849969,0.4316721518886541,0.2799257910740297,0.7541422108647615,0.6614851451646994,3
0.2940889975598834,0.5686032945750599,0.997158546549824,0.40296899919506246,0.32550017440664164,0.6300816067439066,0.7935346819281948,3
0.28471600790741775,0.5245898430363822,0.6031157071445322,0.3591078663563557,0.33688972123585015,0.5573763395491906,0.5685547008129087,3
1.4135150251559785,3.447345773417997,0.8132672214881799,0.35911238414339236,1.5565484769739335,0.6991979544593896,0.507756816188522,3
0.3330086060478849,2.5769501355354385,0.5953202552387561,0.43165885841903257,0.4764522889008475,0.47193114782299844,0.795467936428873,3
0.25484858645950653,0.4822123889958006,0.5170316504996797,0.3421558604993303,0.23922484462381619,0.26754343269711683,0.5449087989613159,3
0.2982198504837075,1.086562232231726,0.5678070642087591,0.42266777350526247,0.23527531661297196,0.35085454871594035,0.6789371170890216,3
0.34771494462915226,2.0708229620503706,1.276074035408383,2.2813513688467943,0.2907764364468273,0.6670678363514205,0.4808802660761442,4
0.2248452902475952,0.46887226598033577,0.9769785687789679,0.4140372849006073,0.2056327955848099,0.4966089653685716,0.610799587408707,4
0.23523915177439406,0.592184068298357,1.1529189702313913,0.5149280987776692,0.21329192501694716,0.6291019817702439,0.658297243892858,4
0.26816496791480166,1.0313781171626388,0.7852444787290432,0.3777821997033491,0.24687068222265127,0.573755927511914,0.6219692318057264,4
2.707713633481617,3.665386922059953,4.383333453405996,5.103783287465976,3.01188556978581,4.946146999000408,7.504892789531514,5
0.28108485266890315,0.43788896584895703,0.9140313130796555,0.41253734333658887,0.30525391427191584,0.5108635712885153,0.7312547936000876,4
0.25709814895084926,0.4258726179995388,0.8018568747427267,0.5149220846776515,0.24325978082060892,0.3753231976558131,0.4675355930033549,4
0.2578793923901812,0.7588623510116834,0.7961822097745339,0.3955895855502076,0.22287389779396424,0.3734465486339098,0.5999774184183596,4
0.6582566191440026,1.8279169125259171,0.8674760912471827,0.41403728483963725,0.5190108553096304,0.6822405363622451,0.6911934927836273,4
1.2041924833660682,1.2467918623838603,1.322545191889269,3.854510120358241,2.141478468754213,1.4266078772771398,1.0867993585056213,6
0.546119747620578,0.5633631070156218,1.0178535497686478,0.36550698976029034,0.5399735381899238,0.5964631732579558,0.6216655710501688,4
0.41451517579771463,0.9834855647779568,0.8123575307361063,0.514922036283601,0.27670303586227435,0.49811963195332504,0.5070293062252074,4
1.3178265480996634,1.0950339848121062,0.7388270401263201,0.3722041319978841,0.7152000229926249,0.47847915281285897,0.6403965014083443,4
1.3817373520995104,2.6122930789375505,1.3937222899350166,0.46171745223800953,2.119970151930521,2.0971203838601538,0.8602764739507295,6
0.3129590342111739,1.2640614632563638,0.8576844012006528,0.33021888723767695,0.3530542214922265,0.5104380790180607,0.40240265419101373,4
0.3836541203081201,0.610776673625617,1.2207468709359268,0.45057007618405553,0.3161376844619766,0.6275430224744634,0.6268325452101815,4
0.338186916315039,0.7408648387540879,1.3103290965264929,0.33039716207168535,0.3313892415638372,0.5868715741641974,0.6346601275932676,4
0.922515232474656,0.7284281313463171,1.305862722260292,0.37220413665366675,0.7180576461218766,0.7666595692359927,0.5841478384319,4
0.31674088446349224,0.5401972238359387,0.93501139225265,0.3656630712407278,0.30183111672750923,0.7078070919085647,0.5301046074917507,4
0.35450430404654665,0.4259958367658847,0.9795432974266879,0.412589127280313,0.3209045804123131,0.708639159177173,0.5833346721741955,4
0.32308317156679967,0.48993653519442104,1.1696735313231286,0.3777833734073151,0.2748233345440536,1.1099439829711721,0.5919707306117162,4
0.3076030233332045,0.6081240820527689,1.36962749599571,0.412666311876715,0.31361558854120464,0.6773158255950819,0.40493797963234746,4
0.36213312503775225,0.5499714580058211,0.9832680972062873,0.44906918171236315,0.2958440038467785,0.59111535008494,0.5280527611793662,4
0.24661201808066066,0.5527827526661022,1.2409003980692772,0.4338572691013892,0.2308466784052601,0.8923857242472714,0.5731723337879203,4
0.24748237066830442,0.6849680558105921,0.8498173172928647,0.44539292624886057,0.21435004552946121,0.27301631232053153,0.4541912467559638,5
0.7667901796567872,1.5605533211246894,1.1018482491410637,1.1421945155281685,0.7831825938811765,0.5001800425614993,0.8057751253300109,5
3.661002391416914,4.495541689753046,2.2958812022435033,4.011255204349041,3.254988632009857,3.6339904881413734,2.697136047425402,4
2.63755500208623,3.320473527090417,3.895308978377782,4.2213396024210805,2.5721927856213624,4.136204699450558,0.282171596853776,9
0.6262731249618851,1.0770403160296982,0.8771749670634255,0.3766924546807815,0.6279612454549697,0.5347017904617286,0.26393535974325477,5
0.29915985657546995,0.8117481964981775,0.7363142291468653,0.4702181029781304,0.24447234347491129,0.30904604246702616,0.6142696653715595,5
0.29979656749809863,1.082774961000465,0.8963881097416637,0.47021810297787153,0.25338499650729496,0.6139408484290545,0.6222326833891505,5
0.38714696957963135,0.7733705216269733,1.0352424656507846,0.49886070866010024,0.28960268583122994,0.4109084311159216,0.4431768178332221,5
0.29055318279413694,0.7001973549632284,0.880314591954727,0.4104138943474797,0.25315139837656786,0.28663499418885163,0.3599947178646128,5
0.2908226896292841,0.7481049828881698,0.7803756922400623,0.4104138943474797,0.21550660868218416,0.31167717461044175,0.5851114324706717,5
0.28747237602236314,0.6813936964610791,0.886804132713937,0.4613728827485612,0.22896660145372694,0.5543794472008599,0.2513281527631011,5
0.3580649947591238,1.7690297100038848,0.919500012996202,0.40661157983421636,0.31249990865160526,0.42440971091398194,0.6819487041061817,5
0.3195797199799843,0.8086187110635474,0.5510899919877608,0.4453893172689702,0.22784165583170493,0.43724962942439355,0.49045234460933884,5
0.5514205807628457,1.0537956970870528,1.0570438703493008,0.43945997578320695,0.2873705403231037,0.879858172182737,0.47944667641194694,5
0.29085214569725976,0.8347006750911458,0.9847060587370553,0.4021147161182307,0.2714209798497134,0.9245672055019036,0.6191357860927762,5
0.2450662365262282,0.7078863634818588,0.8653273332546989,0.4613728827485612,0.25590577682537735,0.5035556933496393,0.5689948572538026,5
0.3024678508596637,0.6441978059789474,0.9068324515639092,0.3953046528946529,0.22803447493442525,0.7512244987389475,0.6267114620295043,5
0.24934898790824606,0.8405447712085723,0.773379900304383,0.39176655098950247,0.2337244279909948,0.29539899182477775,0.5474209877405478,5
0.4212216715776975,0.6212559090102125,1.1185004298536263,0.4613728827485612,0.2763123196950006,0.7604315251287971,0.43835304701572003,5
0.5299643286684661,0.6261847335728125,1.085113356055048,0.40239472094911233,0.45686786088107934,0.6713773308350452,0.3674589518526657,5
0.5092631868438442,0.8828203815839546,2.0438548230887466,0.37705215414195736,0.3339271908547928,0.8918382059893504,0.5055036323176348,5
0.32874364485070834,0.6584961734857494,1.207076582506223,0.33265229121980494,0.2606380047832827,0.7888171806216211,0.43137662934429116,5
0.49495801869981615,0.9809032440226356,1.2076936814137706,0.4460737932757857,0.4086421397570527,1.0586401690851406,0.38069666738773855,5
0.470939908496782,0.8739243441128022,2.0438548230887466,0.4104759378479543,0.3280267553073847,1.245644879440809,0.5252055249682404,5
0.2559455362446441,0.4700350851563827,1.071147288027508,0.4551200408751032,0.24673616694251832,0.4144044925229563,1.4487270346353396,6
0.32789318367771997,1.0400952670826782,1.0147927584848535,0.5005017124677188,0.30970453258373337,0.714229747119075,1.1537120578980287,6
0.671145176681647,2.0735734447814895,1.0727120367792955,0.4492306039733267,0.7626373203690079,0.7751646154338782,1.140370313658859,6
0.30201521029782913,1.109957446102204,1.1794238663952852,0.4034366806432407,1.0113331670873895,0.5388100899826108,2.0627528587665034,6
3.6763033444438786,3.2347167123999294,3.9055207752163885,3.745185861145621,2.7884425175296874,7.467027377178478,6.562227059629355,9
0.2960084019655966,0.8557986061731574,1.5673191339201575,0.5003230859170604,0.30114471297100376,1.5366109802258945,1.1144501868025711,6
0.39533260541432824,0.8579757347332313,1.3224441950867531,0.4551200424481089,0.31272123248206457,1.9349445934915188,0.6621624739177393,6
0.28350817285667396,0.9365068578496715,1.1296232033796358,0.4034366806432215,0.27631811930928196,0.3124029880499801,1.1505204035397,6
0.25924464410943565,1.0342031634540136,1.421530486890679,0.41568856387213216,0.29907616598802006,0.3689576594232407,1.1809268083402324,6
0.23498163596468516,0.7796810526030244,0.9923216637132217,0.35508023321039794,0.2775627081386023,0.32444135615724584,1.1919082983583718,6
0.34029712893223746,1.5024731481323248,1.2349112448426827,3.530583701443811,0.3186765325550975,0.6217070842196415,1.2689424969713023,6
1.285304860510202,1.4913183458614965,1.1989891446706824,0.35812640388114914,1.5280350283849096,1.055705896568764,0.6797322524064943,6
1.474870606766261,2.669245243015391,1.0655605222738633,2.6325259222995823,0.8662845692002006,0.6820924826938533,0.8626877487750519,14
0.3460881021536588,1.4059777804720044,1.487826702613749,0.3581264328636865,0.2866395305067293,2.3251812452511693,0.9018554852300219,6
0.2872800178788169,1.1354895294010838,1.0788703359729563,0.3551014093474792,0.3655579835674125,0.4813252110659639,1.285082301656982,6
3.805998682501001,1.7609782670124186,1.4252875775012026,3.5305837339928803,3.633599350372583,1.4106774846451597,1.5065468037150727,4
0.2839452968567014,1.6745933740557817,0.9626010406246808,0.35508011770012526,0.25841643793422125,0.35042968182262546,0.9479343805284279,6
0.9550808434768068,0.908129205581561,1.8616249669599476,0.4159074495849971,0.4179621128223964,2.393004351906534,0.9020988944855997,6
0.31770502534798367,2.8173752999170483,1.1678575360669834,0.41568882512592786,0.275952822083375,0.5358286511687351,1.1099910497864744,6
0.3663867231028838,0.5461898751214193,2.0373012804408996,0.3974599442662832,0.25595501798747305,1.6959150372702065,1.116033753939441,6
0.3110743913729104,0.6182507247855589,2.276567903214753,0.3719181792397581,0.25477300119633084,2.5408244835191582,1.33625178871702,6
0.328929629985883,2.8173752999170483,0.9930815457539865,0.37174224536660566,0.24975157868439266,0.615087314868514,0.9547208755828904,6
0.3056534849600931,0.5213038664390508,1.9169032370677366,0.4493979941537324,0.2577392052599356,1.4823874544323048,1.1698906714383148,6
0.2865912312387393,0.782800780132898,2.2546967225989456,0.39723744537825484,0.2973107028316549,3.4341198459469484,1.1948585141803272,6
0.43319650259561016,1.7429911239401672,1.365754646235095,0.5018985577403408,0.6253712259385668,1.5309396805730509,0.8442473917264077,7
0.32398280092931403,1.9372216495800898,1.2624655758621566,0.45575370166547097,0.47002282848574484,1.5022751984592935,1.0927521206860495,7
0.29151719104835816,1.9821116013636981,1.405403514281556,2.828893676761156,0.5375717192821733,1.3794249047329108,1.0627966160748128,7
0.24215828958667168,1.0925631366183648,1.0494305830711759,0.4384708718827679,0.22539060414867917,1.4502061881659853,1.137752306108623,7
0.34045012079855014,1.612951083381666,2.072595923960507,0.49530389081671555,0.9921439196747992,2.226843214353396,1.9487228705712933,9
0.8165014726625826,2.4093645110654105,2.101467335730719,0.5948389130880398,2.094673640892481,2.3586125175189054,1.9155618507642107,7
0.3344733644696855,2.8918810049264976,1.1256589594803075,0.3888259295937288,0.4635205890927902,1.6161722682513215,1.082549881594879,7
0.4159070756119694,1.345662449372546,1.2477604488115432,0.5280652796089562,0.37146458070212696,1.982112890582367,1.1897538543515613,7
0.9814997723290018,0.8989797407185393,1.2294709172591167,0.41580684659098643,0.4602669685067112,1.3921305585997408,1.090914633879446,7
0.43967840592545004,0.789576567515881,1.2343988932564736,0.49209533170159975,0.5175534983835526,1.9355713794289116,1.1065617241167052,7
0.3982004732742585,1.6719076576204366,1.2616435112629134,0.43840899490071966,0.24329053633878853,1.6640983220716017,1.1547080144134687,7
0.3441701004910375,1.3455183273093003,1.2819209612283664,0.5370400785543741,0.34357768407990574,1.5017970726829408,1.1554235783294775,7
0.5800792372671053,2.54203112387409,1.283233298949594,0.43840957100937494,0.65293677615649,1.4748837136138004,1.0489521058265792,7
0.37766998026300874,1.6349696816161914,1.2825905410845762,0.3888263124327821,0.39021125263419254,1.453051192889372,1.0343431827560603,7
0.3165790594058709,1.5021295235987115,1.119928775560162,0.3888394648243247,0.3828274652596248,1.4289273851055593,1.151232296608776,7
0.25392136044453223,1.8358850596582335,1.235407731203359,0.44951619197523,0.22681294827730825,1.4847901842726292,0.9993923911679816,7
0.33752866147694993,0.771406642762415,1.374096361845942,0.5241621925751148,0.5856719534047742,1.7566048445195581,1.209110635181142,7
0.2761918232737408,0.7904614141960817,1.4561448308594875,0.6973201125374274,0.34213992904074,1.7930958453732235,1.1494997185729534,7
1.5436283608499348,2.155104738103322,1.508928902296803,0.4325011821535107,1.4097648259428772,2.024350222441639,1.004639565875921,7
0.31457431795549007,1.548687574805009,1.4602666830082296,0.5948389130880398,0.28489332739371215,1.883539451769672,0.8935546474713557,7
0.3340141013714091,1.3016334876367917,1.3842742574609597,0.44975746703374087,0.3562927727030421,1.8084652645310013,0.9248488038281214,7
0.7795871927431518,1.9695548019508164,2.154722613047906,3.73698630648406,1.035024707695646,2.274664941268399,0.7397724537286071,7
0.30171307516231943,0.9696709444234164,1.7322639833464706,3.422601756748948,0.3634021037141637,2.1427176976013884,0.8169816750686361,7
0.8833269610666536,2.5896628124844,1.6109203190549444,0.45667155208171933,0.9038610361272278,1.829298967944643,1.1297311365151292,7
1.0995386791862052,1.0777579957243257,1.6630706455752677,3.58510488792329,1.9723651991233924,1.7660606166998383,1.2463979091488053,8
3.081070034595131,2.7374763571911007,2.0171759388093773,2.813977190419726,3.134622213091337,2.419533343636614,1.797907293981777,9
0.49974015139939937,1.7789238021812013,1.2811315418082023,0.5867652231587531,0.5313802664848193,1.01322338976825,1.0275013418663865,8
3.230839020261659,2.377826751087795,1.292000991136506,0.5328465471089117,2.671469150496207,1.5398686942787472,1.5679728777793749,13
2.9559275871636816,2.1221353342629405,3.33819019533728,3.4753885020280215,2.7540222059961206,2.0683254200361976,2.135284419250971,15
0.38011845367330366,0.6302144057558939,1.1538412705224825,0.6848755075228616,0.3089803605168338,0.779468516917802,1.0836574409783395,8
2.7430417150063815,2.4476504121533007,1.4180663646196012,2.969917238059943,1.2156236775241434,1.2826273165714814,0.9404612832797553,13
1.5014426722606002,0.7757569328566636,1.5373098828002618,0.9467503546904703,1.9295600304083294,1.1532476864603582,0.9694393806196198,8
0.2568765110867477,0.5471224469929726,1.0335422765142275,0.6848755097569512,0.2524146264564887,0.8817558349230993,1.119309539249315,8
0.2674018022036159,0.5151132356573606,1.301899956483798,0.659239480498636,0.22927444747125023,0.9601474671480962,1.1008540443216086,8
0.9886176454831617,2.1444184278447307,1.30650472703871,0.6657405217693151,1.3945257694274424,0.9131012450240069,1.094037199889054,8
0.6592311746714556,0.9085432783519247,1.2375398353039155,0.6237381453133323,0.5567628084083135,1.0083742454542792,0.9719263354211342,8
0.9673200832123761,0.9706143617265275,1.420047327012378,1.979090180419926,1.6610128767891823,1.4926983013935706,1.0857670426846595,8
0.8028331333979221,2.326345619304122,1.5279204343263133,0.5875399380221676,1.3309447011308515,1.5861488432169903,1.0925537516511048,8
1.0336551583656317,1.1745015497676075,1.381004782219428,0.6848758114798748,1.2751380446791056,1.3048735585561404,1.0209143551470607,8
1.112562925724071,2.256667705935442,1.4895811776742152,2.9061065069949863,0.5188746660367578,1.363847706943173,1.0750601197812484,8
0.49768701189815107,1.1735495236394002,1.5301579468163222,1.4215524898658234,0.46051378779007346,1.2041503641351332,1.4658696668974713,8
0.9098708005345916,1.156320844372422,1.3324962120885167,0.4843692932878608,1.1669582033776613,1.6326570462290997,1.6240646734186248,8
1.6473637832391008,1.930113500049486,1.9187244265856553,3.5372095804087764,1.6014717100048321,1.1888999998192185,0.9797872101766425,15
1.218259248459813,2.1031917665509856,2.084955642679832,3.240747163268728,0.6497925241011595,1.4713596428844014,0.9156999657446829,8
2.2558689620243104,2.3701909239219745,1.5049291040556823,0.6672067887853872,2.413218485241505,1.9589138790199503,1.5969220433340707,11
0.4945355805214651,0.9794516326247129,1.4492132519356735,0.5328302043361901,0.3963157477837247,1.1269693597061365,0.7717116035801593,8
2.523801807600409,1.1376524073564178,2.002452295753054,0.6801537950179624,0.9675304346296564,1.678807305614898,1.038774901226467,8
0.7656760619317852,1.203360041114565,1.2457369634484687,0.6710643564882127,0.8596009877604981,1.2126516301420833,1.1209195843187179,8
0.700617584345524,1.0360581892107754,1.8946518780509498,1.111066217131341,0.39745777575815455,1.6291710186319561,0.7244822353862728,9
0.8618002903571179,1.4424801306838082,1.9722789307681228,0.507409522918899,0.3865453328808259,1.5811517431622448,0.6102203583074037,9
0.2353540852979358,0.4510615575468963,1.869580976872955,0.5071938618181043,0.22914470985910718,1.9195789084188615,0.5477550185291103,9
0.2636872511781519,0.45026051248399573,1.891036139201575,0.5347113638437999,0.24570072959210243,1.9320740274419967,0.6965915568578858,9
0.41041183616503535,1.1230050897052877,1.8816304129991057,0.5369614125599979,0.29222142703299936,1.6568496808358224,0.8714262885981855,9
0.40479544407804186,0.6550791685019659,1.910669084727839,0.6883990794445332,0.33563071400979677,2.030156787787524,0.5816910394928274,9
0.28499915541607596,1.3218669570494759,1.9729955596024735,3.217029981953902,0.3037383570753763,1.9813268998092983,0.9279616952493425,9
0.27989766797057747,0.5173029634046892,1.9368041361630188,0.3649085794080747,0.3064471139034345,1.9454417792559975,0.6884715779131094,9
0.2634919025859212,1.046092423796489,1.9479563833366655,0.5372735719571278,0.262525873013988,1.8044966117610406,0.6872728290758057,9
0.2404274708488063,0.42482745365790675,1.9375585144917102,0.4500742734313137,0.22825368119970132,1.867879894003901,0.6241624391887572,9
0.2532286530282261,0.38380531918034944,1.7392922520555711,0.45007399816208754,0.24335574808441943,2.509553439830721,0.5776489438901318,9
0.258043046701183,1.2016647016935669,1.8854599564957932,0.6906666518801075,0.23112694790269608,1.9692931396266349,0.5811370307964352,9
1.8450692168909781,1.5143765712756774,2.035697996941156,2.9455366911212915,1.1511921676182955,1.8974063165648571,0.5368353556144289,9
0.38745551631773906,0.9507888750392941,1.947164669776348,0.5884330427849433,0.3237931883399912,2.024280116620595,0.5697149640777134,9
0.32216305618148494,1.4305463050806473,1.9600980771825611,3.175713593748961,0.44284873012637643,1.908507724498513,0.5276922000343433,9
0.30066442585822056,0.37189893171753335,2.0058049951525136,0.418715491239647,0.23690364205469328,2.079593448255002,0.4901470118081246,9
0.3008261240948934,0.7681101691481941,1.9903074996241348,0.5385633270292339,0.27662629639831154,1.9517166902779484,0.6588107762378214,9
0.30986814577267013,0.6354834001937316,1.9209386632291312,0.6178656078422284,0.28010251121471313,1.7595593278885038,0.6178938834070962,9
0.2857476494529123,0.5164205387025567,2.0937323669388572,0.5391873144485634,0.2640834672437391,1.996745019002764,0.5790153716121126,9
0.2577375788737948,1.1741072797802024,2.0760289416553594,0.4500748047387467,0.24849546411051177,2.0833473755489416,0.795137133676458,9
0.3370620531962524,0.3540224850470275,2.0254751304322545,0.36490794599842713,0.2848971548268666,2.0179549413498,0.8129721489127044,9
0.2789202447824125,0.44245295280106584,2.1074164905977733,0.4721948696651267,0.24554630802695507,2.0366014791998466,0.5338063314796744,9
0.2631018869819597,1.1741072797802024,2.048432678405553,0.5071831381772665,0.24545693243767544,1.9687328536536777,0.6202994596700715,9
0.3282614327650916,0.47486222189666705,1.9079408485876679,0.6178654013201381,0.25502462120689223,2.140336724394785,0.7368599152239945,9
2.356147481230285,2.028947520254202,3.119822211108528,2.795839163824029,0.6923186094454193,2.540573148112743,0.9299586723656748,12
3.2592147456470086,2.2302212617133317,2.487431870260132,3.400858151258649,1.1602361912216361,2.7093210235145824,1.9606344965033273,12
2.291472560316517,2.7210834557040906,3.343639663953532,3.8441284200979973,0.8262059939925949,2.7346743753685074,2.1935897953556505,12
2.876559037391964,3.5700665425574094,2.930764917993826,3.2100630848937564,3.265654080683394,2.982398829801931,2.691639460704436,14
1.2485783305445817,1.6439504444757245,2.0218870607738095,0.9257593945071615,1.7488897113052468,1.5318816966601525,0.8523055672445642,7
2.832131889009996,3.1776255906121893,3.6660675884166127,3.778372477914566,3.3235572773311852,4.038269089210895,2.381122301586053,12
4.497880929157867,2.6987487436961413,3.048205989386386,3.8447034437526373,3.527440454826064,3.8334933240133604,1.6003399278229369,12
0.42499552030424204,1.6090231394287113,1.9225683224025838,0.43697338055748325,0.3164705824033583,1.5771510918890654,0.9025227558948578,10
0.36567200118356813,0.5424833826411795,1.940876573654068,2.967070933242859,0.6511353702003131,1.6949730024832106,0.8553351426638502,10
0.5623813557770516,1.8220653315997866,1.9713272570960778,2.946275228317937,0.8670725804804218,2.1208383308616767,0.700334535115183,10
0.5050411932852646,1.2710764303883464,2.10322614122355,0.9903478540726228,0.3577221804590326,0.8365836016294071,0.7091675768431446,10
0.48673728489499307,0.9464561857613629,1.4300815911451312,0.6052797012113889,0.557129865990982,1.6601372623324029,1.1263003662791404,10
0.2931411722353482,1.200979623229492,1.9013694849015765,0.7720383209368737,0.30220685951941223,2.0514977748180225,0.5841693797380659,10
0.33626116380984394,1.21127970756706,1.9157007083448605,0.7907799938726776,0.3088793973361539,2.300162608279929,0.7460242391176639,10
0.6543653527390747,2.1088977510036364,2.4849770247531233,0.5137836160060171,0.3621313437628892,2.596071008419873,0.6764588704322452,10
0.3166087556283224,1.1941456209345596,2.2982095936347884,0.7907775567937407,0.32178246722637627,2.711190986765208,0.6130678905611523,10
0.4080408213917657,0.8153451961783554,2.085079456665859,0.9899478461293326,0.2655993737849306,2.2668906761717085,0.7344437299151468,10
0.4796337958118302,1.4336151092085792,2.0737023027438086,0.9902838362485799,0.39345540799246304,2.265967107927881,0.6343185212669009,10
0.28492701602139686,0.5389706198576822,1.8733068157166666,0.5137836160078587,0.2771011812879571,1.936588710186691,0.7759185388146339,10
0.3022618159292091,0.5746200672057277,2.0878714514430943,0.44106213399542205,0.28743585802008825,1.4499797273733603,1.1872655512238657,10
0.3411521835339722,0.8207481599755675,2.2019196920448163,0.43697524761916456,0.35346809273260277,2.3987865088587306,0.9246197971487083,10
0.304963118942303,1.4401136387280684,1.8733068157166666,1.0329219031775783,0.3879995821701961,2.0170120098726434,0.9676356010686229,10
0.2773039502580767,0.6166818472854967,1.5933788237066184,1.0355274576157394,0.264300592194548,1.4504688000224113,0.6829112046376487,10
0.31298155569529007,0.7812431640549781,2.041366087665563,0.6324369216911282,0.2982929470340202,2.3987865088587306,0.9051986727848604,10
0.4571050128908511,2.359944523090238,1.6778247567110385,0.7758771801017966,0.5172294369496899,2.0104168646336738,1.0319553674562727,11
1.6196325612621865,1.407742432828559,1.687418838703729,2.219320224395527,1.6128892703475075,2.011144374875989,1.0610270186814683,8
1.2228465233743324,1.5398917438938986,1.5609686494207538,2.9145268718957618,1.5349688145134,2.2519378094678837,1.2543052171382492,13
1.800113825073746,1.970796139980942,1.5849968926389182,3.104726832096161,2.049516460583323,1.6818078476543303,1.4447137090665139,13
2.84543249625967,1.9644772068595422,1.9380416149405302,2.4895772603479074,2.288277760423558,2.9844335130691775,1.3532115761711232,8
0.7533416841481572,1.99440840869406,1.9065796247863331,3.604333561283728,0.5438370689552999,2.765056466640085,1.2701498246034308,11
3.0416810174961904,2.4696667269006793,1.5261510963084133,3.32565736930994,3.6455179509322773,2.4297533266151783,1.7437753455659246,13
0.9560218373802924,1.4755086977721381,1.5477736705483296,1.698907335900996,1.5153687334888755,2.2911220053746666,1.2848838963863827,8
0.5980283444239474,1.3451670496313077,1.4312323189948633,0.8478527068826719,1.4589784558871197,1.955509334893617,1.1745655886357476,13
2.365811472996857,2.114970042581906,1.508879362583799,3.1311017576166176,1.1358512648504107,2.5554127138016414,1.0944117078308229,13
1.5305291390256004,1.0580045946676184,1.3223610539379533,0.6822157645053488,1.8577467284529225,1.6613075877631136,1.0647587664105274,11
2.6097391065994477,2.3929305381972656,1.2700973693054753,3.0240654620776155,2.5440851613850497,1.2628509952223899,0.9326918171402224,13
1.0438855076102478,1.8118477532113115,1.2294631674300776,0.7992740478532312,1.0082381125803803,1.45984940803837,1.1430247155633437,13
0.5486126846802564,1.4495803250084918,1.5193465197541458,0.5155771787021166,0.4549647065165181,1.8027916034451257,1.008368019880125,11
0.4595655951277185,1.0176361353249377,1.509292179880697,0.7803243583337229,0.32696718424234994,1.183727499550833,1.0345167284181964,11
0.3321373578930422,0.9049666044694268,1.4274744986657595,0.5885790850764642,0.3847184082148397,1.7249958625807442,0.8495579007231236,11
0.5960871990365552,2.257383480607419,1.7025226927931665,3.326085944787441,0.5640576403562445,2.2047457257816956,0.9446227735524914,13
2.246031127406412,2.2142168132252906,1.7602643545654748,0.6877151886415817,2.6848551309759867,2.6193089897108233,1.7001198138642832,13
0.28513559269356725,0.38458747740692634,1.9507293610677807,0.7321807076547279,0.24449544000329845,1.6945452288147749,0.9106882259509611,11
0.31350144350274983,0.7970991720550915,1.9716501029174767,0.5155778267091372,0.33927558201420493,2.446093512529102,0.8821352877350954,11
0.2775376307657973,0.5152236173636413,1.5880697650131645,0.5885689802584555,0.7495488781262168,1.682635326282199,0.843868083407617,11
0.3133508701535521,0.4312688022767585,1.8151361744089658,0.4920935318322736,0.24820359416905272,2.002505884558691,0.8688099052265353,11
0.3133568784642338,1.1118958041314517,1.921184368249422,0.7773248875059097,0.245681904839386,2.215723652995727,0.9369771215016184,11
0.2879352099459953,0.44856447889344797,1.6181280643843512,0.4921002703595314,0.7495488781262168,1.7065492413076957,0.9401818363293618,11
2.3449069613323723,0.6211248288171508,0.9466404504980767,3.065972371170248,1.4638138813969679,1.337029934363963,1.0275595884981545,12
2.8617854370308,2.0773227707196154,1.0859137671449208,0.4563302332764767,2.1018535132743095,1.7206291403575078,0.8122306906313385,12
1.4542277258843876,0.9797614637495033,0.6628242684242434,0.4796166437229572,0.477503667893927,0.6583705718224776,0.7963354288940176,12
1.6922972369627203,2.9254915033551994,0.9223698868880787,0.5165332989413911,2.4887419333873293,0.928013866263231,0.7024700332410377,12
1.0963515904830428,0.6926469686824761,0.9829573427114676,3.1535370530120495,0.8410327134240854,1.4968523742481745,1.0877845637583723,12
2.2002284561735506,1.5593325434341694,1.5436658495447233,2.9146913978752487,1.7848610714070545,1.2337086989824255,0.7839888253311736,10
0.2615080418721516,1.3882806998413315,0.6618785357832377,0.4355154402747996,0.37282632992355175,0.6267924171704813,0.8805121884273139,12
0.592655440298325,2.0085065313755868,1.2804535668977215,3.423576007571827,0.3071497899650796,1.2217204569498181,0.8384668513638374,12
0.31235318641043264,3.649861389672964,0.897483185635364,0.35162742531399505,0.30834572795319226,0.9281471765674206,0.69031139388063,12
0.6063446290550848,0.8204170882262126,0.7654236578691749,3.28553800295111,0.4615672976723197,0.7242152148473388,0.7697346405074978,12
0.37601504991999224,0.6670686937509738,0.6952092046731497,0.5803869042442912,0.5156724353920492,0.4752694963992011,0.8284162112511851,12
0.8663343256042185,1.1248757521145534,0.8346112469325209,3.2859136577157915,0.4947028596530432,0.4501556856669765,1.110583392194937,12
1.1750733014858254,2.7530570351215404,1.2133736835882865,0.4796243211945968,1.09086279005306,1.1093530984186954,0.7519320801718624,12
0.8391549093805671,1.9103890628049298,0.8214894042656585,0.41326137955416115,0.33894704855375063,0.6244299606567327,0.74160627669988,12
0.7389098994187077,1.032673990987693,0.6063455915429451,0.4523988392862032,0.42734935165506366,0.5347960084857827,0.7937530692708148,12
0.40923463650321007,0.861541652602342,0.7828960683551672,0.4360141073162623,0.38624244604709035,0.9329030389955076,0.7991469863790355,12
0.3097660665014282,1.5822043672031072,0.9560499710573538,0.40051360433013006,0.4530967512902022,0.7354294002079946,0.7548613568172033,12
0.484640159496378,1.8884456482778669,0.8469812420285802,0.5170599316879292,0.4464035910144815,0.6755182213817233,0.8654673404599709,12
0.2501318957901998,0.5572184234056013,0.908211991826646,0.4524307895105636,0.23769953276681902,0.6912558441187486,0.7579261411036097,12
0.24946768986239068,0.6110930059230906,1.3632477317819036,0.47627665853529033,0.272114931788398,1.2177666905621973,0.6973131445997026,12
0.30266227798603806,0.7749665077270086,0.8437254911402062,0.4796178533499981,0.26154070607326196,0.7520438995929225,0.6815602547088272,12
0.25079004072987937,0.5751145700456949,1.0268847935040668,0.4960103068503134,0.2504730773136053,0.5970184446694028,0.8217062598290538,12
0.283641195882423,0.7362581591731969,1.2454315699048164,0.4960103068503117,0.2683908803452855,1.2169656266504236,0.7898670007385276,12
0.27035912227665637,0.7749665077270086,1.009787851923313,0.43353687046277894,0.2443522362259848,0.6661393351436418,0.7714230263203486,12
1.147294171662945,1.5689194201661778,1.5956796371429576,0.6522896603852739,1.5248713856957303,1.9572160638775624,0.8267601543286914,11
1.9035024722067906,1.8029298682491286,1.3351660778617502,0.4504708462341843,0.7940375125529838,1.4943899350092886,0.8465813920406305,13
0.8825085633211306,1.6372828020954724,1.263226686857615,0.57595542623249,0.7923358605648898,1.6157646901675626,0.9115081314189378,13
2.1583005618304454,2.110578819192198,1.4801033305129876,0.5347227756827633,3.095604867777501,1.034132335153552,0.8771012462266538,13
0.5871842719040767,0.9625330215197854,1.6734138257761142,3.1659113976521756,1.6865877201102617,2.28298622555653,1.1521197097947566,8
3.294898742065339,3.1259029230574966,2.603841582533067,2.9454667195843998,3.2117092941724623,4.105710228639425,5.201465341418543,8
0.7679092659998596,1.5399188829643509,1.2006820201542665,0.49067039321756634,0.413754881526003,1.3649498724365101,0.8631109836690418,13
0.6579029594585766,1.284225595019893,1.1970711778510446,0.46513347193869864,1.30802926091075,1.4700514828977738,0.945087393532784,13
1.2680009848929341,1.2401851737466185,1.2542724338884492,2.6435351364015456,0.7401196602164622,0.9809156485846335,0.8060436308680938,13
0.9523620803294931,1.1515510615993974,1.1037755287229833,0.4221006301454095,0.808615479798601,1.1237748567897021,0.8010599231971911,13
0.816086739305143,2.77180516799719,1.270353249713582,2.779211764295459,1.2891372029808341,1.016926116548581,1.101677752125181,13
0.9387639821050161,0.8074163789514488,1.375523021866472,1.524351330176781,1.2016932404282439,2.002196807547708,0.9331107523995079,13
1.1913396916591097,1.8511680741453167,1.8764569470235726,2.947836886191495,1.0369998569400933,3.506446109708117,1.4790842504569026,11
1.4375577872901226,3.4647406813224264,1.9573333561945128,0.6459164826764185,0.6873048159180292,2.198292265319367,0.8067567088322319,13
1.1396537171218233,1.7530146094814583,1.165754762112277,0.4518783222123076,0.8001896595509725,0.8150106193872939,0.7595446648812739,13
0.4568366509208301,1.3530912077338169,1.257915650748263,3.073501685107621,0.48213259144184184,1.5353864725584208,0.8337776245116113,13
0.5558650975438744,1.5052366976248317,1.1827565746558724,0.5364588230463395,1.0805725084089117,0.7358481543397938,0.8999356984513007,13
2.461295356500704,1.5429875446847299,1.8026609289831872,3.3475528272655044,1.3510473147372808,2.9770551748114893,1.174481143453999,8
0.3589719612372013,0.5144137239374245,1.2409733045711577,0.5347227690206664,0.7046073811670529,0.6921072285266998,0.8440661051513486,13
0.312227471578491,0.7236519533111796,1.3323071387758831,0.648929372906267,0.300019839459022,1.0185331029112514,0.8252694476959167,13
0.45409640150386693,0.5672998860578732,1.1395965638357453,0.5640652647024957,0.26646953356611147,1.4397883603675965,0.8088290598539418,13
0.3028113261870526,1.199560417295936,1.0926486903900217,0.5321043001303251,0.7046073811670529,0.8261640891331484,0.8703620187241513,13
0.40202056260292784,0.5519512075397255,1.2592161101688755,0.5327986258692441,0.3005009490359534,1.057035966716205,0.9463526864994171,13
0.2973960195374265,0.8474360141494662,1.1706250525003585,0.5482559590515682,0.30304454756683386,1.4397883603675965,0.8088290598539418,13
0.558399684428966,3.674999416907091,1.693631013297267,3.408876563278502,0.394285223458895,1.505349516388088,1.2401296513112592,14
0.35960824870823627,1.1190949093369391,1.944560112371007,0.4902189334897498,0.31681608892654956,2.058372049277958,1.3276759621476852,12
1.7708431520416725,2.6133649207616534,1.4734619927719765,0.4166820473977697,0.43101119371921526,1.5738450328514217,1.2667903162246306,14
0.7147402775929889,1.0707429915126006,1.1968993010360887,0.4459451650169352,0.2825764056795923,1.1126984990335662,0.831059969200383,14
3.7066195698754325,3.328197030686743,3.8705137110786203,4.03957576752781,4.109870728336878,8.847821788517424,6.368441125732781,5
1.9940959530739597,2.88353315525014,1.3410483385474876,0.3999222733915206,0.8271674187743587,1.1546065294355254,1.2929563770934416,14
0.5802146708645839,1.5600327814603594,1.2412385354996847,0.5332007472860973,0.5911530873720073,0.8017633826999059,1.287262825159518,14
0.2852843907139906,0.4577760436445655,1.0754874528731053,0.4106424732253139,0.2357594158640401,1.0664593638291535,1.0731030638820824,14
0.35992542678721295,0.6728538690736156,1.2366222865351273,0.4107612161218169,0.5476993982084665,0.8399231283180253,1.055781152273064,14
0.2729681976046278,0.44494924440177347,0.9818753196695018,0.39992078694509464,0.27495608682871636,0.49921320496295357,1.1975259946000347,14
0.5108453893618028,0.6913091960615048,1.0627446533278966,0.44706902360665624,0.41337890019442874,0.7641896142639703,1.2161304757978837,14
1.9183440176457416,1.749968248167552,1.3895974488906155,0.42397893558453675,1.0165300040177454,0.9458779556543608,1.3681368710578008,6
0.25430757933427156,0.5138767677057698,1.2532961926484936,0.38173600152825243,0.22629756185321317,0.44399336451481586,1.0573551107278083,14
0.297225430374826,0.4485410653239004,1.0885060438110736,0.42876545803133603,0.27534719774355626,0.6451330379222039,1.0748083146185727,14
0.3543279292140718,0.4430768457058773,1.3834169690006517,0.5648999982186176,0.28905489844220034,0.5991332069252826,0.8525935844276886,14
0.736167564336811,0.8815389676039704,1.4102027915905193,2.3556574727349178,0.44799736641268617,0.6238962872110312,0.9522969083758401,14
0.2781176329047806,0.6745353414582261,0.6485087019548038,0.5013884885317288,0.2769555894032914,0.47645529302054374,0.973509022406876,14
0.2883340205530346,0.5571690169333827,1.3591030964865283,0.5013886803092538,0.2911134798978813,0.591565630926742,0.947348308934089,14
0.29445217772155513,0.4755567032835006,1.1141005799825434,0.44182837059292224,0.23283401993420638,1.0294161035049032,0.9639310586921761,14
0.24976812647403468,0.6203132497164239,1.409517727587136,0.5331979947015353,0.2685662620010998,0.7756561714507823,1.0349202692125359,14
0.3432554274227386,0.6049858046123963,1.3916766710629491,0.4166820472277314,0.2795836856085186,1.5239944075414347,0.9494691398985152,14
0.25022899790900227,0.6095155861220068,1.395044132025859,0.3817311929614433,0.2638595806645631,1.2087342481244578,0.6344823330931952,14
0.26605429536749875,0.5007816982673299,1.295056793540273,0.38173068658788006,0.2510452751010084,0.9286578469377819,0.9452882832203724,14
0.35044636096784276,0.6564372743610821,1.3499687162720049,0.5332130292749113,0.32331534062496176,1.652746808403752,0.9597267217384473,14
0.356623432813238,0.699436579416648,1.7120808511891066,0.393391315332834,0.3107825419056288,1.1494176382300256,1.5223168749095368,15
1.3579370332722058,0.9852218545257592,2.125939194332844,3.2059742953996344,0.8339215733983619,1.3911843966040232,1.6207386301262063,15
0.32825257762382226,0.7361813824467045,1.5858672946008994,0.5147801295311805,0.3154075255424174,1.306226502856809,1.7645431838530545,15
1.3226772075367184,2.3995689824877773,1.6061595320431037,0.5012861273827078,1.2708734026393658,1.5744095039125445,1.2475880177644612,15
2.6795628906358946,3.5723042839883354,2.0419913260361664,2.963194513380373,2.3282113920876792,2.3405993063499846,1.686311819890033,7
1.3114697144799397,1.1720985851844188,1.4497133124375425,0.4388693186565379,0.8972617734728392,0.9745072342294854,1.2726346504716264,15
0.31473017885888366,0.4955254810514759,2.1285660603610537,0.3901279873878415,0.4413409286565416,0.7771836527133512,1.1374378875450664,15
0.34850564579836596,0.4120925089883854,1.227788115278485,0.33031027445345984,0.2793447726781911,0.5329546724123534,1.4916268645539448,15
0.2519385677840495,1.0968288414066627,1.7626495736702483,0.4424880748206051,0.25615129151508803,0.46727825999051137,1.2126197982581264,15
0.2738775774984257,1.4154330591204736,1.7703136217604554,0.39339435531224676,0.27436755367918514,0.5234088793406118,1.8625455588905921,15
0.3384309220347388,0.766215527741884,1.505363121306985,0.43465533964827713,0.2915272792846213,0.6025201608379741,1.5684816532258463,15
0.2571515111216548,2.0855071768807156,1.906467314826123,0.44243734830153353,0.24436938921475376,0.5470948424626125,1.4394988064988463,15
0.3559157213198155,0.8943221465262935,1.9895465379233854,2.025646326447056,0.35852657298263724,0.7455372839248945,1.8990342227348276,15
0.30976676151227783,0.6897870424518345,1.4287132488842416,0.4388722479039281,0.3373163743808851,0.8974553683179668,1.6555013707518005,15
0.26390798698703194,0.49349863302433544,1.5287373080966773,0.39339128560570635,0.2598169740628889,0.7423849435985697,1.6558959513259832,15
0.294373517610881,0.5370873370135698,1.6563610484378728,0.5012861273568877,0.2510246658162127,1.678667983890153,1.645187083338312,15
1.517559196984474,1.229928422768362,2.4287343808838298,2.820892407851265,2.1536919061167317,3.5248230941333376,1.673492323112867,4
0.3553073571363808,0.638074333293537,1.400654104479891,0.5147801445648882,0.2884480940572077,0.5542492348507768,1.2721754761736184,15
0.2860003927695341,0.6599111000448131,2.133565682815756,0.5014967434693637,0.25653360938212133,2.948502164046937,1.2710811478508615,15
0.2928871941080456,0.5209276870871185,1.9896171690804263,0.3463252212240613,0.2358397542346232,2.7746334662214096,1.1910980285387331,15
0.3032672524423493,0.47142291499964967,1.9678320842460029,0.3303679429513292,0.2550388382130491,2.2022694412796087,1.8189709971902233,15
0.293652282760744,0.5223700437701484,2.133565682815756,0.3303102754022609,0.27240212781671874,2.948502164046937,1.6738925800136668,15
0.3174658426699493,0.7718757239379873,1.901330309419472,0.3911467579659427,0.26069767133272664,2.703457845632224,1.7628222895483543,15
0.30548870052749616,0.7778731491153031,1.9161282771317187,0.43691491911697006,0.23969856630745454,2.0431821440168663,1.8189709971902233,15
