alcohol,malic_acid,ash,alcalinity_ash,magnesium,total_phenols,flavanoids,nonflavanoid_phenols,proanthocyanins,color_intensity,hue,OD280_OD315_of_diluted_wines,proline,class,feature_kDN,feature_DS,feature_DCP,feature_TD_P,feature_TD_U,feature_CL,feature_CLD,feature_MV,feature_CB,feature_N1,feature_N2,feature_LSC,feature_LSR,feature_Harmfulness,feature_Usefulness,feature_F1,feature_F2,feature_F3,feature_F4,instance_hardness,comittee_vote
14.23,1.71,2.43,15.6,127,2.8,3.06,0.28,2.29,5.64,1.04,3.92,1065,1,0.0,0.01754385964912286,0.0,0.6,0.6,0.03578779762518802,0.03373108659160018,0.16901408450704225,0.7514044943820224,0.0,0.24023363231377426,0.05084745762711862,0.12623243815031204,0.0,0.3220338983050848,0.6538461538461539,0.2057369614512471,0.4699355231070714,0.5977813562354627,0.038295475895209985,1
13.2,1.78,2.14,11.2,100,2.65,2.76,0.26,1.28,4.38,1.05,3.4,1050,1,0.0,0.01754385964912286,0.0,0.6,0.6,0.035791044682654594,0.033734332442089565,0.16901408450704225,0.7514044943820224,0.0,0.38946646702687626,0.6610169491525424,0.4497708710296655,0.0,0.3728813559322034,0.7692307692307693,0.27980085348506384,0.46419254836282475,0.5542483660130718,0.04749865513315199,1
13.16,2.36,2.67,18.6,101,2.8,3.24,0.3,2.81,5.68,1.03,3.17,1185,1,0.0,0.01754385964912286,0.0,0.6,0.6,0.035787798533827186,0.03373108749990161,0.16901408450704225,0.7514044943820224,0.0,0.3512956181025113,0.47457627118644063,0.2926343867110436,0.0,0.30508474576271183,0.7692307692307693,0.2648189464642973,0.4976138189493376,0.6027397260273972,0.04463449122276997,1
14.37,1.95,2.5,16.8,113,3.85,3.49,0.24,2.18,7.8,0.86,3.45,1480,1,0.0,0.01754385964912286,0.0,0.6,0.6,0.03578779760100281,0.03373108656742396,0.16901408450704225,0.7514044943820224,0.0,0.2885690299642417,0.15254237288135597,0.21493352111892816,0.0,0.5593220338983051,0.6153846153846154,0.1808107319918343,0.44548569926829085,0.6250407777125333,0.037604213702603584,1
13.24,2.59,2.87,21.0,118,2.8,2.69,0.39,1.82,4.32,1.04,2.93,735,1,0.0,0.9824561403508771,0.0,1.0,1.0,0.04249288267834639,0.04043368432559352,0.16901408450704225,0.7514044943820224,0.0,0.4070085892870511,0.7457627118644068,0.5017059679054121,0.0,0.6101694915254237,0.8461538461538461,0.3191358024691356,0.5234899695967778,0.6416219439475254,0.16903633273844254,1
14.2,1.76,2.45,15.2,112,3.27,3.39,0.34,1.97,6.75,1.05,2.85,1450,1,0.0,0.01754385964912286,0.0,0.6,0.6,0.03578779760100281,0.03373108656742402,0.16901408450704225,0.7514044943820224,0.0,0.2620282895518492,0.10169491525423724,0.18971236665301283,0.0,0.38983050847457623,0.6538461538461539,0.18683612123477558,0.4725601470989699,0.6567164179104478,0.022021291920402364,1
14.39,1.87,2.45,14.6,96,2.5,2.52,0.3,1.98,5.25,1.02,3.58,1290,1,0.0,0.01754385964912286,0.0,0.6,0.6,0.0357877976022154,0.033731086568636104,0.16901408450704225,0.7514044943820224,0.0,0.27728917273187803,0.11864406779661019,0.28985041673033907,0.0,0.30508474576271183,0.6923076923076923,0.2272300469483568,0.47872188099276564,0.6428145609583291,0.04178757997898952,1
14.06,2.15,2.61,17.6,121,2.6,2.51,0.31,1.25,5.05,1.06,3.58,1295,1,0.0,0.01754385964912286,0.0,0.6,0.6,0.03578779761541684,0.03373108658183266,0.16901408450704225,0.7514044943820224,0.0,0.3074429070868795,0.06779661016949157,0.20323167604592862,0.0,0.3728813559322034,0.7692307692307692,0.22570480550936578,0.4786858442310095,0.619718309859155,0.03432081050568481,1
14.83,1.64,2.17,14.0,97,2.8,2.98,0.29,1.98,5.2,1.08,2.85,1045,1,0.0,0.01754385964912286,0.0,0.6,0.6,0.035787797678489275,0.033731086644881614,0.16901408450704225,0.7514044943820224,0.0,0.335584185715069,0.18644067796610164,0.35059470461328746,0.0,0.288135593220339,0.6923076923076923,0.3083916083916081,0.46787588963845184,0.6428145609583291,0.037628678548244254,1
13.86,1.35,2.27,16.0,98,2.98,3.15,0.22,1.85,7.22,1.01,3.55,1045,1,0.0,0.01754385964912286,0.0,0.6,0.6,0.035787797602918836,0.03373108656933932,0.16901408450704225,0.7514044943820224,0.0,0.2739471485856495,0.2542372881355932,0.3912850407445767,0.0,0.2542372881355932,0.6923076923076923,0.25343000557724477,0.46310789573911804,0.5969546427561695,0.04455244265698899,1
14.1,2.16,2.3,18.0,105,2.95,3.32,0.22,2.38,5.75,1.25,3.17,1510,1,0.0,0.01754385964912286,0.0,0.6,0.6,0.035787797601003146,0.03373108656742435,0.16901408450704225,0.7514044943820224,0.0,0.27945706791550984,0.11864406779661019,0.25406531015737677,0.0,0.3728813559322034,0.7307692307692308,0.17516211113847166,0.462576455089513,0.6193421698576338,0.03241035859896224,1
14.12,1.48,2.32,16.8,95,2.2,2.43,0.26,1.57,5.0,1.17,2.82,1280,1,0.0,0.01754385964912286,0.0,0.6,0.6,0.035787798505239055,0.033731087471324084,0.16901408450704225,0.7514044943820224,0.0,0.3528508978118281,0.6949152542372881,0.520997365506764,0.0,0.3220338983050848,0.7307692307692308,0.23034330011074197,0.44970031697941126,0.5659189745937286,0.05107779251527289,1
13.75,1.73,2.41,16.0,89,2.6,2.76,0.29,1.81,5.6,1.15,2.9,1320,1,0.0,0.01754385964912286,0.0,0.6,0.6,0.03578779761287132,0.03373108657928814,0.16901408450704225,0.7514044943820224,0.0,0.33742951647100194,0.4067796610169492,0.4153799838120176,0.0,0.1694915254237288,0.7692307692307693,0.21837610481143602,0.4743237305698571,0.5866666666666666,0.03799944135881872,1
14.75,1.73,2.39,11.4,91,3.1,3.69,0.43,2.81,5.4,1.25,2.73,1150,1,0.0,0.01754385964912286,0.0,0.6,0.6,0.03578779770626883,0.0337310866726509,0.16901408450704225,0.7514044943820224,0.0,0.32523545645350116,0.18644067796610164,0.23251387411418356,0.0,0.6949152542372881,0.6153846153846154,0.280279010779962,0.4167624243927692,0.5750345208505938,0.03919165581041195,1
14.38,1.87,2.38,12.0,102,3.3,3.64,0.29,2.96,7.5,1.2,3.0,1547,1,0.0,0.01754385964912286,0.0,0.6,0.6,0.03578779760100281,0.03373108656742396,0.16901408450704225,0.7514044943820224,0.0,0.2910261746045989,0.13559322033898302,0.26049851478130825,0.0,0.6271186440677966,0.576923076923077,0.1686638302159932,0.4187587943455072,0.5866666666666666,0.021503910558996475,1
13.63,1.81,2.7,17.2,112,2.85,2.91,0.3,1.46,7.3,1.28,2.88,1310,1,0.0,0.01754385964912286,0.0,0.6,0.6,0.03578779760103179,0.03373108656745294,0.16901408450704225,0.7514044943820224,0.0,0.23735751308947772,0.06779661016949157,0.16697776433401768,0.0,0.35593220338983056,0.6923076923076923,0.22124965352240067,0.473185233854599,0.6054307116104868,0.04319186881023518,1
14.3,1.92,2.72,20.0,120,2.8,3.14,0.33,1.97,6.2,1.07,2.65,1280,1,0.0,0.01754385964912286,0.0,0.6,0.6,0.03578779760113049,0.03373108656755158,0.16901408450704225,0.7514044943820224,0.0,0.275053499796704,0.13559322033898302,0.09004479750192029,0.0,0.35593220338983056,0.7307692307692308,0.23034330011074197,0.4900835688957284,0.6567164179104478,0.043746894565611316,1
13.83,1.57,2.62,20.0,115,2.95,3.4,0.4,1.72,6.6,1.13,2.57,1130,1,0.0,0.01754385964912286,0.0,0.6,0.6,0.03578779766046858,0.033731086626867635,0.16901408450704225,0.7514044943820224,0.0,0.2866142037310345,0.30508474576271183,0.27587924217904125,0.0,0.38983050847457623,0.7307692307692308,0.2899534766754684,0.4830412411686615,0.6120136943666354,0.03677174670006167,1
14.19,1.59,2.48,16.5,108,3.3,3.93,0.32,1.86,8.7,1.23,2.82,1680,1,0.0,0.01754385964912286,0.0,0.6,0.6,0.03578779760100281,0.03373108656742396,0.16901408450704225,0.7514044943820224,0.0,0.24175543606709315,0.1694915254237288,0.2317872849962237,0.0,0.6271186440677966,0.6538461538461539,0.14882008808256098,0.44104376446348137,0.6376811594202899,0.036977327376984115,1
13.64,3.1,2.56,15.2,116,2.7,3.03,0.17,1.66,5.1,0.96,3.36,845,1,0.0,0.01754385964912286,0.0,0.6,0.6,0.03578831693732498,0.033731605710701384,0.16901408450704225,0.7514044943820224,0.0,0.32387255501606904,0.1694915254237288,0.2832748060963869,0.0,0.423728813559322,0.8846153846153846,0.2878001628001627,0.51436039512354,0.6162539682539682,0.04315869403174,1
14.06,1.63,2.28,16.0,126,3.0,3.17,0.24,2.1,5.65,1.09,3.71,780,1,0.0,0.01754385964912286,0.0,0.6,0.6,0.035787811925085955,0.03373110088618264,0.16901408450704225,0.7514044943820224,0.0,0.28545016473584084,0.44067796610169496,0.27475660939125435,0.0,0.35593220338983056,0.6923076923076923,0.23032130294700115,0.48305586323199606,0.6392398229132922,0.047123882147852236,1
12.93,3.8,2.65,18.6,102,2.41,2.41,0.25,1.98,4.5,1.03,3.52,770,1,0.1,0.01754385964912286,0.0,0.6,0.6,0.08155270493442046,0.07947940079149712,0.16901408450704225,0.7514044943820224,0.0,0.4567567998559726,0.8983050847457628,0.5956536593440139,0.025210084033613446,0.7457627118644068,0.8846153846153846,0.2582943925233644,0.5153399435050077,0.6428145609583291,0.1826266657868688,1
13.71,1.86,2.36,16.6,101,2.61,2.88,0.27,1.69,3.8,1.11,4.0,1035,1,0.0,0.01754385964912286,0.0,0.6,0.6,0.03578808701071057,0.03373137586955394,0.16901408450704225,0.7514044943820224,0.0,0.3428763542190202,0.47457627118644063,0.4024010040481326,0.0,0.22033898305084743,0.6923076923076923,0.19770471464019843,0.47842437184940867,0.5636141636141637,0.04497682275425374,1
12.85,1.6,2.52,17.8,95,2.48,2.37,0.26,1.46,3.93,1.09,3.63,1015,1,0.1,0.01754385964912286,0.0,0.6,0.6,0.03660502265068255,0.03454800790358736,0.16901408450704225,0.7514044943820224,0.25,0.40493376438724427,0.864406779661017,0.6395586636174635,0.07563025210084033,0.3389830508474576,0.8076923076923077,0.2413189282056364,0.47308598916596123,0.6215762273901807,0.09155374290131135,1
13.5,1.81,2.61,20.0,96,2.53,2.61,0.28,1.66,3.52,1.12,3.82,845,1,0.1,0.01754385964912286,0.0,0.6,0.6,0.03648261057882418,0.03442564131697007,0.16901408450704225,0.7514044943820224,0.0,0.39122510716654846,0.8813559322033898,0.5928973728561121,0.008403361344537815,0.35593220338983056,0.8076923076923077,0.21674990395697266,0.5042626195748969,0.6124219725343321,0.18228854734482636,1
13.05,2.05,3.22,25.0,124,2.63,2.68,0.47,1.92,3.58,1.13,3.2,830,1,0.2,0.01754385964912286,0.0,0.6,0.6,0.9688321618924453,0.9667708444048255,0.16901408450704225,0.7514044943820224,0.5,0.3860584569218959,0.8983050847457628,0.5166387256129014,0.008403361344537815,0.9322033898305084,0.7692307692307692,0.3250694444444442,0.47589165244777365,0.6219432732287858,0.3123807635899486,1
13.39,1.77,2.62,16.1,93,2.85,2.94,0.34,1.45,4.8,0.92,3.22,1195,1,0.0,0.01754385964912286,0.0,0.6,0.6,0.03578780421447736,0.0337310931784402,0.16901408450704225,0.7514044943820224,0.0,0.3257637950095229,0.1694915254237288,0.2310356493034219,0.0,0.23728813559322037,0.7692307692307693,0.2607106969946104,0.500451677247493,0.6567164179104478,0.041704841138965665,1
13.3,1.72,2.14,17.0,94,2.4,2.19,0.27,1.35,3.95,1.02,2.77,1285,1,0.0,0.01754385964912286,0.0,0.6,0.6,0.035790359736516675,0.03373364775055565,0.16901408450704225,0.7514044943820224,0.0,0.3553627814196805,0.7966101694915254,0.5635586285744312,0.025210084033613446,0.3728813559322034,0.7692307692307693,0.22877606909627132,0.4653775585864605,0.5943635670230538,0.15464150242224295,1
13.87,1.9,2.8,19.4,107,2.95,2.97,0.37,1.76,4.5,1.25,3.4,915,1,0.0,0.01754385964912286,0.0,0.6,0.6,0.03578842715803732,0.03373171589044305,0.16901408450704225,0.7514044943820224,0.0,0.3853909099678364,0.4576271186440678,0.39573920264982176,0.008403361344537815,0.23728813559322037,0.7692307692307693,0.27980085348506384,0.49762216036018114,0.6320532514080901,0.05191145922919116,1
14.02,1.68,2.21,16.0,96,2.65,2.33,0.26,1.98,4.7,1.04,3.59,1035,1,0.0,0.01754385964912286,0.0,0.6,0.6,0.035787859541582256,0.03373114848497921,0.16901408450704225,0.7514044943820224,0.0,0.3414336931034774,0.5254237288135593,0.44048643255926845,0.0,0.2542372881355932,0.7307692307692308,0.2472248485485169,0.4810498113893884,0.6428145609583291,0.05010531168328747,1
13.73,1.5,2.7,22.5,101,3.0,3.25,0.29,2.38,5.7,1.19,2.71,1285,1,0.0,0.01754385964912286,0.0,0.6,0.6,0.03578779763622264,0.03373108660263069,0.16901408450704225,0.7514044943820224,0.0,0.34134642009372684,0.38983050847457623,0.32211028031759836,0.0,0.44067796610169496,0.7692307692307693,0.22877606909627132,0.4719585016529797,0.5866666666666666,0.047594027485088564,1
13.58,1.66,2.36,19.1,106,2.86,3.19,0.22,1.95,6.9,1.09,2.88,1515,1,0.0,0.01754385964912286,0.0,0.6,0.6,0.035787797601002924,0.03373108656742407,0.16901408450704225,0.7514044943820224,0.0,0.2970279087191725,0.10169491525423724,0.2577763646051643,0.0,0.3389830508474576,0.7307692307692308,0.17425483426972632,0.4881363323679538,0.6350877192982457,0.025400403899752177,1
13.68,1.83,2.36,17.2,104,2.42,2.69,0.42,1.97,3.84,1.23,2.87,990,1,0.0,0.01754385964912286,0.0,0.6,0.6,0.03583206248649262,0.0337753349991895,0.16901408450704225,0.7514044943820224,0.0,0.4285395296518393,0.7796610169491526,0.49306316632520153,0.025210084033613446,0.288135593220339,0.7307692307692308,0.310705842620736,0.49189617189265306,0.6411309473919481,0.1155338921778134,1
13.76,1.53,2.7,19.5,132,2.95,2.74,0.5,1.35,5.4,1.25,3.0,1235,1,0.0,0.01754385964912286,0.0,0.6,0.6,0.035787819765348394,0.033731108723530745,0.16901408450704225,0.7514044943820224,0.0,0.3030781585890079,0.1694915254237288,0.2173950489060451,0.0,0.6610169491525424,0.7307692307692308,0.24547963927026858,0.44921275888204704,0.5731700680272108,0.037156450983446,1
13.51,1.8,2.65,19.0,110,2.35,2.53,0.29,1.54,4.2,1.1,2.87,1095,1,0.0,0.01754385964912286,0.0,0.6,0.6,0.035789305354344436,0.033732593760312124,0.16901408450704225,0.7514044943820224,0.0,0.31953239975058934,0.576271186440678,0.4795379095814496,0.008403361344537815,0.18644067796610164,0.8076923076923077,0.3085981494946039,0.4983844091638944,0.6277475297439,0.03374897285813816,1
13.48,1.81,2.41,20.5,100,2.7,2.98,0.26,1.86,5.1,1.04,3.47,920,1,0.0,0.01754385964912286,0.0,0.6,0.6,0.03578863696369505,0.03373192561811306,0.16901408450704225,0.7514044943820224,0.0,0.37829700113464226,0.5593220338983051,0.4667649888426103,0.01680672268907563,0.15254237288135597,0.8461538461538461,0.26683533628505146,0.5177099022772789,0.6060722503556707,0.06894045289550454,1
13.28,1.64,2.84,15.5,110,2.6,2.68,0.34,1.36,4.6,1.09,2.78,880,1,0.0,0.01754385964912286,0.0,0.6,0.6,0.03584935299949055,0.03379261908521547,0.16901408450704225,0.7514044943820224,0.0,0.3687942233080558,0.6610169491525424,0.4694679450525303,0.0,0.3728813559322034,0.8461538461538461,0.30262626262626224,0.5072021535245307,0.6567164179104478,0.03775410879473928,1
13.05,1.65,2.55,18.0,98,2.45,2.43,0.29,1.44,4.25,1.12,2.51,1105,1,0.1,0.01754385964912286,0.0,0.6,0.6,0.035880667143704637,0.033823921589937134,0.16901408450704225,0.7514044943820224,0.25,0.3541030613071722,0.864406779661017,0.6066601568171959,0.04201680672268908,0.30508474576271183,0.8076923076923077,0.30303030303030304,0.4935966582584348,0.6173901957034487,0.0643987000077827,1
13.07,1.5,2.1,15.5,98,2.4,2.64,0.28,1.37,3.7,1.18,2.69,1020,1,0.2,0.01754385964912286,0.0,0.6,0.6,0.03784053349809424,0.035783059836983655,0.16901408450704225,0.7514044943820224,0.0,0.38195491205503274,0.847457627118644,0.6196091170437266,0.09243697478991597,0.3728813559322034,0.7307692307692308,0.30293501048217986,0.4530179273367867,0.5714285714285715,0.3305374908625832,1
14.22,3.99,2.51,13.2,128,3.0,3.04,0.2,2.08,5.1,0.89,3.53,760,1,0.0,0.01754385964912286,0.0,0.6,0.6,0.03578822436017626,0.033731513167964855,0.16901408450704225,0.7514044943820224,0.0,0.2933916134373461,0.2542372881355932,0.16295621597089638,0.0,0.6949152542372881,0.7692307692307693,0.25665209723180726,0.48799554729514366,0.6393555541141186,0.025805431850012273,1
13.56,1.71,2.31,16.2,117,3.15,3.29,0.34,2.34,6.13,0.95,3.38,795,1,0.0,0.01754385964912286,0.0,0.6,0.6,0.03578783548157882,0.033731124433919235,0.16901408450704225,0.7514044943820224,0.0,0.27987427329292713,0.30508474576271183,0.23178134492620872,0.0,0.3389830508474576,0.8076923076923077,0.28374331025678784,0.5103853856744286,0.6567164179104478,0.06833752502212087,1
13.41,3.84,2.12,18.8,90,2.45,2.68,0.27,1.48,4.28,0.91,3.0,1035,1,0.1,0.01754385964912286,0.0,0.6,0.6,0.03631885566610871,0.03426194725594883,0.16901408450704225,0.7514044943820224,0.0,0.3974230063164619,0.864406779661017,0.550031335849153,0.01680672268907563,0.6610169491525424,0.8461538461538463,0.33153409090909075,0.48702181873753614,0.6126363487725691,0.06288905523161148,1
13.88,1.89,2.59,15.0,101,3.25,3.56,0.17,1.7,5.43,0.88,3.56,1095,1,0.0,0.01754385964912286,0.0,0.6,0.6,0.03578779774468044,0.03373108671104824,0.16901408450704225,0.7514044943820224,0.0,0.29421966787317066,0.13559322033898302,0.29989745299503767,0.0,0.3220338983050848,0.7307692307692308,0.2518494103859956,0.46538600674297775,0.6135921110483009,0.03632161074102436,1
13.24,3.98,2.29,17.5,103,2.64,2.63,0.32,1.66,4.36,0.82,3.0,680,1,0.3,0.9824561403508771,0.0,1.0,1.0,0.40944286184757506,0.40729529025533384,0.16901408450704225,0.7514044943820224,0.5,0.38019248311957055,0.8813559322033898,0.5199914134804313,0.058823529411764705,0.711864406779661,0.9230769230769231,0.33153409090909075,0.5055934497165798,0.6376811594202899,0.3818147781167629,1
13.05,1.77,2.1,17.0,107,3.0,3.0,0.28,2.03,5.04,0.88,3.35,885,1,0.0,0.01754385964912286,0.0,0.6,0.6,0.03580478331337644,0.03374806596598856,0.16901408450704225,0.7514044943820224,0.5,0.3624793429302251,0.5932203389830508,0.41185104468291356,0.03361344537815126,0.288135593220339,0.8076923076923077,0.2898730898730897,0.5114253279804315,0.6404794475929907,0.12312945194466407,1
14.21,4.04,2.44,18.9,111,2.85,2.65,0.3,1.25,5.24,0.87,3.33,1080,1,0.0,0.01754385964912286,0.0,0.6,0.6,0.03578781397176789,0.033731102932103796,0.16901408450704225,0.7514044943820224,0.0,0.3609726840506863,0.13559322033898302,0.30297371285554864,0.0,0.5423728813559322,0.7692307692307692,0.2941113260262194,0.4888301471611846,0.6201002063071028,0.062499008047732896,1
14.38,3.59,2.28,16.0,102,3.25,3.17,0.27,2.19,4.9,1.04,3.44,1065,1,0.0,0.01754385964912286,0.0,0.6,0.6,0.03578779782507313,0.03373108679141096,0.16901408450704225,0.7514044943820224,0.0,0.3248716953375367,0.10169491525423724,0.2843078337665088,0.0,0.38983050847457623,0.6538461538461539,0.2722399432925747,0.47064525486201375,0.6078390368083961,0.028211842535020404,1
13.9,1.68,2.12,16.0,101,3.1,3.39,0.21,2.14,6.1,0.91,3.33,985,1,0.0,0.01754385964912286,0.0,0.6,0.6,0.035787798111986624,0.033731087078217814,0.16901408450704225,0.7514044943820224,0.0,0.28557923112487105,0.4067796610169492,0.4279939520653794,0.0,0.30508474576271183,0.7307692307692308,0.2941113260262194,0.47547938156508174,0.6259251702490677,0.03903892199305259,1
14.1,2.02,2.4,18.8,103,2.75,2.92,0.32,2.38,6.2,1.07,2.75,1060,1,0.0,0.01754385964912286,0.0,0.6,0.6,0.03578779770381768,0.03373108667020064,0.16901408450704225,0.7514044943820224,0.0,0.32949238348440113,0.10169491525423724,0.23745438568917787,0.008403361344537815,0.23728813559322037,0.7307692307692308,0.3015250544662305,0.5003046548487815,0.6376811594202899,0.03609616137394567,1
13.94,1.73,2.27,17.4,108,2.88,3.54,0.32,2.08,8.9,1.12,3.1,1260,1,0.0,0.01754385964912286,0.0,0.6,0.6,0.03578779760100281,0.03373108656742396,0.16901408450704225,0.7514044943820224,0.0,0.3188948177736387,0.0847457627118644,0.205306144596068,0.0,0.35593220338983056,0.6538461538461539,0.23683329987285018,0.47468469563874177,0.6393555541141186,0.03153667354546286,1
13.05,1.73,2.04,12.4,92,2.72,3.27,0.17,2.91,7.2,1.12,2.91,1150,1,0.0,0.01754385964912286,0.0,0.6,0.6,0.03578779813569011,0.03373108710191253,0.16901408450704225,0.7514044943820224,0.0,0.4577020851979907,0.711864406779661,0.45911777472010684,0.0,0.6440677966101696,0.6538461538461539,0.280279010779962,0.4282816522495108,0.5452723020380889,0.053392370226128416,1
13.83,1.65,2.6,17.2,94,2.45,2.99,0.22,2.29,5.6,1.24,3.37,1265,1,0.0,0.01754385964912286,0.0,0.6,0.6,0.03578779761626194,0.03373108658267737,0.16901408450704225,0.7514044943820224,0.0,0.33683377347276844,0.22033898305084743,0.32553101251604466,0.0,0.27118644067796616,0.7692307692307693,0.23517670831786877,0.4681053667033547,0.6129476584022039,0.0365805793277828,1
13.82,1.75,2.42,14.0,111,3.88,3.74,0.32,1.87,7.05,1.01,3.26,1190,1,0.0,0.01754385964912286,0.0,0.6,0.6,0.0357877976011125,0.03373108656753365,0.16901408450704225,0.7514044943820224,0.0,0.29229771023121165,0.13559322033898302,0.24899274931268034,0.0,0.44067796610169496,0.6538461538461539,0.2627487369831942,0.463810719495847,0.6376811594202899,0.03517410851592584,1
13.77,1.9,2.68,17.1,115,3.0,2.79,0.39,1.68,6.3,1.13,2.93,1375,1,0.0,0.01754385964912286,0.0,0.6,0.6,0.03578779760105011,0.03373108656747126,0.16901408450704225,0.7514044943820224,0.0,0.2458558537577069,0.0847457627118644,0.13733835075190948,0.0,0.3220338983050848,0.6923076923076923,0.20381811098124336,0.4776579650685577,0.583672086720867,0.03868964950505971,1
13.74,1.67,2.25,16.4,118,2.6,2.9,0.21,1.62,5.85,0.92,3.2,1060,1,0.0,0.01754385964912286,0.0,0.6,0.6,0.035787798942689686,0.03373108790861218,0.16901408450704225,0.7514044943820224,0.0,0.30489783565758255,0.1694915254237288,0.3082094560508898,0.0,0.27118644067796616,0.8076923076923077,0.3250694444444442,0.48419253409853563,0.5641952983725135,0.028186634598682758,1
13.56,1.73,2.46,20.5,116,2.96,2.78,0.2,2.45,6.25,0.98,3.03,1120,1,0.0,0.01754385964912286,0.0,0.6,0.6,0.0357877978495289,0.03373108681585768,0.16901408450704225,0.7514044943820224,0.0,0.34320082218377046,0.11864406779661019,0.16825385680427185,0.0,0.30508474576271183,0.7307692307692308,0.29504610095327394,0.4947141320821927,0.6161443494776827,0.023625645103871107,1
14.22,1.7,2.3,16.3,118,3.2,3.0,0.26,2.03,6.38,0.94,3.31,970,1,0.0,0.01754385964912286,0.0,0.6,0.6,0.03578779762055029,0.033731086586964165,0.16901408450704225,0.7514044943820224,0.0,0.25240738893847037,0.10169491525423724,0.20966915154301413,0.0,0.3389830508474576,0.7307692307692308,0.2984774970721095,0.480686723983739,0.6404794475929907,0.03291988058386852,1
13.29,1.97,2.68,16.8,102,3.0,3.23,0.31,1.66,6.0,1.07,2.84,1270,1,0.0,0.01754385964912286,0.0,0.6,0.6,0.035787797609794114,0.03373108657621199,0.16901408450704225,0.7514044943820224,0.0,0.2699540531679182,0.05084745762711862,0.1860264897451176,0.0,0.22033898305084743,0.7307692307692308,0.233543161079393,0.4905828067430506,0.619718309859155,0.03345103019307327,1
13.72,1.43,2.5,16.7,108,3.4,3.67,0.19,2.04,6.8,0.89,2.87,1285,1,0.0,0.01754385964912286,0.0,0.6,0.6,0.03578779760107054,0.033731086567491686,0.16901408450704225,0.7514044943820224,0.0,0.3427190934968538,0.3389830508474576,0.40393884094352506,0.0,0.4067796610169492,0.7307692307692308,0.22877606909627132,0.47592602148132457,0.6401586637536993,0.039091541113354444,1
12.37,0.94,1.36,10.6,88,1.98,0.57,0.28,0.42,1.95,1.05,1.82,520,2,0.0,0.9298245614035088,0.16666666666666663,0.6,0.8,0.029140397697983378,0.027082017906877198,0.0,0.7008426966292134,0.0,0.427068679890113,0.8028169014084507,0.5722711018293947,0.0,1.0,0.34615384615384615,0.29529599073672025,0.4184657150096723,0.5500821018062397,0.08292815434444467,2
12.33,1.1,2.28,16.0,101,2.05,1.09,0.63,0.41,3.27,1.25,1.67,680,2,0.2,0.9298245614035088,0.16666666666666663,0.6,0.8,0.029141160394186016,0.027082439607024333,0.0,0.7008426966292134,0.0,0.44971057006222914,0.9577464788732395,0.7145232250346829,0.0,0.9436619718309859,0.5,0.3618196352009302,0.4540912360520653,0.6025177887246853,0.06909788706503628,2
12.64,1.36,2.02,16.8,100,2.02,1.41,0.53,0.62,5.75,0.98,1.59,450,2,0.4,0.9298245614035088,0.16666666666666663,0.6,0.8,0.10492585291632206,0.09042655098601865,0.0,0.7008426966292134,0.5,0.5007718687222171,0.9859154929577465,0.7394245372406529,0.04672897196261682,0.9014084507042254,0.576923076923077,0.36844279223461385,0.4613228860687929,0.5900101508628234,0.4500313650697053,2
13.67,1.25,1.92,18.0,94,2.1,1.79,0.32,0.73,3.8,1.23,2.46,630,2,0.2,0.9649122807017544,0.0,1.0,1.0,0.029142914469056702,0.02708453345413797,0.0,0.7008426966292134,0.0,0.4733981084823091,0.9154929577464789,0.7067094616347454,0.0,0.7887323943661972,0.5769230769230769,0.3729166666666666,0.4723832687212537,0.6027911969940956,0.12140419186857165,2
12.37,1.13,2.16,19.0,87,3.5,3.1,0.19,1.87,4.45,1.22,2.87,420,2,0.0,0.0,0.0,0.8,0.8,0.029286931936904015,0.027228481206369337,0.0,0.7008426966292134,0.0,0.2693376959163465,0.7605633802816901,0.46482396194006403,0.0,0.8450704225352113,0.6538461538461539,0.3655224174727565,0.460471564196933,0.5922936423175246,0.049548640639172525,2
12.17,1.45,2.53,19.0,104,1.89,1.75,0.45,1.03,2.95,1.45,2.23,355,2,0.0,0.0,0.0,0.8,0.8,0.029140397697590914,0.027082017906684908,0.0,0.7008426966292134,0.0,0.31556662870307295,0.47887323943661975,0.4613017728471672,0.0,0.7464788732394366,0.5,0.278853232861288,0.4596800670554076,0.6200488683127573,0.032655518854115106,2
12.37,1.21,2.56,18.1,98,2.42,2.65,0.37,2.08,4.6,1.19,2.3,678,2,0.4,0.0,0.0,0.8,0.8,0.030005091741052037,0.027946294025810392,0.0,0.7008426966292134,0.5,0.5469891693217943,0.9859154929577465,0.67239810158758,0.08411214953271028,0.7464788732394366,0.7307692307692308,0.3972878390201225,0.5159344396749779,0.6162539682539682,0.15619715207075346,2
13.11,1.01,1.7,15.0,78,2.98,3.18,0.26,2.28,5.3,1.12,3.18,502,2,0.4,0.0,0.0,0.8,0.8,0.09864339181473591,0.09655555996275911,0.0,0.7008426966292134,1.0,0.5032708170503314,0.9859154929577465,0.6445227448439556,0.09345794392523364,0.971830985915493,0.5384615384615384,0.350916066555877,0.4705689149402165,0.5862679549999236,0.13041233170136823,2
12.37,1.17,1.92,19.6,78,2.11,2.0,0.27,1.04,4.68,1.12,3.48,510,2,0.0,0.0,0.0,0.8,0.8,0.02914041669975398,0.027082036899646333,0.0,0.7008426966292134,0.0,0.36137916356759014,0.7605633802816901,0.5851423742145725,0.0,0.6901408450704225,0.46153846153846156,0.3780308866145776,0.45981037784908485,0.6221511830201809,0.03142609202670055,2
13.34,0.94,2.36,17.0,110,2.53,1.3,0.55,0.42,3.17,1.02,1.93,750,2,0.4,0.9298245614035088,0.16666666666666663,0.6,0.8,0.029407079886168086,0.02722936134651338,0.0,0.7008426966292134,0.0,0.39670594255411284,0.9577464788732395,0.6082900279068261,0.0,0.9577464788732395,0.5769230769230769,0.3815054867953296,0.4919958351879323,0.6093351491890554,0.5628383578564099,2
12.21,1.19,1.75,16.8,151,1.85,1.28,0.14,2.5,2.85,1.28,3.07,718,2,0.0,0.0,0.0,0.8,0.8,0.02914039769815746,0.0270820179072519,0.0,0.7008426966292134,0.0,0.36816441454599136,0.6619718309859155,0.4686910456590393,0.0,0.971830985915493,0.38461538461538464,0.3266116415817015,0.431208247023577,0.5318011193352987,0.05638329190571789,2
12.29,1.61,2.21,20.4,103,1.1,1.02,0.37,1.46,3.05,0.906,1.82,870,2,0.4,0.9824561403508771,0.0,0.6,0.6,0.44441788231360657,0.42830857244540754,0.0,0.7008426966292134,0.0,0.4911913010740685,0.971830985915493,0.6704023036362906,0.07476635514018691,0.7887323943661972,0.7692307692307693,0.36507936507936506,0.48976584326272854,0.6142950330817258,0.15304757105616262,2
13.86,1.51,2.67,25.0,86,2.95,2.86,0.21,1.87,3.38,1.36,3.16,410,2,0.5,0.9649122807017544,0.0,1.0,1.0,0.03250348562012406,0.03044348950879039,0.0,0.7008426966292134,0.0,0.4996283184763831,0.971830985915493,0.6159382731305975,0.018691588785046728,0.9436619718309859,0.6153846153846154,0.31093544137022394,0.46058359897994566,0.5922936423175246,0.2678209840824677,2
13.49,1.66,2.24,24.0,87,1.88,1.84,0.27,1.03,3.74,0.98,2.78,472,2,0.0,0.9649122807017544,0.0,1.0,1.0,0.029140500395376523,0.027082119549120598,0.0,0.7008426966292134,0.0,0.46322885365713884,0.8309859154929577,0.6187435311342433,0.018691588785046728,0.7323943661971831,0.6538461538461539,0.3842698630834224,0.4773576308021633,0.5550383125978411,0.17472637436681437,2
12.99,1.67,2.6,30.0,139,3.3,2.89,0.21,1.96,3.35,1.31,3.5,985,2,0.9,0.9824561403508771,0.0,0.6,0.6,0.04044117827008875,0.0383774593952495,0.0,0.7008426966292134,0.0,0.48890359096090164,0.971830985915493,0.6365935435074681,0.009345794392523364,1.0,0.5384615384615384,0.33216826097620794,0.45081579454628895,0.6129476584022039,0.43012605678067584,2
11.96,1.09,2.3,21.0,101,3.38,2.14,0.13,1.65,3.21,0.99,3.13,886,2,0.2,0.9824561403508771,0.0,0.6,0.6,0.02923795710314836,0.027179530076812508,0.0,0.7008426966292134,0.0,0.44539211172984816,0.9295774647887324,0.5652531141428687,0.018691588785046728,0.9154929577464789,0.46153846153846156,0.3426723426723428,0.47295426585961864,0.6025177887246853,0.1327193688214584,2
11.66,1.88,1.92,16.0,97,1.61,1.57,0.34,1.15,3.8,1.23,2.14,428,2,0.0,0.0,0.0,0.8,0.8,0.02914039770108645,0.027082017908595934,0.0,0.7008426966292134,0.0,0.41337790850514466,0.647887323943662,0.56312774244958,0.0,0.7323943661971831,0.5384615384615385,0.3070791367491648,0.453658536926382,0.6232300038270188,0.04821929575389139,2
13.03,0.9,1.71,16.0,86,1.95,2.03,0.24,1.46,4.6,1.19,2.48,392,2,0.1,0.0,0.0,0.8,0.8,0.02914045996672987,0.02708208014566882,0.0,0.7008426966292134,0.0,0.4554703094202819,0.9014084507042254,0.6948288909116012,0.0,0.7887323943661972,0.46153846153846156,0.3515021814129437,0.46583131792243176,0.6026936026936026,0.02883759571221023,2
11.84,2.89,2.23,18.0,112,1.72,1.32,0.43,0.95,2.65,0.96,2.52,500,2,0.0,0.0,0.0,0.8,0.8,0.029141270110219608,0.02708250026965614,0.0,0.7008426966292134,0.0,0.4612466655578904,0.8309859154929577,0.6275714852872791,0.0,0.6901408450704225,0.6538461538461539,0.3274853801169591,0.47759836174653614,0.6068755115967753,0.055564189506066675,2
12.33,0.99,1.95,14.8,136,1.9,1.85,0.35,2.76,3.4,1.06,2.31,750,2,0.0,0.0,0.0,0.8,0.8,0.029140411197772664,0.027082031400328,0.0,0.7008426966292134,0.0,0.42022678649078726,0.8169014084507042,0.5295438704940713,0.0,0.971830985915493,0.38461538461538464,0.3838760870945217,0.45831088974248624,0.6194941744813868,0.037921417480587305,2
12.7,3.87,2.4,23.0,101,2.83,2.55,0.43,1.95,2.57,1.19,3.13,463,2,0.3,0.0,0.0,0.8,0.8,0.029142179748972707,0.027083799095059646,0.0,0.7008426966292134,0.0,0.44764566004640016,0.9436619718309859,0.6242955069896547,0.018691588785046728,0.7887323943661972,0.6923076923076923,0.3360989177700089,0.4965350367715731,0.6025177887246853,0.03980097655817372,2
12.0,0.92,2.0,19.0,86,2.42,2.26,0.3,1.43,2.5,1.38,3.12,278,2,0.0,0.0,0.0,0.8,0.8,0.02914039775618671,0.027082017965253002,0.0,0.7008426966292134,0.0,0.3342247087630906,0.5633802816901409,0.5547531901184816,0.0,0.5774647887323944,0.42307692307692313,0.30318373609512855,0.4328863857925898,0.5751793868232223,0.025458737492942474,2
12.72,1.81,2.2,18.8,86,2.2,2.53,0.26,1.77,3.9,1.16,3.14,714,2,0.3,0.0,0.0,0.8,0.8,0.03162440265850974,0.029564826690339274,0.0,0.7008426966292134,0.25,0.47811233136120757,0.9577464788732395,0.7171539918081695,0.21495327102803738,0.5492957746478873,0.8076923076923077,0.39100796294306556,0.4923878670395289,0.5910016637280647,0.15330768713616472,2
12.08,1.13,2.51,24.0,78,2.0,1.58,0.4,1.4,2.2,1.31,2.72,630,2,0.0,0.0,0.0,0.8,0.8,0.029140397697685616,0.027082017906775946,0.0,0.7008426966292134,0.0,0.26417463867026114,0.3943661971830986,0.4362884294854844,0.0,0.704225352112676,0.42307692307692313,0.31102971102971105,0.4624712392976198,0.6232392080493346,0.026485855242585843,2
13.05,3.86,2.32,22.5,85,1.65,1.59,0.61,1.62,4.8,0.84,2.01,515,2,0.7,1.0,0.0,0.8,0.8,0.9636120310857366,0.9513328852730183,0.0,0.7008426966292134,0.5,0.5055140553279129,0.9859154929577465,0.7502031645518423,0.24299065420560748,0.8873239436619719,0.7307692307692308,0.39998360386948684,0.5122655750553171,0.643060643060643,0.7938574155240958,3
11.84,0.89,2.58,18.0,94,2.2,2.21,0.22,2.35,3.05,0.79,3.08,520,2,0.0,0.0,0.0,0.8,0.8,0.0291404129282552,0.02708203312997398,0.0,0.7008426966292134,0.0,0.394081837278181,0.7323943661971831,0.5026495989695994,0.0,0.7746478873239436,0.6153846153846154,0.3274853801169591,0.47291360237582847,0.614356841242831,0.03836418565341726,2
12.67,0.98,2.24,18.0,99,2.2,1.94,0.3,1.46,2.62,1.23,3.16,450,2,0.0,0.0,0.0,0.8,0.8,0.029140752637303424,0.027082372674508193,0.0,0.7008426966292134,0.0,0.3967066755465176,0.7605633802816901,0.6439178383549518,0.0,0.46478873239436624,0.6153846153846154,0.33980011757789536,0.470108153127874,0.5780152569143394,0.03612495291341444,2
12.16,1.61,2.31,22.8,90,1.78,1.69,0.43,1.56,2.45,1.33,2.26,495,2,0.0,0.0,0.0,0.8,0.8,0.029140397698613985,0.02708201790724235,0.0,0.7008426966292134,0.0,0.28807999565258846,0.2676056338028169,0.4229418339811316,0.0,0.619718309859155,0.5769230769230769,0.3233362394652717,0.459783627768115,0.576323161138445,0.036174065801094946,2
11.65,1.67,2.62,26.0,88,1.92,1.61,0.4,1.34,2.6,1.36,3.21,562,2,0.0,0.0,0.0,0.8,0.8,0.029140397697540843,0.027082017906635558,0.0,0.7008426966292134,0.0,0.26495610769782796,0.3380281690140845,0.3730868075228365,0.0,0.7464788732394366,0.5,0.3060199993538174,0.4563291792785436,0.6120136943666354,0.03219848366272593,2
11.64,2.06,2.46,21.6,84,1.95,1.69,0.48,1.35,2.8,1.0,2.75,680,2,0.0,0.0,0.0,0.8,0.8,0.029140398000154888,0.027082018074169267,0.0,0.7008426966292134,0.0,0.32482151308132723,0.4225352112676056,0.4633691407276437,0.0,0.5915492957746479,0.6153846153846154,0.3049681656389433,0.4816620857075607,0.6161443494776827,0.03585792100173446,2
12.08,1.33,2.3,23.6,70,2.2,1.59,0.42,1.38,1.74,1.07,3.21,625,2,0.0,0.0,0.0,0.8,0.8,0.02914039769792831,0.02708201790702197,0.0,0.7008426966292134,0.0,0.267579375062882,0.3661971830985915,0.40643413268004935,0.0,0.647887323943662,0.5384615384615384,0.2846360512339894,0.46177623434428894,0.5845046854082999,0.03230471397720769,2
12.08,1.83,2.32,18.5,81,1.6,1.5,0.52,1.64,2.4,1.08,2.27,480,2,0.0,0.0,0.0,0.8,0.8,0.02914042162765884,0.027082031137792395,0.0,0.7008426966292134,0.0,0.2980622001068923,0.5352112676056338,0.5577611691326441,0.0,0.647887323943662,0.576923076923077,0.32409658078107273,0.4595278965345376,0.5930928300284039,0.03714346347772801,2
12.0,1.51,2.42,22.0,86,1.45,1.25,0.5,1.63,3.6,1.05,2.65,450,2,0.0,0.0,0.0,0.8,0.8,0.029140424245378216,0.02708203258515063,0.0,0.7008426966292134,0.0,0.2995755129550357,0.5633802816901409,0.5226691573198766,0.0,0.647887323943662,0.6538461538461539,0.34805389417648436,0.47433489818803043,0.5934295033457749,0.0511655830003227,2
12.69,1.53,2.26,20.7,80,1.38,1.46,0.58,1.62,3.05,0.96,2.06,495,2,0.0,0.9298245614035088,0.16666666666666663,0.6,0.8,0.029255875749596538,0.027145846294787668,0.0,0.7008426966292134,0.0,0.30109185393963367,0.8450704225352113,0.6401773882347543,0.0,0.7323943661971831,0.6538461538461539,0.3753489774035586,0.46674842949514495,0.5922410315224611,0.0591557829235706,2
12.29,2.83,2.22,18.0,88,2.45,2.25,0.25,1.99,2.15,1.15,3.3,290,2,0.0,0.0,0.0,0.8,0.8,0.029140511899174548,0.02708213205296378,0.0,0.7008426966292134,0.0,0.4053088534030942,0.7605633802816901,0.5978202687127923,0.0,0.647887323943662,0.6538461538461539,0.30792602860856527,0.4616223587473388,0.6099414432263461,0.032850413547707236,2
11.62,1.99,2.28,18.0,98,3.02,2.26,0.17,1.35,3.25,1.16,2.96,345,2,0.0,0.0,0.0,0.8,0.8,0.029140417941650343,0.02708203814094129,0.0,0.7008426966292134,0.0,0.4161758727289978,0.7464788732394366,0.48342613371927967,0.0,0.6338028169014085,0.6153846153846154,0.30288610819395245,0.45558343023009396,0.5665019858568244,0.034296651641284814,2
12.47,1.52,2.2,19.0,162,2.5,2.27,0.32,3.28,2.6,1.16,2.63,937,2,0.4,0.9824561403508771,0.0,0.6,0.6,0.029141764731735242,0.027083384278805134,0.0,0.7008426966292134,0.0,0.44918314018258687,0.9577464788732395,0.550205158305678,0.0,0.971830985915493,0.5769230769230769,0.2901617974081742,0.44306895129765694,0.6027911969940956,0.19289979213513297,2
11.81,2.12,2.74,21.5,134,1.6,0.99,0.14,1.56,2.5,0.95,2.26,625,2,0.2,0.0,0.0,0.8,0.8,0.029146350074692018,0.02708530897062328,0.0,0.7008426966292134,0.0,0.48487053819121506,0.9436619718309859,0.5234977850803277,0.0,0.971830985915493,0.5384615384615384,0.3238974052330218,0.46958123429610577,0.5763849498960106,0.18494540011665528,2
12.29,1.41,1.98,16.0,85,2.55,2.5,0.29,1.77,2.9,1.23,2.74,428,2,0.1,0.0,0.0,0.8,0.8,0.029140627870070657,0.027082247967697592,0.0,0.7008426966292134,0.0,0.44170517818178556,0.9154929577464789,0.6937359097452729,0.0,0.5070422535211268,0.5769230769230769,0.362132877102937,0.44666580349603474,0.5910016637280647,0.035451817222376336,2
12.37,1.07,2.1,18.5,88,3.52,3.75,0.24,1.95,4.5,1.04,2.77,660,2,0.3,0.0,0.0,0.8,0.8,0.035396825018086386,0.033335457420051784,0.0,0.7008426966292134,0.0,0.3066722697640074,0.9295774647887324,0.5537403007376687,0.04672897196261682,0.9436619718309859,0.6538461538461539,0.329262837716944,0.4781865147088604,0.5951923163719411,0.10370256234462727,2
12.29,3.17,2.21,18.0,88,2.85,2.99,0.45,2.81,2.3,1.42,2.83,406,2,0.0,0.0,0.0,0.8,0.8,0.029140406009334874,0.02708202621440442,0.0,0.7008426966292134,0.0,0.40638849196321525,0.7323943661971831,0.45114050073676815,0.009345794392523364,0.9014084507042254,0.5384615384615385,0.28878519859785967,0.45446259144369294,0.5970743462688614,0.04280111553797539,2
12.08,2.08,1.7,17.5,97,2.23,2.17,0.26,1.4,3.3,1.27,2.96,710,2,0.1,0.0,0.0,0.8,0.8,0.02914046628525324,0.02708208646113236,0.0,0.7008426966292134,0.0,0.4490099688838525,0.9014084507042254,0.6822242145486834,0.0,0.619718309859155,0.6153846153846154,0.350916066555877,0.46399838731454346,0.5554417015991305,0.03362239670015188,2
12.6,1.34,1.9,18.5,88,1.45,1.36,0.29,1.35,2.45,1.04,2.77,562,2,0.0,0.0,0.0,0.8,0.8,0.029140397811919017,0.027082017970276928,0.0,0.7008426966292134,0.0,0.3887885517441466,0.5915492957746479,0.6299541087738711,0.0,0.5915492957746479,0.5384615384615384,0.3275367225262841,0.46209443982969933,0.5629373726636548,0.03186391045002235,2
12.34,2.45,2.46,21.0,98,2.56,2.11,0.34,1.31,2.8,0.8,3.38,438,2,0.0,0.0,0.0,0.8,0.8,0.0291405133397985,0.02708213349288996,0.0,0.7008426966292134,0.0,0.3185506721868129,0.704225352112676,0.5209430145780986,0.009345794392523364,0.5633802816901409,0.6923076923076923,0.3538275117222485,0.4938665748040329,0.6232300038270188,0.03096351131082864,2
11.82,1.72,1.88,19.5,86,2.5,1.64,0.37,1.42,2.06,0.94,2.44,415,2,0.0,0.0,0.0,0.8,0.8,0.029140397707597798,0.02708201791231324,0.0,0.7008426966292134,0.0,0.30973617215708726,0.352112676056338,0.4865002823054807,0.0,0.5633802816901409,0.5769230769230769,0.3024927790630682,0.4533463597267122,0.6142950330817258,0.031231906318477387,2
12.51,1.73,1.98,20.5,85,2.2,1.92,0.32,1.48,2.94,1.04,3.57,672,2,0.0,0.0,0.0,0.8,0.8,0.029140607110300643,0.027082227217981092,0.0,0.7008426966292134,0.0,0.3808817992339918,0.8028169014084507,0.6355175669521642,0.0,0.5633802816901409,0.5769230769230769,0.3595959595959597,0.4752150873881691,0.6027911969940956,0.035944849202815154,2
12.42,2.55,2.27,22.0,90,1.68,1.84,0.66,1.42,2.7,0.86,3.3,315,2,0.0,0.0,0.0,0.8,0.8,0.02914039769774235,0.027082017906744082,0.0,0.7008426966292134,0.0,0.40737323820144866,0.619718309859155,0.5264704450046689,0.0,0.7183098591549295,0.5769230769230769,0.31796425633549624,0.46058732315191686,0.5933816167348475,0.03170464669821349,2
12.25,1.73,2.12,19.0,80,1.65,2.03,0.37,1.63,3.4,1.0,3.17,510,2,0.0,0.0,0.0,0.8,0.8,0.029140398029710246,0.02708201823864398,0.0,0.7008426966292134,0.0,0.3392617197374914,0.4084507042253521,0.4913946054904593,0.0,0.5070422535211268,0.6153846153846154,0.379454308799332,0.47273196939835305,0.6142950330817258,0.02898583165182378,2
12.72,1.75,2.28,22.5,84,1.38,1.76,0.48,1.63,3.3,0.88,2.42,488,2,0.0,0.0,0.0,0.8,0.8,0.029141735710785932,0.027082757702554583,0.0,0.7008426966292134,0.0,0.2834579932195702,0.6619718309859155,0.5568890752795698,0.0,0.647887323943662,0.6538461538461539,0.3880281324613309,0.47581205577369473,0.5934295033457749,0.04132821496262018,2
12.22,1.29,1.94,19.0,92,2.36,2.04,0.39,2.08,2.7,0.86,3.02,312,2,0.0,0.0,0.0,0.8,0.8,0.02914039835205484,0.027082018560832644,0.0,0.7008426966292134,0.0,0.3314408287833238,0.3098591549295775,0.43899290858243945,0.0,0.5492957746478873,0.5769230769230769,0.3167866640991214,0.46649209996564517,0.6119554204660588,0.026617051918649604,2
11.61,1.35,2.7,20.0,94,2.74,2.92,0.29,2.49,2.65,0.96,3.26,680,2,0.3,0.0,0.0,0.8,0.8,0.02914723123567986,0.02708884813548279,0.0,0.7008426966292134,0.0,0.3925974557039513,0.9436619718309859,0.5882708915342107,0.009345794392523364,0.8028169014084507,0.7692307692307692,0.3018557365199833,0.48081318154955965,0.5731700680272108,0.11789612201657107,2
11.46,3.74,1.82,19.5,107,3.18,2.58,0.24,3.58,2.9,0.75,2.81,562,2,0.1,0.0,0.0,0.8,0.8,0.029140397718884548,0.027082017927968938,0.0,0.7008426966292134,0.0,0.4483582357538338,0.9577464788732395,0.5234976222258445,0.0,0.9859154929577465,0.5,0.28720276950348955,0.44795200756727555,0.6037763736466762,0.07835317052587576,2
12.52,2.43,2.17,21.0,88,2.55,2.27,0.26,1.22,2.0,0.9,2.78,325,2,0.0,0.0,0.0,0.8,0.8,0.029140413236826257,0.027082033438393938,0.0,0.7008426966292134,0.0,0.3399954539250325,0.647887323943662,0.5595261041193527,0.0,0.6056338028169015,0.6538461538461539,0.29897592098171194,0.46390372348198317,0.5744082382693811,0.028686926599716833,2
11.76,2.68,2.92,20.0,103,1.75,2.03,0.6,1.05,3.8,1.23,2.5,607,2,0.2,0.0,0.0,0.8,0.8,0.029140397698651732,0.027082017907280154,0.0,0.7008426966292134,0.0,0.47640429295468123,0.9295774647887324,0.5860184839951512,0.0,0.8450704225352113,0.5,0.31808961064200075,0.4688028245200788,0.6155428755123363,0.11437675695754634,2
11.41,0.74,2.5,21.0,88,2.48,2.01,0.42,1.44,3.08,1.1,2.31,434,2,0.0,0.0,0.0,0.8,0.8,0.029140397698525278,0.027082017907567923,0.0,0.7008426966292134,0.0,0.3790432000015824,0.5352112676056338,0.4859398918182102,0.0,0.6619718309859155,0.5384615384615385,0.282630377065192,0.4648708079452171,0.6250407777125333,0.02572927587635987,2
12.08,1.39,2.5,22.5,84,2.56,2.29,0.43,1.04,2.9,0.93,3.19,385,2,0.0,0.0,0.0,0.8,0.8,0.029140398199603013,0.027082018408454644,0.0,0.7008426966292134,0.0,0.29857596948072906,0.4225352112676056,0.4500516563030499,0.0,0.6056338028169015,0.6153846153846154,0.34816362411663304,0.46633762578491134,0.6250407777125333,0.02867323392053389,2
11.03,1.51,2.2,21.5,85,2.46,2.17,0.52,2.01,1.9,1.71,2.87,407,2,0.0,0.0,0.0,0.8,0.8,0.02914039769753396,0.02708201790662873,0.0,0.7008426966292134,0.0,0.3982161539430267,0.43661971830985913,0.3528623553076762,0.0,0.8169014084507042,0.5,0.21482683982683984,0.42415973161839104,0.5984982179314162,0.02411676512727945,2
11.82,1.47,1.99,20.8,86,1.98,1.6,0.3,1.53,1.95,0.95,3.33,495,2,0.0,0.0,0.0,0.8,0.8,0.029140397698330878,0.027082017907425093,0.0,0.7008426966292134,0.0,0.2911769616322839,0.3802816901408451,0.4506640586619777,0.0,0.5492957746478873,0.5384615384615385,0.2961070896153196,0.4553482908401486,0.5751793868232223,0.030311564782937395,2
12.42,1.61,2.19,22.5,108,2.0,2.09,0.34,1.61,2.06,1.06,2.96,345,2,0.0,0.0,0.0,0.8,0.8,0.029140400520387688,0.027082020728115164,0.0,0.7008426966292134,0.0,0.3383800651032215,0.46478873239436624,0.4547618797613858,0.0,0.49295774647887325,0.6153846153846154,0.3024927790630682,0.48235582460652127,0.6232300038270188,0.029558595189551284,2
12.77,3.43,1.98,16.0,80,1.63,1.25,0.43,0.83,3.4,0.7,2.12,372,2,0.6,0.0,0.0,0.8,0.8,0.03178783066251911,0.028536717056072136,0.0,0.7008426966292134,1.0,0.5084936790936668,0.9859154929577465,0.7170465060824982,0.056074766355140186,0.9436619718309859,0.46153846153846156,0.34212882740123723,0.4596874400720079,0.5940038764485133,0.16841154842262385,2
12.0,3.43,2.0,19.0,87,2.0,1.64,0.37,1.87,1.28,0.93,3.05,564,2,0.0,0.0,0.0,0.8,0.8,0.029140397702644538,0.027082017911043477,0.0,0.7008426966292134,0.0,0.35350601814578453,0.6338028169014085,0.538288995659443,0.0,0.6619718309859155,0.5384615384615385,0.2623722911636005,0.4783568661386687,0.6142950330817258,0.03163706095977481,2
11.45,2.4,2.42,20.0,96,2.9,2.79,0.32,1.83,3.25,0.8,3.39,625,2,0.3,0.0,0.0,0.8,0.8,0.02914094569302983,0.02708256563674183,0.0,0.7008426966292134,0.0,0.38996254816884823,0.9295774647887324,0.6121167872700584,0.009345794392523364,0.7323943661971831,0.6538461538461539,0.2862764613288722,0.502195784665757,0.6027911969940956,0.04303424039571513,2
11.56,2.05,3.23,28.5,119,3.18,5.08,0.47,1.87,6.0,0.93,3.69,465,2,0.4,0.0,0.0,0.8,0.8,0.029140397890187075,0.027082018099188532,0.0,0.7008426966292134,1.0,0.5432895395886432,0.9859154929577465,0.643601545002993,0.0,1.0,0.5769230769230769,0.22078891861666738,0.4301341199984164,0.5922936423175246,0.26132714023538517,2
12.42,4.43,2.73,26.5,102,2.2,2.13,0.43,1.71,2.08,0.92,3.12,365,2,0.0,0.0,0.0,0.8,0.8,0.02914039770990806,0.027082017918989287,0.0,0.7008426966292134,0.0,0.38854753373978335,0.8169014084507042,0.525336857227154,0.0,0.8309859154929577,0.6153846153846154,0.30368352848973007,0.4750960576986999,0.6078190678123722,0.03899928054137336,2
13.05,5.8,2.13,21.5,86,2.62,2.65,0.3,2.01,2.6,0.73,3.1,380,2,0.2,0.0,0.0,0.8,0.8,0.029140398887408492,0.027082019095927,0.0,0.7008426966292134,0.5,0.5080531790635276,0.9859154929577465,0.6635347024069875,0.009345794392523364,0.9154929577464789,0.6153846153846154,0.33830989533166383,0.4737193249377671,0.5984982179314162,0.09218446009203596,2
11.87,4.31,2.39,21.0,82,2.86,3.03,0.21,2.91,2.8,0.75,3.64,380,2,0.0,0.0,0.0,0.8,0.8,0.029140398381008126,0.027082018589771883,0.0,0.7008426966292134,0.0,0.42914973599458517,0.8028169014084507,0.5518577510229938,0.0,0.971830985915493,0.5,0.33115403383599346,0.4465692391844695,0.5750345208505938,0.05484263020068392,2
12.07,2.16,2.17,21.0,85,2.6,2.65,0.37,1.35,2.76,0.86,3.28,378,2,0.0,0.0,0.0,0.8,0.8,0.029140409525509448,0.027082029728876134,0.0,0.7008426966292134,0.0,0.2944592964498969,0.5633802816901409,0.4691257903860033,0.0,0.5915492957746479,0.6538461538461539,0.34488790575410205,0.46952829222258424,0.6142950330817258,0.020978929116209688,2
12.43,1.53,2.29,21.5,86,2.74,3.15,0.39,1.77,3.94,0.69,2.84,352,2,0.0,0.0,0.0,0.8,0.8,0.029140692026605852,0.027082312093163086,0.0,0.7008426966292134,0.0,0.34158487872927057,0.676056338028169,0.5023470224351372,0.0,0.676056338028169,0.7307692307692308,0.3332425190134635,0.48250421881477684,0.6119554204660588,0.09904620888615345,2
11.79,2.13,2.78,28.5,92,2.13,2.24,0.58,1.76,3.0,0.97,2.44,466,2,0.0,0.0,0.0,0.8,0.8,0.029140397697869358,0.027082017906815137,0.0,0.7008426966292134,0.0,0.4130444952335871,0.7464788732394366,0.4938650856837147,0.0,0.7746478873239436,0.5384615384615385,0.32154893427072867,0.4544489751328354,0.5910119418400975,0.04276344714677016,2
12.37,1.63,2.3,24.5,88,2.22,2.45,0.4,1.9,2.12,0.89,2.78,342,2,0.0,0.0,0.0,0.8,0.8,0.029140398164196335,0.027082018373064953,0.0,0.7008426966292134,0.0,0.31542394369817084,0.352112676056338,0.37688844145833833,0.0,0.5633802816901409,0.6923076923076923,0.30609338210561726,0.4676264356629758,0.6118143459915611,0.029599224270815294,2
12.04,4.3,2.38,22.0,80,2.1,1.75,0.42,1.35,2.6,0.79,2.57,580,2,0.0,0.0,0.0,0.8,0.8,0.02914180204595218,0.02708279437947919,0.0,0.7008426966292134,0.0,0.40646582493363537,0.7605633802816901,0.6069644982540807,0.0,0.6619718309859155,0.5384615384615384,0.33830989533166383,0.47593873568658185,0.5846733304360424,0.05381432844539913,2
12.86,1.35,2.32,18.0,122,1.51,1.25,0.21,0.94,4.1,0.76,1.29,630,3,0.1,0.33333333333333337,0.0,0.8,0.8,0.05812897550939389,0.045867821772220985,0.323943661971831,0.797752808988764,0.0,0.37395636204683924,0.8958333333333334,0.5535937239726552,0.007692307692307693,0.8541666666666666,0.7307692307692308,0.1918226470197795,0.4476044862132011,0.5507246376811593,0.3776871817028834,3
12.88,2.99,2.4,20.0,104,1.3,1.22,0.24,0.83,5.4,0.74,1.42,530,3,0.0,0.33333333333333337,0.0,0.8,0.8,0.055517431894908986,0.043272063505180924,0.323943661971831,0.797752808988764,0.0,0.2737866485246129,0.5208333333333333,0.5252071682724218,0.0,0.5208333333333333,0.7307692307692308,0.20888002096055772,0.48084619003802814,0.6298331298331298,0.05024520749087924,3
12.81,2.31,2.4,24.0,98,1.15,1.09,0.27,0.83,5.7,0.66,1.36,560,3,0.0,0.33333333333333337,0.0,0.8,0.8,0.05551589574305771,0.04327053637073164,0.323943661971831,0.797752808988764,0.0,0.27259483470123136,0.5833333333333333,0.4588573244950632,0.0,0.6666666666666667,0.6538461538461539,0.20064332322396827,0.466042078179956,0.6031746031746031,0.0548791945530529,3
12.7,3.55,2.36,21.5,106,1.7,1.2,0.17,0.84,5.0,0.78,1.29,600,3,0.0,0.33333333333333337,0.0,0.8,0.8,0.0555229884826518,0.043277587472359935,0.323943661971831,0.797752808988764,0.0,0.2639401890195412,0.45833333333333337,0.5054463089813962,0.0,0.7083333333333333,0.6923076923076923,0.1918226470197795,0.4920294499397845,0.6350877192982457,0.09099031778283129,3
12.51,1.24,2.25,17.5,85,2.0,0.58,0.6,1.25,5.45,0.75,1.51,650,3,0.3,0.33333333333333337,0.0,0.8,0.8,0.05553617331409455,0.04329069488383547,0.323943661971831,0.797752808988764,0.5,0.4285549876048722,0.9375,0.6151161337554771,0.038461538461538464,0.7916666666666666,0.6153846153846154,0.222595704948646,0.4447699300855744,0.5496422007586127,0.4840277306267391,3
12.6,2.46,2.2,18.5,94,1.62,0.66,0.63,0.94,7.1,0.73,1.58,695,3,0.0,0.33333333333333337,0.0,0.8,0.8,0.05551568375480165,0.04327032562684746,0.323943661971831,0.797752808988764,0.0,0.38051043111590066,0.625,0.5335279220931578,0.0,0.4375,0.6538461538461539,0.23458646616541337,0.4448240428747115,0.5790272199910754,0.058856240713796026,3
12.25,4.72,2.54,21.0,89,1.38,0.47,0.53,0.8,3.85,0.75,1.27,720,3,0.0,0.33333333333333337,0.0,0.8,0.8,0.05551598138413094,0.04327062150908967,0.323943661971831,0.797752808988764,0.0,0.40888930929294787,0.47916666666666663,0.5211334589120894,0.0,0.7708333333333334,0.6153846153846154,0.18944379919989662,0.4417637608227827,0.6178861788617885,0.14898534164220079,3
12.53,5.51,2.64,25.0,96,1.79,0.6,0.63,1.1,5.0,0.82,1.69,515,3,0.1,0.33333333333333337,0.0,0.8,0.8,0.055515775578036,0.043270416911079856,0.323943661971831,0.797752808988764,0.0,0.4567891674205188,0.875,0.5817049453254385,0.0,0.8333333333333334,0.6923076923076923,0.256310174342961,0.452661154383762,0.5840947842434311,0.11493720532172835,3
13.49,3.59,2.19,19.5,88,1.62,0.48,0.58,0.88,5.7,0.81,1.82,580,3,0.1,0.33333333333333337,0.0,0.8,0.8,0.055515722361538566,0.0432703640069631,0.323943661971831,0.797752808988764,0.0,0.43222073991692267,0.8958333333333334,0.6579554272598408,0.0,0.3125,0.6538461538461539,0.2878924925700993,0.46425929102953967,0.5728385082168915,0.05557754377498869,3
12.84,2.96,2.61,24.0,101,2.32,0.6,0.53,0.81,4.92,0.89,2.15,590,3,0.1,0.9824561403508771,0.0,0.6,0.6,0.056148656346655335,0.043899555368808685,0.323943661971831,0.797752808988764,0.0,0.31341400691791943,0.8125,0.4147122365244065,0.007692307692307693,0.5833333333333333,0.7692307692307692,0.32842105263157867,0.5069100351560757,0.6201002063071028,0.09947176808417424,3
12.93,2.81,2.7,21.0,96,1.54,0.5,0.53,0.75,4.6,0.77,2.31,600,3,0.0,0.9824561403508771,0.0,0.6,0.6,0.055599436461007845,0.04335358622456609,0.323943661971831,0.797752808988764,0.0,0.328579969704069,0.7083333333333333,0.49017557046467586,0.023076923076923078,0.47916666666666663,0.6923076923076923,0.313479623824451,0.47896753592088764,0.6171542885721432,0.0653986534727582,3
13.36,2.56,2.35,20.0,89,1.4,0.5,0.37,0.64,5.6,0.7,2.47,780,3,0.0,0.9122807017543859,0.0,0.6,0.6,0.05552870371192653,0.043283269145327874,0.323943661971831,0.797752808988764,0.0,0.37801433101357773,0.5,0.48551680536914377,0.0,0.5,0.7692307692307693,0.31564755838641184,0.4935929840836933,0.6142950330817258,0.0626783887786525,3
13.52,3.17,2.72,23.5,97,1.55,0.52,0.5,0.55,4.35,0.89,2.06,520,3,0.1,0.33333333333333337,0.0,0.8,0.8,0.05554003793000051,0.04329453680259682,0.323943661971831,0.797752808988764,0.0,0.3306618246194829,0.8125,0.49220623760094806,0.0,0.6041666666666667,0.7692307692307693,0.31943086781796454,0.4815077479008927,0.6019900497512436,0.05726006164663744,3
13.62,4.95,2.35,20.0,92,2.0,0.8,0.47,1.02,4.4,0.91,2.05,550,3,0.1,0.33333333333333337,0.0,0.8,0.8,0.05552725894237254,0.04328183285899434,0.323943661971831,0.797752808988764,0.0,0.4507123168343099,0.8333333333333334,0.5827688899498954,0.007692307692307693,0.6041666666666667,0.7692307692307692,0.35370370370370346,0.4885302835820034,0.5737587092042539,0.0826061013937206,3
12.25,3.88,2.2,18.5,112,1.38,0.78,0.29,1.14,8.21,0.65,2.0,855,3,0.0,0.9122807017543859,0.0,0.6,0.6,0.05551568330413181,0.04327032517882301,0.323943661971831,0.797752808988764,0.0,0.40261029976311835,0.7708333333333334,0.5440235274102956,0.0,0.625,0.6923076923076923,0.32505420855509565,0.4438629248986875,0.5623391812865496,0.0439330771619344,3
13.16,3.57,2.15,21.0,102,1.5,0.55,0.43,1.3,4.0,0.6,1.68,830,3,0.0,0.9122807017543859,0.0,0.6,0.6,0.055516198089976765,0.04327083694286238,0.323943661971831,0.797752808988764,0.0,0.3764233819292391,0.75,0.5691501093689908,0.007692307692307693,0.35416666666666663,0.7692307692307692,0.25416865933365196,0.4742675204851317,0.6277475297439,0.08557966575412601,3
13.88,5.04,2.23,20.0,80,0.98,0.34,0.4,0.68,4.9,0.58,1.33,415,3,0.0,0.33333333333333337,0.0,0.8,0.8,0.055515688338370395,0.043270330183510675,0.323943661971831,0.797752808988764,0.0,0.41826951874983564,0.6666666666666667,0.5322224890226449,0.0,0.8541666666666666,0.5,0.19676511954992956,0.4160332261522531,0.6118143459915611,0.09183845691429549,3
12.87,4.61,2.48,21.5,86,1.7,0.65,0.47,0.86,7.65,0.54,1.86,625,3,0.0,0.33333333333333337,0.0,0.8,0.8,0.05551568328226164,0.043270325157081235,0.323943661971831,0.797752808988764,0.0,0.3609113954120158,0.4375,0.46539541451862143,0.0,0.35416666666666663,0.6153846153846154,0.25740025740025746,0.4581041159030297,0.6666666666666666,0.04372947052502396,3
13.32,3.24,2.38,21.5,92,1.93,0.76,0.45,1.25,8.42,0.55,1.62,650,3,0.0,0.33333333333333337,0.0,0.8,0.8,0.055515683281688544,0.043270325156511524,0.323943661971831,0.797752808988764,0.0,0.31339941612873057,0.14583333333333337,0.2852344082942434,0.0,0.3125,0.7307692307692308,0.2420421955305675,0.4784895722009134,0.6315237345921846,0.03352879773446693,3
13.08,3.9,2.36,21.5,113,1.41,1.39,0.34,1.14,9.4,0.57,1.33,550,3,0.0,0.33333333333333337,0.0,0.8,0.8,0.05551568328167833,0.043270325156501366,0.323943661971831,0.797752808988764,0.0,0.31984576319009805,0.3125,0.36634402003345257,0.0,0.47916666666666663,0.6153846153846154,0.19676511954992956,0.46030849926054795,0.6315237345921846,0.048486543644497004,3
13.5,3.12,2.62,24.0,123,1.4,1.57,0.22,1.25,8.6,0.59,1.3,500,3,0.0,0.33333333333333337,0.0,0.8,0.8,0.055515683283163586,0.04327032515797791,0.323943661971831,0.797752808988764,0.0,0.28838116890811205,0.22916666666666663,0.2209732162547947,0.0,0.7083333333333333,0.6923076923076923,0.19303472537830957,0.4411296640928733,0.5983085330996535,0.24993616114107198,3
12.79,2.67,2.48,22.0,112,1.48,1.36,0.24,1.26,10.8,0.48,1.47,480,3,0.0,0.33333333333333337,0.0,0.8,0.8,0.05551568328167811,0.043270325156501144,0.323943661971831,0.797752808988764,0.0,0.27261945143813393,0.20833333333333337,0.15439161519891853,0.0,0.625,0.6153846153846154,0.21628232005590484,0.4537378946930249,0.6666666666666666,0.03988755794242094,3
13.11,1.9,2.75,25.5,116,2.2,1.28,0.26,1.56,7.1,0.61,1.33,425,3,0.0,0.33333333333333337,0.0,0.8,0.8,0.0555159424077345,0.04327058276148554,0.323943661971831,0.797752808988764,0.0,0.35079503290720515,0.5625,0.2673585080323203,0.0,0.7708333333333334,0.6923076923076923,0.19676511954992956,0.45363865122397046,0.5827115067669658,0.1030603837789772,3
13.23,3.3,2.28,18.5,98,1.8,0.83,0.61,1.87,10.52,0.56,1.51,675,3,0.0,0.33333333333333337,0.0,0.8,0.8,0.05551568328167811,0.043270325156501144,0.323943661971831,0.797752808988764,0.0,0.37773735957127674,0.47916666666666663,0.357730703904075,0.0,0.5208333333333333,0.6153846153846154,0.222595704948646,0.45548589244359305,0.6100598111016385,0.12090549671563078,3
12.58,1.29,2.1,20.0,103,1.48,0.58,0.53,1.4,7.6,0.58,1.55,640,3,0.1,0.33333333333333337,0.0,0.8,0.8,0.05551568342580315,0.043270325299780144,0.323943661971831,0.797752808988764,0.0,0.41664784412088307,0.8541666666666666,0.4654361314484873,0.0,0.5416666666666667,0.576923076923077,0.22929171668667456,0.4389169510378981,0.6284036845834599,0.05486605990009541,3
13.17,5.19,2.32,22.0,93,1.74,0.63,0.61,1.55,7.9,0.6,1.48,725,3,0.0,0.33333333333333337,0.0,0.8,0.8,0.05551568328168344,0.04327032515650642,0.323943661971831,0.797752808988764,0.0,0.38200544069119413,0.7291666666666667,0.5297420982411178,0.0,0.5208333333333333,0.6538461538461539,0.21782661782661772,0.4541533634872937,0.6278166278166278,0.11649092724991239,3
13.84,4.12,2.38,19.5,89,1.8,0.83,0.48,1.56,9.01,0.57,1.64,480,3,0.0,0.33333333333333337,0.0,0.8,0.8,0.05551568328167811,0.0432703251565012,0.323943661971831,0.797752808988764,0.0,0.33415151148474675,0.5208333333333333,0.42702598263961644,0.0,0.45833333333333337,0.6538461538461539,0.2459524020171634,0.445987986395633,0.5891472868217054,0.030029706291857416,3
12.45,3.03,2.64,27.0,97,1.9,0.58,0.63,1.14,7.5,0.67,1.73,880,3,0.0,0.9122807017543859,0.0,0.6,0.6,0.055515683342838296,0.04327032521730234,0.323943661971831,0.797752808988764,0.0,0.38334400434750926,0.35416666666666663,0.36309897700982163,0.0,0.5833333333333333,0.6153846153846154,0.2652542372881354,0.4417283591571521,0.6010819452176023,0.05002224362063823,3
14.34,1.68,2.7,25.0,98,2.8,1.31,0.53,2.7,13.0,0.57,1.96,660,3,0.0,0.33333333333333337,0.0,0.8,0.8,0.05551568328167833,0.043270325156501255,0.323943661971831,0.797752808988764,0.0,0.23565760311318618,0.5416666666666667,0.28522660215534934,0.0,0.9583333333333334,0.6538461538461539,0.21427237617559236,0.43211231887684576,0.5780849974398361,0.12453615928583239,3
13.48,1.67,2.64,22.5,89,2.6,1.1,0.52,2.29,11.75,0.57,1.78,620,3,0.0,0.33333333333333337,0.0,0.8,0.8,0.05551568328167811,0.043270325156501144,0.323943661971831,0.797752808988764,0.0,0.2717973184323018,0.41666666666666663,0.2881197425762544,0.0,0.7708333333333334,0.6923076923076923,0.24132226252424246,0.46064535962079856,0.6105006105006104,0.05298535534503912,3
12.36,3.83,2.38,21.0,88,2.3,0.92,0.5,1.04,7.65,0.56,1.58,520,3,0.0,0.33333333333333337,0.0,0.8,0.8,0.055515683367540536,0.04327032524185953,0.323943661971831,0.797752808988764,0.0,0.3541204449732068,0.47916666666666663,0.4218589226691337,0.0,0.4375,0.6153846153846154,0.23458646616541337,0.451404422022685,0.6171542885721432,0.04711289001439212,3
13.69,3.26,2.54,20.0,107,1.83,0.56,0.5,0.8,5.88,0.96,1.82,680,3,0.0,1.0,0.8333333333333334,0.6,0.8,0.05551577079167924,0.04327041215281907,0.323943661971831,0.797752808988764,0.0,0.34520813774369186,0.41666666666666663,0.41081910275296907,0.007692307692307693,0.375,0.8076923076923077,0.2878924925700993,0.4967205855332736,0.6193421698576338,0.07419298664883112,3
12.85,3.27,2.58,22.0,106,1.65,0.6,0.6,0.96,5.58,0.87,2.11,570,3,0.1,0.33333333333333337,0.0,0.8,0.8,0.05551764779654833,0.04327227813942497,0.323943661971831,0.797752808988764,0.25,0.3914147823480557,0.875,0.6399272384985132,0.023076923076923078,0.41666666666666663,0.7692307692307692,0.3355292994390738,0.5001066858066484,0.6350877192982457,0.08262185622381446,3
12.96,3.45,2.35,18.5,106,1.39,0.7,0.4,0.94,5.28,0.68,1.75,675,3,0.0,0.33333333333333337,0.0,0.8,0.8,0.05551575836613276,0.04327039980021041,0.323943661971831,0.797752808988764,0.14285714285714285,0.34323643655440983,0.5833333333333333,0.5853371251172677,0.007692307692307693,0.33333333333333337,0.7307692307692308,0.2699675803124077,0.48711583821190974,0.6350877192982457,0.05026640076299749,3
13.78,2.76,2.3,22.0,90,1.35,0.68,0.41,1.03,9.58,0.7,1.68,615,3,0.0,0.33333333333333337,0.0,0.8,0.8,0.05551568328167811,0.043270325156501144,0.323943661971831,0.797752808988764,0.0,0.2574735210902718,0.125,0.2419025676848825,0.0,0.33333333333333337,0.6923076923076923,0.25416865933365196,0.46140147760274525,0.6278166278166278,0.030074219585283224,3
13.73,4.36,2.26,22.5,88,1.28,0.47,0.52,1.15,6.62,0.78,1.75,520,3,0.1,0.33333333333333337,0.0,0.8,0.8,0.055515683344156797,0.043270325218613126,0.323943661971831,0.797752808988764,0.0,0.4031320994008837,0.8333333333333334,0.593368600599655,0.0,0.39583333333333337,0.5769230769230769,0.2699675803124077,0.4536104650462947,0.6105006105006104,0.04514479409035166,3
13.45,3.7,2.6,23.0,111,1.7,0.92,0.43,1.46,10.68,0.85,1.56,695,3,0.0,0.33333333333333337,0.0,0.8,0.8,0.05551568328167811,0.043270325156501144,0.323943661971831,0.797752808988764,0.0,0.27874273652341486,0.39583333333333337,0.2888305186712816,0.0,0.5416666666666667,0.7692307692307692,0.23102965508463777,0.49460789734762006,0.5792133597011645,0.022327578060522768,3
12.82,3.37,2.3,19.5,88,1.48,0.66,0.4,0.97,10.26,0.72,1.75,685,3,0.0,0.33333333333333337,0.0,0.8,0.8,0.05551568328167811,0.043270325156501144,0.323943661971831,0.797752808988764,0.0,0.30897318914434446,0.375,0.46411982397981166,0.0,0.33333333333333337,0.6538461538461539,0.2699675803124077,0.45580204114528694,0.6118143459915611,0.03241890966275496,3
13.58,2.58,2.69,24.5,105,1.55,0.84,0.39,1.54,8.66,0.74,1.8,750,3,0.0,0.33333333333333337,0.0,0.8,0.8,0.05551568328170253,0.04327032515652546,0.323943661971831,0.797752808988764,0.0,0.33306195550223305,0.25,0.28364046871492654,0.0,0.5416666666666667,0.8076923076923077,0.2825291044469124,0.4946000509370116,0.6320532514080902,0.026376476941045057,3
13.4,4.6,2.86,25.0,112,1.98,0.96,0.27,1.11,8.5,0.67,1.92,630,3,0.0,0.33333333333333337,0.0,0.8,0.8,0.05551568328178391,0.04327032515660634,0.323943661971831,0.797752808988764,0.0,0.3487849791676796,0.1875,0.18444494111741327,0.0,0.625,0.6538461538461539,0.3181542197935638,0.46083052311121225,0.5673356623934748,0.09426813623841346,3
12.2,3.03,2.32,19.0,96,1.25,0.49,0.4,0.73,5.5,0.66,1.83,510,3,0.0,0.33333333333333337,0.0,0.8,0.8,0.05551761881617878,0.043272249329177614,0.323943661971831,0.797752808988764,0.0,0.3352714480516855,0.6875,0.5966212592177123,0.007692307692307693,0.4375,0.6538461538461539,0.2906525573192238,0.4506522304606099,0.6118143459915611,0.1052432992204585,3
12.77,2.39,2.28,19.5,86,1.39,0.51,0.48,0.64,9.899999,0.57,1.63,470,3,0.0,0.33333333333333337,0.0,0.8,0.8,0.05551568328167811,0.043270325156501144,0.323943661971831,0.797752808988764,0.0,0.32400621607102387,0.45833333333333337,0.3919622046601259,0.0,0.5416666666666667,0.5384615384615385,0.24398148148148127,0.41316705091839034,0.5683723151475902,0.06579757143222609,3
14.16,2.51,2.48,20.0,91,1.68,0.7,0.44,1.24,9.7,0.62,1.71,660,3,0.0,0.33333333333333337,0.0,0.8,0.8,0.05551568328167811,0.043270325156501144,0.323943661971831,0.797752808988764,0.0,0.2391076060165115,0.10416666666666663,0.1088972239697884,0.0,0.45833333333333337,0.6153846153846154,0.2607046070460703,0.4615005789329842,0.6666666666666666,0.044329281316569324,3
13.71,5.65,2.45,20.5,95,1.68,0.61,0.52,1.06,7.7,0.64,1.74,740,3,0.0,0.33333333333333337,0.0,0.8,0.8,0.05551568328168022,0.04327032515650325,0.323943661971831,0.797752808988764,0.0,0.30745034240821256,0.22916666666666663,0.33396530166602745,0.0,0.45833333333333337,0.6538461538461539,0.2675898878430522,0.45824054865629454,0.6413502109704643,0.03273042466683296,3
13.4,3.91,2.48,23.0,102,1.8,0.75,0.43,1.41,7.3,0.7,1.56,750,3,0.0,0.33333333333333337,0.0,0.8,0.8,0.055515683283329675,0.04327032515814311,0.323943661971831,0.797752808988764,0.0,0.3077301901214996,0.35416666666666663,0.3984676155646637,0.0,0.3125,0.7692307692307692,0.23102965508463777,0.5016096125551215,0.6666666666666666,0.03747296778693132,3
13.27,4.28,2.26,20.0,120,1.59,0.69,0.43,1.35,10.2,0.59,1.56,835,3,0.0,0.9122807017543859,0.0,0.6,0.6,0.05551568328167811,0.043270325156501144,0.323943661971831,0.797752808988764,0.0,0.24623886375857695,0.20833333333333337,0.26174326307677365,0.0,0.5208333333333333,0.6538461538461539,0.23102965508463777,0.44309553026722753,0.5717486994797919,0.042247754048712394,3
13.17,2.59,2.37,20.0,120,1.65,0.68,0.53,1.46,9.3,0.6,1.62,840,3,0.0,0.9122807017543859,0.0,0.6,0.6,0.05551568328167811,0.0432703251565012,0.323943661971831,0.797752808988764,0.0,0.26459126980074366,0.20833333333333337,0.22322375555966678,0.0,0.41666666666666663,0.6923076923076923,0.2420421955305675,0.45527505239392396,0.6000132511760419,0.027353311870664587,3
14.13,4.1,2.74,24.5,96,2.05,0.76,0.56,1.35,9.2,0.61,1.6,560,3,0.0,0.33333333333333337,0.0,0.8,0.8,0.05551568328167811,0.043270325156501144,0.323943661971831,0.797752808988764,0.0,0.34142058000930864,0.4375,0.42720372712526333,0.0,0.5416666666666667,0.576923076923077,0.23825549262633708,0.43529577417177134,0.5531084036238676,0.03996217639264843,3
