index,true_label,alcohol,malic_acid,ash,alcalinity_ash,magnesium,total_phenols,flavanoids,nonflavanoid_phenols,proanthocyanins,color_intensity,hue,OD280_OD315_of_diluted_wines,proline,label,description_lengths,description_lengths_unnormalized,is_error,L_0,L_1,L_2,r_min,r_med,relative_position,pseudo_probability,normalized_entropy,description_length_margin,description_length_true_cost,kullback_leibler_divergence
0,0,14.23,1.71,2.43,15.6,127.0,2.8,3.06,0.28,2.29,5.64,1.04,3.92,1065.0,0,[0.10452356 0.271371   0.62410544],[ 20.59625201  53.47335815 122.97929139],0,20.59625201,53.47335815,122.97929139,0.3851684786999829,0.23344792003361323,0.0,5.329070518200751e-15,1.6240307653381682e-13,0.8331525530910366,0.1045235565785141,0.5000000331147632
1,0,13.2,1.78,2.14,11.2,100.0,2.65,2.76,0.26,1.28,4.38,1.05,3.4,1050.0,0,[0.1313961  0.21026982 0.65833408],[ 22.03938079  35.26905723 110.42394352],0,22.03938079,35.26905723,110.42394352,0.6248928244849233,0.30254549877129155,0.0,1.7964856171559518e-06,2.326881914744163e-05,0.9211262827221816,0.1313961000703538,0.5000006689253705
2,0,13.16,2.36,2.67,18.6,101.0,2.8,3.24,0.3,2.81,5.68,1.03,3.17,1185.0,0,[0.1097443  0.26950948 0.62074622],[ 19.03814094  46.75376873 107.68535767],0,19.03814094,46.75376873,107.68535767,0.4072001350209186,0.24654556631516217,0.0,9.188205751797796e-13,2.4017554099984637e-11,0.8402348145390135,0.10974429809628715,0.500000026299332
3,0,14.37,1.95,2.5,16.8,113.0,3.85,3.49,0.24,2.18,7.8,0.86,3.45,1480.0,0,[0.1069776  0.33449971 0.55852269],[ 30.30654543  94.7631163  158.22839135],0,30.30654543,94.7631163,158.22839135,0.31981372724949303,0.2395854762973931,0.0,0.0,5.960596081595643e-27,0.7724778897383714,0.10697759868238423,0.5000000537158229
4,0,13.24,2.59,2.87,21.0,118.0,2.8,2.69,0.39,1.82,4.32,1.04,2.93,735.0,0,[0.16900392 0.21715563 0.61384045],[23.08391376 29.66086163 83.84326218],0,23.08391376,29.66086163,83.84326218,0.778261739229918,0.40675022166127683,0.0,0.0013901564369540598,0.009588560149799863,0.9518482878372037,0.16900391989306332,0.5005017502280431
5,0,14.2,1.76,2.45,15.2,112.0,3.27,3.39,0.34,1.97,6.75,1.05,2.85,1450.0,0,[0.08738589 0.32863254 0.58398157],[ 18.53640911  69.70996024 123.8749292 ],0,18.53640911,69.70996024,123.8749292,0.26590761271296476,0.19150677682984857,0.0,0.0,2.77849888851579e-21,0.7587533572556533,0.08738589305563449,0.5000000407797732
6,0,14.39,1.87,2.45,14.6,96.0,2.5,2.52,0.3,1.98,5.25,1.02,3.58,1290.0,0,[0.0990556  0.26709586 0.63384855],[ 18.34837323  49.47498845 117.40971885],0,18.34837323,49.47498845,117.40971885,0.37086159703043126,0.21989280535808695,0.0,3.042011087472929e-14,8.869387835956308e-13,0.831959738882652,0.09905559621100875,0.5000000312853683
7,0,14.06,2.15,2.61,17.6,121.0,2.6,2.51,0.31,1.25,5.05,1.06,3.58,1295.0,0,[0.1149831  0.30055154 0.58446537],[19.14279314 50.03688316 97.30386217],0,19.14279314,50.03688316,97.30386217,0.38257365228776624,0.2598438483104713,0.0,3.8191672047105385e-14,1.11097631506555e-12,0.8144315630017589,0.11498309872440939,0.5000000236633241
8,0,14.83,1.64,2.17,14.0,97.0,2.8,2.98,0.29,1.98,5.2,1.08,2.85,1045.0,0,[0.10650642 0.28764678 0.6058468 ],[ 18.56448355  50.13795524 105.60145753],0,18.56448355,50.13795524,105.60145753,0.37026806260377787,0.23840443750970222,0.0,1.9317880628477724e-14,5.751461342935128e-13,0.8188596333391541,0.10650641748025781,0.5000000271096584
9,0,13.86,1.35,2.27,16.0,98.0,2.98,3.15,0.22,1.85,7.22,1.01,3.55,1045.0,0,[0.09339137 0.28415583 0.62245279],[ 17.29164631  52.61216277 115.2486909 ],0,17.29164631,52.61216277,115.2486909,0.32866252591180717,0.20602357168739135,0.0,4.440892098500626e-16,1.5116413045563844e-14,0.8092355411694441,0.09339137366103313,0.5000000323996953
10,0,14.1,2.16,2.3,18.0,105.0,2.95,3.32,0.22,2.38,5.75,1.25,3.17,1510.0,0,[0.08852395 0.31472842 0.59674764],[ 19.7543209   70.23236374 133.16559565],0,19.7543209,70.23236374,133.16559565,0.2812709105569786,0.1942430588689276,0.0,0.0,5.494429336818554e-21,0.7737955320278399,0.08852394819465673,0.5000000434405524
11,0,14.12,1.48,2.32,16.8,95.0,2.2,2.43,0.26,1.57,5.0,1.17,2.82,1280.0,0,[0.1313918  0.27383638 0.59477182],[20.29462518 42.29644895 91.86776453],0,20.29462518,42.29644895,91.86776453,0.47981865341724356,0.30253410582879176,0.0,2.7843860550547106e-10,5.829712811949949e-09,0.8575554240810478,0.1313918022169118,0.5000000181804353
12,0,13.75,1.73,2.41,16.0,89.0,2.6,2.76,0.29,1.81,5.6,1.15,2.9,1320.0,0,[0.08663856 0.26011184 0.65324961],[ 16.23592489  48.74453661 122.41791828],0,16.23592489,48.74453661,122.41791828,0.3330819414608221,0.18971362499146832,0.0,7.549516567451064e-15,2.3221445848038057e-13,0.8265267193985847,0.08663855530113893,0.5000000343520408
13,0,14.75,1.73,2.39,11.4,91.0,3.1,3.69,0.43,2.81,5.4,1.25,2.73,1150.0,0,[0.15186668 0.2790235  0.56910982],[ 33.95111031  62.37811597 127.22942246],0,33.95111031,62.37811597,127.22942246,0.544279188005359,0.3581198362761939,0.0,4.511946372076636e-13,1.2083929509255012e-11,0.8728431853561003,0.15186668241734397,0.5000000282260533
14,0,14.38,1.87,2.38,12.0,102.0,3.3,3.64,0.29,2.96,7.5,1.2,3.0,1547.0,0,[0.11613792 0.30991932 0.57394276],[ 30.50743947  81.41048645 150.76491146],0,30.50743947,81.41048645,150.76491146,0.37473599286698855,0.2627964870038732,0.0,0.0,3.622320811173455e-21,0.806218603820815,0.11613792425179058,0.5000000460630839
15,0,13.63,1.81,2.7,17.2,112.0,2.85,2.91,0.3,1.46,7.3,1.28,2.88,1310.0,0,[0.09679982 0.3177233  0.58547688],[ 19.2411817   63.15478247 116.37693809],0,19.2411817,63.15478247,116.37693809,0.3046670568271745,0.21434854676118578,0.0,0.0,3.3909399700968017e-18,0.7790765226522729,0.09679982271796407,0.500000035202778
16,0,14.3,1.92,2.72,20.0,120.0,2.8,3.14,0.33,1.97,6.2,1.07,2.65,1280.0,0,[0.11189049 0.31987363 0.56823587],[ 20.03611328  57.27943604 101.75340106],0,20.03611328,57.27943604,101.75340106,0.34979592441619656,0.2519745436868399,0.0,0.0,2.267954855432948e-15,0.7920168589766209,0.11189049378672139,0.5000000272359467
17,0,13.83,1.57,2.62,20.0,115.0,2.95,3.4,0.4,1.72,6.6,1.13,2.57,1130.0,0,[0.11969407 0.31977056 0.56053537],[19.77126192 52.82022425 92.59014819],0,19.77126192,52.82022425,92.59014819,0.37431234343208397,0.2719374359334123,0.0,4.440892098500626e-15,1.3749621497576993e-13,0.7999235056739274,0.11969406887445154,0.5000000225137327
18,0,14.19,1.59,2.48,16.5,108.0,3.3,3.93,0.32,1.86,8.7,1.23,2.82,1680.0,0,[0.12477817 0.35963345 0.51558838],[ 32.10621262  92.53595776 132.66414738],0,32.10621262,92.53595776,132.66414738,0.34695931610632136,0.2851349700725532,0.0,0.0,3.134017756017472e-25,0.7651447284083774,0.12477817450958194,0.5000000423940079
19,0,13.64,3.1,2.56,15.2,116.0,2.7,3.03,0.17,1.66,5.1,0.96,3.36,845.0,0,[0.12557504 0.25190767 0.6225173 ],[ 20.28789095  40.69817862 100.57383447],0,20.28789095,40.69817862,100.57383447,0.49849628748573976,0.287217411374863,0.0,1.3674916754524702e-09,2.6650339139789248e-08,0.873667369443223,0.1255750371382458,0.5000000211416827
20,0,14.06,1.63,2.28,16.0,126.0,3.0,3.17,0.24,2.1,5.65,1.09,3.71,780.0,0,[0.11197232 0.25769911 0.63032857],[ 19.44911291  44.7612346  109.48537997],0,19.44911291,44.7612346,109.48537997,0.4345079639417607,0.252182039313692,0.0,1.0164535879653158e-11,2.434426850626788e-10,0.8542732048906108,0.11197231614190092,0.5000000259367792
21,0,12.93,3.8,2.65,18.6,102.0,2.41,2.41,0.25,1.98,4.5,1.03,3.52,770.0,0,[0.18694378 0.21435677 0.59869945],[25.19089463 28.8848274  80.67545799],0,25.19089463,28.8848274,80.67545799,0.8721151170571954,0.45985449088359936,0.0,0.02427028699268252,0.10396977521733786,0.9725870098545755,0.18694377760606018,0.5088607111503931
22,0,13.71,1.86,2.36,16.6,101.0,2.61,2.88,0.27,1.69,3.8,1.11,4.0,1035.0,0,[0.10685325 0.22412441 0.66902235],[ 17.55221154  36.81571862 109.89672484],0,17.55221154,36.81571862,109.89672484,0.47675862912500827,0.23927365840030054,0.0,4.304920864228734e-09,7.94027110700651e-08,0.8827288373151075,0.10685324569605766,0.5000000261367323
23,0,12.85,1.6,2.52,17.8,95.0,2.48,2.37,0.26,1.46,3.93,1.09,3.63,1015.0,0,[0.15616401 0.20221564 0.64162035],[22.21434772 28.76519638 91.27056479],0,22.21434772,28.76519638,91.27056479,0.7722647683599,0.3701288266613967,0.0,0.0014268635824181697,0.009807873089408925,0.9539483750763268,0.1561640120572553,0.5005150111755606
24,0,13.5,1.81,2.61,20.0,96.0,2.53,2.61,0.28,1.66,3.52,1.12,3.82,845.0,0,[0.14172389 0.19400233 0.66427378],[ 21.40643064  29.30273338 100.33404171],0,21.40643064,29.30273338,100.33404171,0.7305267519473118,0.3302524399393365,0.0,0.0003719783934155174,0.00301225612869355,0.9477215628350546,0.14172388977312708,0.5001342034467648
25,0,13.05,2.05,3.22,25.0,124.0,2.63,2.68,0.47,1.92,3.58,1.13,3.2,830.0,1,[0.2552369  0.20220762 0.54255547],[46.8748906  37.13593205 99.64165899],1,46.8748906,37.13593205,99.64165899,1.0,0.6854176951487064,0.15580905985131147,0.9999410615860244,0.0005761258341572443,0.9469707217513265,0.25523690276960187,0.9999992093678536
26,0,13.39,1.77,2.62,16.1,93.0,2.85,2.94,0.34,1.45,4.8,0.92,3.22,1195.0,0,[0.11478359 0.24843732 0.6367791 ],[17.16778497 37.15791166 95.2408512 ],0,17.16778497,37.15791166,95.2408512,0.4620223312500867,0.2593345224516045,0.0,2.081604888459765e-09,3.977121801434336e-08,0.8663462720782491,0.11478358776722204,0.5000000204495768
27,0,13.3,1.72,2.14,17.0,94.0,2.4,2.19,0.27,1.35,3.95,1.02,2.77,1285.0,0,[0.18390513 0.25500795 0.56108692],[24.46968273 33.93034001 74.65598573],0,24.46968273,33.93034001,74.65598573,0.7211741091326254,0.45069547316924075,0.0,7.784934040422353e-05,0.0007412608685930931,0.9288971810539319,0.1839051314644934,0.5000280851503663
28,0,13.87,1.9,2.8,19.4,107.0,2.95,2.97,0.37,1.76,4.5,1.25,3.4,915.0,0,[0.10889402 0.22189596 0.66921002],[ 18.81822991  38.34636063 115.64774962],0,18.81822991,38.34636063,115.64774962,0.49074356993312557,0.24440194341465857,0.0,3.3040041813592325e-09,6.17370021333702e-08,0.886998054063693,0.10889401701561396,0.500000027488795
29,0,14.02,1.68,2.21,16.0,96.0,2.65,2.33,0.26,1.98,4.7,1.04,3.59,1035.0,0,[0.12925104 0.25935751 0.61139145],[18.35787291 36.83724407 86.8375725 ],0,18.35787291,36.83724407,86.8375725,0.4983508775688293,0.2968732587416059,0.0,9.429986458364681e-09,1.672020323092542e-07,0.8698935348790109,0.1292510405673602,0.5000000190949798
30,0,13.73,1.5,2.7,22.5,101.0,3.0,3.25,0.29,2.38,5.7,1.19,2.71,1285.0,0,[0.11694581 0.29685645 0.58619773],[ 21.11983023  53.61079445 105.86438541],0,21.11983023,53.61079445,105.86438541,0.3939473467289022,0.2648666739021809,0.0,7.771561172376096e-15,2.3630409604991557e-13,0.8200893579306088,0.11694581272958722,0.5000000266137544
31,0,13.58,1.66,2.36,19.1,106.0,2.86,3.19,0.22,1.95,6.9,1.09,2.88,1515.0,0,[0.09317792 0.30652044 0.60030163],[ 18.03151718  59.31693176 116.1686021 ],0,18.03151718,59.31693176,116.1686021,0.3039860060977641,0.20550431460840296,0.0,0.0,4.414936505330705e-17,0.7866574838862496,0.09317792454464235,0.5000000346160132
32,0,13.68,1.83,2.36,17.2,104.0,2.42,2.69,0.42,1.97,3.84,1.23,2.87,990.0,0,[0.13973503 0.22152765 0.63873732],[20.05680359 31.79687035 91.68086892],0,20.05680359,31.79687035,91.68086892,0.6307791731889495,0.32486509241667194,0.0,7.968018403192723e-06,9.240122209550178e-05,0.9182073769422238,0.13973502956304515,0.5000028882638395
33,0,13.76,1.53,2.7,19.5,132.0,2.95,2.74,0.5,1.35,5.4,1.25,3.0,1235.0,0,[0.17880331 0.25643611 0.56476058],[ 33.27850805  47.72736806 105.11209071],0,33.27850805,47.72736806,105.11209071,0.6972625854303758,0.4354701111529528,0.0,5.308106127976941e-07,7.464343033969645e-06,0.9223671940071413,0.17880330748511666,0.5000002068992996
34,0,13.51,1.8,2.65,19.0,110.0,2.35,2.53,0.29,1.54,4.2,1.1,2.87,1095.0,0,[0.13746532 0.29687981 0.56565487],[17.12649488 36.98758744 70.47366719],0,17.12649488,36.98758744,70.47366719,0.4630335759886741,0.31874734644871794,0.0,2.3683019989562126e-09,4.4970704599712705e-08,0.8405855099080473,0.13746532020379645,0.5000000115884605
35,0,13.48,1.81,2.41,20.5,100.0,2.7,2.98,0.26,1.86,5.1,1.04,3.47,920.0,0,[0.10298103 0.22197815 0.67504082],[15.23693667 32.84359227 99.87814557],0,15.23693667,32.84359227,99.87814557,0.46392418174834676,0.2296072507449981,0.0,2.2569743296507738e-08,3.822526323659028e-07,0.8810028836890463,0.10298102980685468,0.500000029348412
36,0,13.28,1.64,2.84,15.5,110.0,2.6,2.68,0.34,1.36,4.6,1.09,2.78,880.0,0,[0.14620682 0.23190976 0.62188343],[20.04326491 31.79214829 85.2530316 ],0,20.04326491,31.79214829,85.2530316,0.6304470124679817,0.3424876603802794,0.0,7.898076745282978e-06,9.165352646749976e-05,0.914297055473531,0.14620681516297862,0.5000028607272293
37,0,13.05,1.65,2.55,18.0,98.0,2.45,2.43,0.29,1.44,4.25,1.12,2.51,1105.0,0,[0.17046936 0.24843065 0.58109999],[21.66755423 31.57684596 73.86087206],0,21.66755423,31.57684596,73.86087206,0.6861848791599139,0.41100195710758797,0.0,4.9708160687611525e-05,0.0004936064042292923,0.9220387041819027,0.17046935855825232,0.5000179356035884
38,0,13.07,1.5,2.1,15.5,98.0,2.4,2.64,0.28,1.37,3.7,1.18,2.69,1020.0,0,[0.18277548 0.21343997 0.60378455],[23.48777019 27.42834544 77.59001676],0,23.48777019,27.42834544,77.59001676,0.8563320102746842,0.44730787449954523,0.0,0.019066435491239875,0.08591135256706044,0.9693355081451663,0.18277548123956286,0.5069427250769712
39,0,14.22,3.99,2.51,13.2,128.0,3.0,3.04,0.2,2.08,5.1,0.89,3.53,760.0,0,[0.15351496 0.26123832 0.58524673],[ 30.0094751   51.06749806 114.40544597],0,30.0094751,51.06749806,114.40544597,0.5876433394906827,0.3627115632172062,0.0,7.155118719737175e-10,1.4366102498380814e-08,0.8922766402543431,0.1535149566564835,0.5000000226225308
40,0,13.56,1.71,2.31,16.2,117.0,3.15,3.29,0.34,2.34,6.13,0.95,3.38,795.0,0,[0.11100518 0.27186767 0.61712715],[ 18.31991376  44.86810717 101.84854608],0,18.31991376,44.86810717,101.84854608,0.40830591961857643,0.24973189278702776,0.0,2.9529712008979914e-12,7.404820208045819e-11,0.8391375081848951,0.11100517959016284,0.5000000240328637
41,0,13.41,3.84,2.12,18.8,90.0,2.45,2.68,0.27,1.48,4.28,0.91,3.0,1035.0,0,[0.1959     0.25464886 0.54945114],[26.95260622 35.03547863 75.59540538],0,26.95260622,35.03547863,75.59540538,0.7692946485438298,0.4872528401215068,0.0,0.00030868749213386337,0.0025521439970746223,0.9412511457847957,0.19590000351602582,0.5001113574535896
42,0,13.88,1.89,2.59,15.0,101.0,3.25,3.56,0.17,1.7,5.43,0.88,3.56,1095.0,0,[0.11091569 0.26360941 0.6254749 ],[ 20.92377948  49.72880794 117.99321091],0,20.92377948,49.72880794,117.99321091,0.4207577126084483,0.24950545698431406,0.0,3.090860900556436e-13,8.386452866336666e-12,0.8473062813227444,0.11091569314089311,0.5000000297297023
43,0,13.24,3.98,2.29,17.5,103.0,2.64,2.63,0.32,1.66,4.36,0.82,3.0,680.0,0,[0.2205135 0.226545  0.5529415],[27.78308782 28.54301254 69.66658505],0,27.78308782,28.54301254,69.66658505,0.9733761557260845,0.5657917047053082,0.0,0.31866261053687794,0.5696798263299939,0.9939685012862369,0.22051349829848416,0.6349608451978466
44,0,13.05,1.77,2.1,17.0,107.0,3.0,3.0,0.28,2.03,5.04,0.88,3.35,885.0,0,[0.1188752  0.20748455 0.67364026],[ 18.60157729  32.4671584  105.41115078],0,18.60157729,32.4671584,105.41115078,0.5729351814610011,0.2698260139736096,0.0,9.511614110779831e-07,1.2870389028946903e-05,0.9113906494776907,0.11887519673940576,0.5000003636999885
45,0,14.21,4.04,2.44,18.9,111.0,2.85,2.65,0.3,1.25,5.24,0.87,3.33,1080.0,0,[0.14567996 0.31348612 0.54083392],[23.39240141 50.33769407 86.84381985],0,23.39240141,50.33769407,86.84381985,0.46470943577601376,0.341043056622056,0.0,1.985300812634705e-12,5.049775573702294e-11,0.8321938366860137,0.14567995905050915,0.5000000169344138
46,0,14.38,3.59,2.28,16.0,102.0,3.25,3.17,0.27,2.19,4.9,1.04,3.44,1065.0,0,[0.10626031 0.25423891 0.63950078],[ 21.66161218  51.8276747  130.36493467],0,21.66161218,51.8276747,130.36493467,0.4179545446514513,0.237788044802316,0.0,7.926992395823618e-14,2.2484591980239134e-12,0.8520213989659611,0.10626030707232974,0.5000000344165478
47,0,13.9,1.68,2.12,16.0,101.0,3.1,3.39,0.21,2.14,6.1,0.91,3.33,985.0,0,[0.10605319 0.26832012 0.62562669],[ 18.18752335  46.01538438 107.29144141],0,18.18752335,46.01538438,107.29144141,0.3952487541864309,0.23726958347798596,0.0,8.213429936176908e-13,2.1551716305132392e-11,0.8377330730173485,0.10605319324572322,0.5000000265044967
48,0,14.1,2.02,2.4,18.8,103.0,2.75,2.92,0.32,2.38,6.2,1.07,2.75,1060.0,0,[0.10637844 0.30642188 0.58719968],[15.48845583 44.61431996 85.49492001],0,15.48845583,44.61431996,85.49492001,0.3471633288042801,0.23808387218821925,0.0,2.2426505097428162e-13,6.150236014021132e-12,0.7999565585858677,0.10637844057071694,0.5000000200844865
49,0,13.94,1.73,2.27,17.4,108.0,2.88,3.54,0.32,2.08,8.9,1.12,3.1,1260.0,0,[0.09999272 0.35156344 0.54844384],[ 21.77529419  76.5595487  119.43395799],0,21.77529419,76.5595487,119.43395799,0.2844229695637636,0.22220424092130206,0.0,0.0,8.041033557232559e-23,0.7484292778011993,0.09999271751465967,0.5000000393121365
50,0,13.05,1.73,2.04,12.4,92.0,2.72,3.27,0.17,2.91,7.2,1.12,2.91,1150.0,0,[0.13498319 0.25549121 0.60952559],[ 29.35156164  55.55555372 132.53892947],0,29.35156164,55.55555372,132.53892947,0.5283281269664515,0.31209380670712167,0.0,4.1662229222083624e-12,1.0316650461185972e-10,0.879491981101032,0.13498319393582053,0.5000000309995469
51,0,13.83,1.65,2.6,17.2,94.0,2.45,2.99,0.22,2.29,5.6,1.24,3.37,1265.0,0,[0.09118212 0.22896632 0.67985156],[ 18.35173857  46.08282704 136.83008846],0,18.35173857,46.08282704,136.83008846,0.39823378356697636,0.20066093768867116,0.0,9.048317650695026e-13,2.3661912858008336e-11,0.8622158043696171,0.0911821236307398,0.5000000370642103
52,0,13.82,1.75,2.42,14.0,111.0,3.88,3.74,0.32,1.87,7.05,1.01,3.26,1190.0,0,[0.11379239 0.28263094 0.60357668],[ 26.40877606  65.59258771 140.07722124],0,26.40877606,65.59258771,140.07722124,0.40261829852416686,0.25680751292148457,0.0,0.0,3.4272757480409235e-16,0.8311614505571775,0.11379238656917993,0.5000000394597742
53,0,13.77,1.9,2.68,17.1,115.0,3.0,2.79,0.39,1.68,6.3,1.13,2.93,1375.0,0,[0.10391833 0.31786088 0.57822078],[ 18.22263455  55.73860398 101.39410308],0,18.22263455,55.73860398,101.39410308,0.3269302287551313,0.23193942102467408,0.0,0.0,1.7393749602710583e-15,0.7860574472078321,0.1039183316720641,0.5000000278587681
54,0,13.74,1.67,2.25,16.4,118.0,2.6,2.9,0.21,1.62,5.85,0.92,3.2,1060.0,0,[0.09859067 0.27139609 0.63001324],[15.43404404 42.48616305 98.62649397],0,15.43404404,42.48616305,98.62649397,0.36327224987281426,0.21874783404572665,0.0,1.7841284005726266e-12,4.5554957096971306e-11,0.8271945762724258,0.09859066933634053,0.5000000240929428
55,0,13.56,1.73,2.46,20.5,116.0,2.96,2.78,0.2,2.45,6.25,0.98,3.03,1120.0,0,[0.10309003 0.29337734 0.60353263],[ 17.41964497  49.57345734 101.98196953],0,17.41964497,49.57345734,101.98196953,0.3513905606820162,0.22987820798673486,0.0,1.0880185641326534e-14,3.2771150634665794e-13,0.809712687086438,0.10309002848888454,0.5000000264264279
56,0,14.22,1.7,2.3,16.3,118.0,3.2,3.0,0.26,2.03,6.38,0.94,3.31,970.0,0,[0.09891051 0.30726539 0.5938241 ],[16.65490877 51.73845489 99.9902428 ],0,16.65490877,51.73845489,99.9902428,0.32190580111230094,0.2195353815506734,0.0,6.661338147750939e-16,1.9026459710204678e-14,0.7916451199890066,0.09891051225261355,0.500000027040559
57,0,13.29,1.97,2.68,16.8,102.0,3.0,3.23,0.31,1.66,6.0,1.07,2.84,1270.0,0,[0.09044677 0.28699374 0.62255949],[ 15.27454813  48.46717913 105.13714507],0,15.27454813,48.46717913,105.13714507,0.315152406306029,0.19888174645282697,0.0,3.774758283725532e-15,1.1953286474042978e-13,0.8034530279492691,0.09044676766944607,0.5000000287127692
58,0,13.72,1.43,2.5,16.7,108.0,3.4,3.67,0.19,2.04,6.8,0.89,2.87,1285.0,0,[0.09603203 0.28247061 0.62149736],[ 21.29460925  62.63640496 137.81384505],0,21.29460925,62.63640496,137.81384505,0.3399717666309058,0.21246777441011117,0.0,0.0,4.178603223147988e-17,0.8135614243875682,0.09603203123160407,0.5000000412663078
59,1,12.37,0.94,1.36,10.6,88.0,1.98,0.57,0.28,0.42,1.95,1.05,1.82,520.0,1,[0.47076073 0.19135209 0.33788718],[103.70142569  42.15195415  74.43140384],0,103.70142569,42.15195415,74.43140384,0.5663194831048034,0.4732642967693698,0.0,9.547918011776346e-15,2.9007190330231516e-13,0.8534649141415745,0.1913520918042225,0.5000000181716093
60,1,12.33,1.1,2.28,16.0,101.0,2.05,1.09,0.63,0.41,3.27,1.25,1.67,680.0,1,[0.5207546 0.1925986 0.2866468],[87.93955403 32.52402292 48.40589398],0,87.93955403,32.52402292,48.40589398,0.6719021227614583,0.47708263670287704,0.0,1.2664585535837602e-07,1.9461087666226972e-06,0.9059517923965704,0.19259859547549185,0.500000055722918
61,1,12.64,1.36,2.02,16.8,100.0,2.02,1.41,0.53,0.62,5.75,0.98,1.59,450.0,1,[0.52801043 0.22723888 0.24475069],[78.27972647 33.68910174 36.28529959],0,78.27972647,33.68910174,36.28529959,0.9284504226156659,0.5881219233829392,0.0,0.06938352148005489,0.229417952126075,0.982488191806134,0.22723887853713282,0.5259121064947393
62,1,13.67,1.25,1.92,18.0,94.0,2.1,1.79,0.32,0.73,3.8,1.23,2.46,630.0,1,[0.33670637 0.21521782 0.44807581],[42.33729137 27.06138075 56.34082889],0,42.33729137,27.06138075,56.34082889,0.6391854526748582,0.548477832333032,0.0,2.3214352273814853e-07,3.4392023339594443e-06,0.8785114423297765,0.21521781566186274,0.5000000841280119
63,1,12.37,1.13,2.16,19.0,87.0,3.5,3.1,0.19,1.87,4.45,1.22,2.87,420.0,1,[0.2020513  0.14557946 0.65236924],[ 37.50421258  27.02206317 121.09100287],0,37.50421258,27.02206317,121.09100287,0.7205074126443503,0.34076769709586124,0.0,2.8031618801049873e-05,0.00029297289980016045,0.9435281591893024,0.14557945990133073,0.5000101324498734
64,1,12.17,1.45,2.53,19.0,104.0,1.89,1.75,0.45,1.03,2.95,1.45,2.23,355.0,1,[0.43388871 0.17486425 0.39124704],[64.53400608 26.00826068 58.19174101],0,64.53400608,26.00826068,58.19174101,0.44694075530552785,0.423843591035599,0.0,1.0436096431476471e-14,3.189524347345564e-13,0.7836172048859756,0.1748642497420221,0.5000000098329421
65,1,12.37,1.21,2.56,18.1,98.0,2.42,2.65,0.37,2.08,4.6,1.19,2.3,678.0,1,[0.25716488 0.19728829 0.54554684],[30.57297329 23.45456214 64.85718109],0,30.57297329,23.45456214,64.85718109,0.767166540092602,0.4915545257553097,0.0,0.0008093971271666556,0.005981497261878967,0.9401234123417151,0.19728828756433925,0.5002920483091484
66,1,13.11,1.01,1.7,15.0,78.0,2.98,3.18,0.26,2.28,5.3,1.12,3.18,502.0,1,[0.1914476  0.18402666 0.62452575],[ 34.7663604   33.41873778 113.41216861],0,34.7663604,33.41873778,113.41216861,0.9612377423044479,0.45106046068649575,0.0,0.20625931612533077,0.4632737050366181,0.9925790589042787,0.1840266561856439,0.5825524691953331
67,1,12.37,1.17,1.92,19.6,78.0,2.11,2.0,0.27,1.04,4.68,1.12,3.48,510.0,1,[0.30757057 0.15897659 0.53345285],[46.49201385 24.03071859 80.6361202 ],0,46.49201385,24.03071859,80.6361202,0.5168784184530033,0.3780550822868299,0.0,1.7586665457258732e-10,3.755700467775948e-09,0.8514060217607946,0.15897658767675749,0.5000000129106894
68,1,13.34,0.94,2.36,17.0,110.0,2.53,1.3,0.55,0.42,3.17,1.02,1.93,750.0,1,[0.48461464 0.2328631  0.28252225],[71.04116297 34.13612425 41.41581329],0,71.04116297,34.13612425,41.41581329,0.8242292384831198,0.6070966050246691,0.0,0.0006889249613561965,0.0051922975239000295,0.950340848139345,0.23286310290871098,0.5002485630324838
69,1,12.21,1.19,1.75,16.8,151.0,1.85,1.28,0.14,2.5,2.85,1.28,3.07,718.0,1,[0.35337285 0.15124995 0.4953772 ],[ 73.74155318  31.56271452 103.37490172],0,73.74155318,31.56271452,103.37490172,0.4280180326895032,0.35640634900313367,0.0,0.0,1.8459217280996517e-17,0.7978771011163732,0.15124995277474856,0.5000000254435479
70,1,12.29,1.61,2.21,20.4,103.0,1.1,1.02,0.37,1.46,3.05,0.906,1.82,870.0,2,[0.55064865 0.22471244 0.22463891],[74.36222092 30.34623985 30.33631006],1,74.36222092,30.34623985,30.33631006,1.0,0.5796879777657471,0.00022554422624784977,0.5024824271026069,0.630918534530199,0.9999264703850516,0.2247124391656483,0.7324680280018278
71,1,13.86,1.51,2.67,25.0,86.0,2.95,2.86,0.21,1.87,3.38,1.36,3.16,410.0,1,[0.20688766 0.18234467 0.61076767],[ 37.70535315  33.23238338 111.3126367 ],0,37.70535315,33.23238338,111.3126367,0.8813704315913199,0.4460184090928265,0.0,0.011284575347292658,0.05627489720604557,0.9754570062562749,0.18234466569721858,0.5040931115238195
72,1,13.49,1.66,2.24,24.0,87.0,1.88,1.84,0.27,1.03,3.74,0.98,2.78,472.0,1,[0.38217612 0.2036142  0.41420968],[44.65326951 23.79018289 48.39605485],0,44.65326951,23.79018289,48.39605485,0.5327758336741606,0.511345634223983,0.0,8.901110959413927e-10,1.7783950996041216e-08,0.8214380810834733,0.20361420079333983,0.500000001050476
73,1,12.99,1.67,2.6,30.0,139.0,3.3,2.89,0.21,1.96,3.35,1.31,3.5,985.0,1,[0.20383185 0.19722927 0.59893888],[ 47.9129918   46.36098156 140.78738977],0,47.9129918,46.36098156,140.78738977,0.967607736802451,0.49137135997057463,0.0,0.17479611666767503,0.42181410069366404,0.9933974251687843,0.19722927214611174,0.5688541298393145
74,1,11.96,1.09,2.3,21.0,101.0,3.38,2.14,0.13,1.65,3.21,0.99,3.13,886.0,1,[0.27072947 0.19408856 0.53518197],[39.50749218 28.3233013  78.09898709],0,39.50749218,28.3233013,78.09898709,0.7169096223632561,0.4816622600272547,0.0,1.3891897909235063e-05,0.00015406857719016393,0.9233590920493538,0.19408856224668766,0.500005016794462
75,1,11.66,1.88,1.92,16.0,97.0,1.61,1.57,0.34,1.15,3.8,1.23,2.14,428.0,1,[0.46715177 0.16381534 0.36903289],[68.332026   23.96187827 53.97981249],0,68.332026,23.96187827,53.97981249,0.443904436941035,0.3918161735679783,0.0,9.192646643896296e-14,2.5950614531273e-12,0.7947824470130407,0.16381533744132493,0.5000000111598384
76,1,13.03,0.9,1.71,16.0,86.0,1.95,2.03,0.24,1.46,4.6,1.19,2.48,392.0,1,[0.33405076 0.18291806 0.48303118],[47.57171821 26.04911457 68.78781878],0,47.57171821,26.04911457,68.78781878,0.5475756510299153,0.4477349299145276,0.0,4.4962655820768305e-10,9.21777583463497e-09,0.8488673026246519,0.18291806210131833,0.5000000076695121
77,1,11.84,2.89,2.23,18.0,112.0,1.72,1.32,0.43,0.95,2.65,0.96,2.52,500.0,1,[0.5137625  0.18945853 0.29677897],[67.70048281 24.96568784 39.10771857],0,67.70048281,24.96568784,39.10771857,0.6383826199085184,0.4674863449991094,0.0,7.214293016311046e-07,9.943366756670755e-06,0.8926795679052761,0.18945853376255495,0.5000002650446674
78,1,12.33,0.99,1.95,14.8,136.0,1.9,1.85,0.35,2.76,3.4,1.06,2.31,750.0,1,[0.34728397 0.22448552 0.42823051],[52.60834761 34.00621111 64.87054192],0,52.60834761,34.00621111,64.87054192,0.6464033305408279,0.578933138463776,0.0,8.340590773592282e-09,1.4881854571862796e-07,0.8772015437737032,0.2244855168337004,0.5000000051794651
79,1,12.7,3.87,2.4,23.0,101.0,2.83,2.55,0.43,1.95,2.57,1.19,3.13,463.0,1,[0.27455988 0.16785836 0.55758176],[38.62766913 23.61589432 78.44585203],0,38.62766913,23.61589432,78.44585203,0.6113724915658308,0.4034369870420418,0.0,3.023214104613814e-07,4.40619719781302e-06,0.8932984776525187,0.16785835835098278,0.5000001185594727
80,1,12.0,0.92,2.0,19.0,86.0,2.42,2.26,0.3,1.43,2.5,1.38,3.12,278.0,1,[0.31274239 0.12895081 0.5583068 ],[54.77202611 22.58375292 97.77885909],0,54.77202611,22.58375292,97.77885909,0.41232275896152126,0.2960815716027575,0.0,1.0436096431476471e-14,3.1687098650012535e-13,0.8162084123657981,0.12895080700367767,0.5000000230603471
81,1,12.72,1.81,2.2,18.8,86.0,2.2,2.53,0.26,1.77,3.9,1.16,3.14,714.0,1,[0.20369623 0.15830896 0.63799481],[26.80357603 20.83124498 83.95119671],0,26.80357603,20.83124498,83.95119671,0.7771815580095497,0.3761688000304199,0.0,0.0025418169910338406,0.016134559573932332,0.9546127228907934,0.15830895516701632,0.5009179420151094
82,1,12.08,1.13,2.51,24.0,78.0,2.0,1.58,0.4,1.4,2.2,1.31,2.72,630.0,1,[0.42346474 0.15654862 0.41998665],[62.08342938 22.95132065 61.5735125 ],0,62.08342938,22.95132065,61.5735125,0.372746652217173,0.3712095787052758,0.0,0.0,9.528000990886667e-16,0.7365619700879176,0.1565486163861126,0.500000012373912
83,1,13.05,3.86,2.32,22.5,85.0,1.65,1.59,0.61,1.62,4.8,0.84,2.01,515.0,2,[0.58311621 0.23046709 0.1864167 ],[78.66750353 31.09203683 25.14925264],1,78.66750353,31.09203683,25.14925264,1.0,0.5989791624482621,0.11104219758795184,0.9973821593050014,0.016546816107947393,0.9559496156047,0.2304670891968438,0.9998117228107635
84,1,11.84,0.89,2.58,18.0,94.0,2.2,2.21,0.22,2.35,3.05,0.79,3.08,520.0,1,[0.35784901 0.17382292 0.46832807],[46.74370703 22.70546322 61.17493473],0,46.74370703,22.70546322,61.17493473,0.48574374310839197,0.42078852827065477,0.0,3.633493506072227e-11,8.281006365714589e-10,0.8159739060910962,0.17382291900336952,0.5000000068879739
85,1,12.67,0.98,2.24,18.0,99.0,2.2,1.94,0.3,1.46,2.62,1.23,3.16,450.0,1,[0.29065669 0.15068032 0.55866299],[39.44353613 20.44805718 75.81330346],0,39.44353613,20.44805718,75.81330346,0.5184133874835118,0.3548259218695305,0.0,5.628184363004607e-09,1.0243672065844294e-07,0.8600236291984762,0.15068031932927073,0.5000000131798769
86,1,12.16,1.61,2.31,22.8,90.0,1.78,1.69,0.43,1.56,2.45,1.33,2.26,495.0,1,[0.45592489 0.14903822 0.39503688],[63.85244098 20.87285539 55.32505337],0,63.85244098,20.87285539,55.32505337,0.3772767330205781,0.3502818296942945,0.0,1.1102230246251565e-15,3.5214832925442815e-14,0.7540013427762683,0.14903822395731894,0.500000012257589
87,1,11.65,1.67,2.62,26.0,88.0,1.92,1.61,0.4,1.34,2.6,1.36,3.21,562.0,1,[0.40615885 0.14683301 0.44700814],[68.32129575 24.69925576 75.19268742],0,68.32129575,24.69925576,75.19268742,0.3615162079187949,0.34420695759518005,0.0,0.0,4.514100987237128e-18,0.7406741569972772,0.14683300741941888,0.5000000182749571
88,1,11.64,2.06,2.46,21.6,84.0,1.95,1.69,0.48,1.35,2.8,1.0,2.75,680.0,1,[0.47076987 0.1632459  0.36598424],[59.21538147 20.53374437 46.03501124],0,59.21538147,20.53374437,46.03501124,0.4460462551535581,0.3901884608865478,0.0,8.412825991399586e-12,2.0293826740924597e-10,0.7972616622271043,0.1632458976665482,0.5000000074820997
89,1,12.08,1.33,2.3,23.6,70.0,2.2,1.59,0.42,1.38,1.74,1.07,3.21,625.0,1,[0.40906599 0.1607268  0.43020722],[63.4281444  24.92165789 66.70621918],0,63.4281444,24.92165789,66.70621918,0.3929116660333372,0.38301425087150653,0.0,0.0,6.901573514067347e-16,0.7516608117202218,0.1607267983118029,0.5000000132888501
90,1,12.08,1.83,2.32,18.5,81.0,1.6,1.5,0.52,1.64,2.4,1.08,2.27,480.0,1,[0.51981209 0.16181522 0.31837269],[68.3318832  21.27141437 41.85167262],0,68.3318832,21.27141437,41.85167262,0.5082572102345702,0.38610869310414475,0.0,1.1537386601645494e-09,2.266311434732069e-08,0.8434425246904128,0.1618152158042659,0.5000000091423347
91,1,12.0,1.51,2.42,22.0,86.0,1.45,1.25,0.5,1.63,3.6,1.05,2.65,450.0,1,[0.5240824  0.15996443 0.31595317],[69.98800045 21.3622711  42.19361438],0,69.98800045,21.3622711,42.19361438,0.5062915659962883,0.3808515527609677,0.0,8.975580279013684e-10,1.7836045313655658e-08,0.8440112541673137,0.15996442630879823,0.5000000097050452
92,1,12.69,1.53,2.26,20.7,80.0,1.38,1.46,0.58,1.62,3.05,0.96,2.06,495.0,1,[0.56880887 0.18327498 0.24791614],[75.25514576 24.24783845 32.80006078],0,75.25514576,24.24783845,32.80006078,0.7392619974669674,0.448804629151768,0.0,0.00019307816967983893,0.0016787944789085378,0.9353588397713615,0.18327498397069752,0.5000696507642367
93,1,12.29,2.83,2.22,18.0,88.0,2.45,2.25,0.25,1.99,2.15,1.15,3.3,290.0,1,[0.28318722 0.14378959 0.57302318],[44.37467575 22.53144274 89.79119171],0,44.37467575,22.53144274,89.79119171,0.5077545324822401,0.3358744390987761,0.0,3.2629055013444486e-10,6.784495460424917e-09,0.8606023742080762,0.1437895947996701,0.500000016584768
94,1,11.62,1.99,2.28,18.0,98.0,3.02,2.26,0.17,1.35,3.25,1.16,2.96,345.0,1,[0.30198035 0.15192234 0.54609731],[46.95567722 23.62278431 84.91403276],0,46.95567722,23.62278431,84.91403276,0.503086862080975,0.3582746077658694,0.0,7.356204534403332e-11,1.6293059561489031e-09,0.8499419987029526,0.15192234466179827,0.5000000148782151
95,1,12.47,1.52,2.2,19.0,162.0,2.5,2.27,0.32,3.28,2.6,1.16,2.63,937.0,1,[0.26368002 0.17227749 0.56404249],[ 56.96211833  37.21666276 121.84865091],0,56.96211833,37.21666276,121.84865091,0.6533581237927013,0.4162686947521766,0.0,2.658628206475555e-09,5.020374626857686e-08,0.9085974619653461,0.17227748538818774,0.5000000229350785
96,1,11.81,2.12,2.74,21.5,134.0,1.6,0.99,0.14,1.56,2.5,0.95,2.26,625.0,1,[0.49814648 0.21872105 0.28313247],[76.61013151 33.63719128 43.54304696],0,76.61013151,33.63719128,43.54304696,0.7725043061439333,0.5599051428812377,0.0,4.9879245653694504e-05,0.0004951492931625384,0.9355885827179007,0.21872105083342702,0.5000179939857315
97,1,12.29,1.41,1.98,16.0,85.0,2.55,2.5,0.29,1.77,2.9,1.23,2.74,428.0,1,[0.27240209 0.13927447 0.58832344],[39.39350983 20.14121918 85.08057132],0,39.39350983,20.14121918,85.08057132,0.5112826774361252,0.32362109434501146,0.0,4.3534784666121595e-09,8.025389203039594e-08,0.8668723806821632,0.13927446911841385,0.5000000162658779
98,1,12.37,1.07,2.1,18.5,88.0,3.52,3.75,0.24,1.95,4.5,1.04,2.77,660.0,1,[0.20960596 0.19047175 0.59992229],[33.72507199 30.64642666 96.52599066],0,33.72507199,30.64642666,96.52599066,0.9087134541381682,0.4705746891582757,0.0,0.043996759046209366,0.1642475642568265,0.9808657963329107,0.19047175186657686,0.5162224597347965
99,1,12.29,3.17,2.21,18.0,88.0,2.85,2.99,0.45,2.81,2.3,1.42,2.83,406.0,1,[0.27789864 0.14550748 0.57659388],[ 51.05989031  26.73491231 105.9408552 ],0,51.05989031,26.73491231,105.9408552,0.5235990940670002,0.34057051414391626,0.0,2.727706949201547e-11,6.287831465502327e-10,0.8676088338622978,0.14550747866288338,0.5000000216807006
100,1,12.08,2.08,1.7,17.5,97.0,2.23,2.17,0.26,1.4,3.3,1.27,2.96,710.0,1,[0.28407018 0.15081677 0.56511306],[42.72984574 22.68586354 85.00432581],0,42.72984574,22.68586354,85.00432581,0.5309137710795089,0.3552043006873018,0.0,1.972464191979384e-09,3.778266668234521e-08,0.8667465927137037,0.1508167680340965,0.5000000147473647
101,1,12.6,1.34,1.9,18.5,88.0,1.45,1.36,0.29,1.35,2.45,1.04,2.77,562.0,1,[0.45657153 0.16331774 0.38011073],[60.82610771 21.75777885 50.63972405],0,60.82610771,21.75777885,50.63972405,0.4296583217571926,0.39039369295618503,0.0,2.8621549574836536e-13,7.786013044845032e-12,0.7832070076201998,0.16331773887686174,0.5000000088379601
102,1,12.34,2.45,2.46,21.0,98.0,2.56,2.11,0.34,1.31,2.8,0.8,3.38,438.0,1,[0.3084154  0.15919828 0.53238632],[40.75674034 21.03786902 70.35424019],0,40.75674034,21.03786902,70.35424019,0.5161813443367198,0.37868208739173326,0.0,2.7302535787754323e-09,5.149020667020714e-08,0.8507828756209495,0.15919827597046834,0.5000000102139074
103,1,11.82,1.72,1.88,19.5,86.0,2.5,1.64,0.37,1.42,2.06,0.94,2.44,415.0,1,[0.4474247  0.15222176 0.40035354],[61.17571043 20.81305425 54.73974084],0,61.17571043,20.81305425,54.73974084,0.3802183556267597,0.35910750502383637,0.0,1.7763568394002505e-15,5.867951472918372e-14,0.7518682263020183,0.15222176363803921,0.5000000111241932
104,1,12.51,1.73,1.98,20.5,85.0,2.2,1.92,0.32,1.48,2.94,1.04,3.57,672.0,1,[0.30007359 0.15146672 0.54845969],[41.04457556 20.71787583 75.01924939],0,41.04457556,20.71787583,75.01924939,0.5047652593997305,0.3570083243175589,0.0,1.4867107545057934e-09,2.8860621112720926e-08,0.8513931350908928,0.15146672187657043,0.5000000117825815
105,1,12.42,2.55,2.27,22.0,90.0,1.68,1.84,0.66,1.42,2.7,0.86,3.3,315.0,1,[0.43370146 0.14846127 0.41783727],[73.78836275 25.25865192 71.08928866],0,73.78836275,25.25865192,71.08928866,0.3553088291606024,0.34868941722653934,0.0,0.0,5.574440098054771e-19,0.7306240006235674,0.14846127149512187,0.5000000183632775
106,1,12.25,1.73,2.12,19.0,80.0,1.65,2.03,0.37,1.63,3.4,1.0,3.17,510.0,1,[0.39712552 0.14934981 0.45352467],[50.16081499 18.86433341 57.28457666],0,50.16081499,18.86433341,57.28457666,0.3760770915182438,0.35114271761601157,0.0,2.55351295663786e-14,7.530217574859498e-13,0.752224291796331,0.14934980977030599,0.5000000094749786
107,1,12.72,1.75,2.28,22.5,84.0,1.38,1.76,0.48,1.63,3.3,0.88,2.42,488.0,1,[0.52397923 0.18206881 0.29395197],[63.11317117 21.93014383 35.40644321],0,63.11317117,21.93014383,35.40644321,0.6193828535475936,0.44519345650233766,0.0,1.4038378032266152e-06,1.8498224989832776e-05,0.8881168415764468,0.18206880740751244,0.5000005103719756
108,1,12.22,1.29,1.94,19.0,92.0,2.36,2.04,0.39,2.08,2.7,0.86,3.02,312.0,1,[0.35531112 0.15086296 0.49382592],[49.76401376 21.1295002  69.16406157],0,49.76401376,21.1295002,69.16406157,0.42459397068488003,0.35533241652174763,0.0,3.665956427312267e-13,9.888765356382098e-12,0.795551840366806,0.15086295846470116,0.5000000119826319
109,1,11.61,1.35,2.7,20.0,94.0,2.74,2.92,0.29,2.49,2.65,0.96,3.26,680.0,1,[0.25258794 0.15546385 0.59194821],[39.86534685 24.53648575 93.42576094],0,39.86534685,24.53648575,93.42576094,0.615484065439268,0.36816388064369665,0.0,2.2017099976512355e-07,3.2724389987175106e-06,0.9028759118980173,0.15546385267304974,0.5000000941151592
110,1,11.46,3.74,1.82,19.5,107.0,3.18,2.58,0.24,3.58,2.9,0.75,2.81,562.0,1,[0.33572991 0.19324327 0.47102682],[67.0362112  38.58546956 94.05135529],0,67.0362112,38.58546956,94.05135529,0.5755914433216717,0.47906204557278786,0.0,4.405364961712621e-13,1.1810031916425183e-11,0.8575133518141469,0.19324326570636505,0.5000000145966604
111,1,12.52,2.43,2.17,21.0,88.0,2.55,2.27,0.26,1.22,2.0,0.9,2.78,325.0,1,[0.35621233 0.16770624 0.47608143],[45.65795115 21.49595276 61.02231892],0,45.65795115,21.49595276,61.02231892,0.4708041473194576,0.402997719175103,0.0,3.210542942611028e-11,7.353231383188567e-10,0.8114939116137201,0.1677062428992182,0.5000000073122776
112,1,11.76,2.68,2.92,20.0,103.0,1.75,2.03,0.6,1.05,3.8,1.23,2.5,607.0,1,[0.44081014 0.18547035 0.37371951],[68.52444199 28.83157856 58.09512566],0,68.52444199,28.83157856,58.09512566,0.496282230771643,0.4554047860792012,0.0,1.9539925233402755e-13,5.383844869564679e-12,0.8117508438292282,0.18547035041392207,0.5000000092008144
113,1,11.41,0.74,2.5,21.0,88.0,2.48,2.01,0.42,1.44,3.08,1.1,2.31,434.0,1,[0.41394616 0.15392641 0.43212743],[57.5911587  21.41534623 60.12066646],0,57.5911587,21.41534623,60.12066646,0.37185128261064404,0.3638605756138314,0.0,2.220446049250313e-16,7.154858455191799e-15,0.7399802489455329,0.15392641146864675,0.5000000113376358
114,1,12.08,1.39,2.5,22.5,84.0,2.56,2.29,0.43,1.04,2.9,0.93,3.19,385.0,1,[0.37431637 0.15491217 0.47077145],[49.27683102 20.39339302 61.97464752],0,49.27683102,20.39339302,61.97464752,0.41385358184476345,0.3666179234157509,0.0,2.857714065385153e-13,7.774421615152415e-12,0.7805957979410056,0.15491217225693718,0.5000000097448447
115,1,11.03,1.51,2.2,21.5,85.0,2.46,2.17,0.52,2.01,1.9,1.71,2.87,407.0,1,[0.40482777 0.14735452 0.44781772],[ 90.40739928  32.90767044 100.00804879],0,90.40739928,32.90767044,100.00804879,0.36399311009619834,0.3456407636375902,0.0,0.0,5.5852253365392924e-24,0.742526751267949,0.14735451779202652,0.5000000292699651
116,1,11.82,1.47,1.99,20.8,86.0,1.98,1.6,0.3,1.53,1.95,0.95,3.33,495.0,1,[0.396205   0.14346253 0.46033248],[58.08355994 21.03157309 67.48463332],0,58.08355994,21.03157309,67.48463332,0.36209166778626184,0.33498249108541833,0.0,0.0,2.7323643314853084e-15,0.7472575313572642,0.1434625280346263,0.5000000144480554
117,1,12.42,1.61,2.19,22.5,108.0,2.0,2.09,0.34,1.61,2.06,1.06,2.96,345.0,1,[0.35194154 0.17580626 0.4722522 ],[44.97829311 22.46812164 60.35405086],0,44.97829311,22.46812164,60.35405086,0.4995325541712285,0.42661391160102907,0.0,1.6747758735391471e-10,3.5840019113213425e-09,0.8238647147146034,0.17580625808037847,0.5000000061736696
118,1,12.77,3.43,1.98,16.0,80.0,1.63,1.25,0.43,0.83,3.4,0.7,2.12,372.0,1,[0.56273543 0.20443941 0.23282516],[81.13764378 29.47696436 33.56974447],0,81.13764378,29.47696436,33.56974447,0.8780812849339487,0.5139505799790721,0.0,0.016418688037048823,0.07623530984767574,0.9716142560833764,0.20443941264227838,0.5059706633401563
119,1,12.0,3.43,2.0,19.0,87.0,2.0,1.64,0.37,1.87,1.28,0.93,3.05,564.0,1,[0.41700272 0.17397051 0.40902677],[57.01917968 23.78798803 55.92858231],0,57.01917968,23.78798803,55.92858231,0.42532792799436636,0.4212210602576594,0.0,1.4876988529977098e-14,4.4707889763076093e-13,0.7649437380124523,0.17397050900255873,0.5000000079078691
120,1,11.45,2.4,2.42,20.0,96.0,2.9,2.79,0.32,1.83,3.25,0.8,3.39,625.0,1,[0.2625833  0.15721849 0.58019821],[40.81591103 24.43801944 90.18592626],0,40.81591103,24.43801944,90.18592626,0.5987375712731032,0.3730943007391298,0.0,7.712088834210817e-08,1.2199011914233119e-06,0.8946351860170385,0.15721848922115114,0.5000000417660784
121,1,11.56,2.05,3.23,28.5,119.0,3.18,5.08,0.47,1.87,6.0,0.93,3.69,465.0,1,[0.31050963 0.24036242 0.44912794],[ 86.29107268  66.79706272 124.81330031],0,86.29107268,66.79706272,124.81330031,0.7740900726420997,0.6328344768351277,0.0,3.418684668687888e-09,6.377368802736588e-08,0.9298527914757787,0.2403624239979269,0.5000000135189183
122,1,12.42,4.43,2.73,26.5,102.0,2.2,2.13,0.43,1.71,2.08,0.92,3.12,365.0,1,[0.3944931  0.18699671 0.41851019],[60.86316584 28.85021803 64.56856923],0,60.86316584,28.85021803,64.56856923,0.4740177023549649,0.460014652805998,0.0,1.2656542480726785e-14,3.859965802750948e-13,0.7925036132447528,0.18699671251318248,0.500000008758883
123,1,13.05,5.8,2.13,21.5,86.0,2.62,2.65,0.3,2.01,2.6,0.73,3.1,380.0,1,[0.32390776 0.19845575 0.47763648],[59.20102147 36.27200258 87.29820868],0,59.20102147,36.27200258,87.29820868,0.6126921745390503,0.4951835247511682,0.0,1.1016743073355428e-10,2.399573425244261e-09,0.8745479879552676,0.19845575279007172,0.5000000110434196
124,1,11.87,4.31,2.39,21.0,82.0,2.86,3.03,0.21,2.91,2.8,0.75,3.64,380.0,1,[0.31104848 0.16671576 0.52223576],[ 60.51581965  32.43526893 101.60321269],0,60.51581965,32.43526893,101.60321269,0.5359799985699115,0.4001414079696185,0.0,6.379341499496149e-13,1.6886128417061676e-11,0.8556672839584984,0.16671576376417416,0.5000000194051863
125,1,12.07,2.16,2.17,21.0,85.0,2.6,2.65,0.37,1.35,2.76,0.86,3.28,378.0,1,[0.32814178 0.147909   0.52394922],[44.32431811 19.97906311 70.77334678],0,44.32431811,19.97906311,70.77334678,0.4507472187156283,0.3471671319960665,0.0,2.6729507496270344e-11,6.166551164608047e-10,0.8197672140842813,0.14790899517385475,0.5000000114404766
126,1,12.43,1.53,2.29,21.5,86.0,2.74,3.15,0.39,1.77,3.94,0.69,2.84,352.0,1,[0.29854684 0.16227078 0.53918238],[43.28511098 23.52699011 78.17389352],0,43.28511098,23.52699011,78.17389352,0.5435353999745357,0.38740627270022776,0.0,2.625168082914797e-09,4.960217440656323e-08,0.8637239346944414,0.162270777761144,0.5000000121127453
127,1,11.79,2.13,2.78,28.5,92.0,2.13,2.24,0.58,1.76,3.0,0.97,2.44,466.0,1,[0.48753418 0.16331752 0.3491483 ],[82.14749755 27.5183286  58.83004717],0,82.14749755,27.5183286,58.83004717,0.4677597575268482,0.39039307507113474,0.0,2.531308496145357e-14,7.413225945675916e-13,0.8141692259112583,0.16331752260528706,0.5000000153266082
128,1,12.37,1.63,2.3,24.5,88.0,2.22,2.45,0.4,1.9,2.12,0.89,2.78,342.0,1,[0.35097876 0.14802868 0.50099255],[49.52785775 20.88885265 70.69683624],0,49.52785775,20.88885265,70.69683624,0.42175966412716975,0.34749687366873216,0.0,3.6504133049675147e-13,9.845920756554309e-12,0.797049923400628,0.14802868432711355,0.500000012623878
129,1,12.04,4.3,2.38,22.0,80.0,2.1,1.75,0.42,1.35,2.6,0.79,2.57,580.0,1,[0.51046289 0.19194584 0.29759126],[65.08468939 24.47334731 37.94327723],0,65.08468939,24.47334731,37.94327723,0.6449982472785735,0.47508163292769684,0.0,1.4128080166875279e-06,1.8608233484678435e-05,0.894354579535631,0.19194584397180614,0.5000005133988116
130,2,12.86,1.35,2.32,18.0,122.0,1.51,1.25,0.21,0.94,4.1,0.76,1.29,630.0,2,[0.53477328 0.25973163 0.20549509],[75.91201609 36.86936597 29.17039272],0,75.91201609,36.86936597,29.17039272,0.791182380053519,0.5172909249146102,0.0,0.0004530869810994709,0.0035877026332192612,0.9457634590206583,0.20549508989939314,0.5001634575767784
131,2,12.88,2.99,2.4,20.0,104.0,1.3,1.22,0.24,0.83,5.4,0.74,1.42,530.0,2,[0.58032137 0.27384323 0.1458354 ],[78.96427926 37.26182447 19.84380971],0,78.96427926,37.26182447,19.84380971,0.5325506732887965,0.3414690688721159,0.0,2.725538317260856e-08,4.5693103474241394e-07,0.8719921669711912,0.14583539599739873,0.5000000217657007
132,2,12.81,2.31,2.4,24.0,98.0,1.15,1.09,0.27,0.83,5.7,0.66,1.36,560.0,2,[0.59720209 0.26635618 0.13644173],[89.1721575  39.77138613 20.37300873],0,89.1721575,39.77138613,20.37300873,0.5122529213061588,0.3159988962013297,0.0,3.761765565712949e-09,6.984621959575335e-08,0.8700855525173063,0.13644173005511495,0.5000000174972796
133,2,12.7,3.55,2.36,21.5,106.0,1.7,1.2,0.17,0.84,5.0,0.78,1.29,600.0,2,[0.57076929 0.26450797 0.16472274],[78.6892949  36.46647699 22.70955431],0,78.6892949,36.46647699,22.70955431,0.6227515291813017,0.3944145210766924,0.0,1.0603370376172094e-06,1.424279738439653e-05,0.9002147743810277,0.16472274019713076,0.5000003919181099
134,2,12.51,1.24,2.25,17.5,85.0,2.0,0.58,0.6,1.25,5.45,0.75,1.51,650.0,2,[0.61668118 0.22959779 0.15372103],[97.02147897 36.12225846 24.18468822],0,97.02147897,36.12225846,24.18468822,0.6695231486179473,0.3632869061130533,0.0,6.539977845720912e-06,7.70166554230688e-05,0.9241232460656476,0.1537210336906863,0.5000023737119782
135,2,12.6,2.46,2.2,18.5,94.0,1.62,0.66,0.63,0.94,7.1,0.73,1.58,695.0,2,[0.61012426 0.2766633  0.11321244],[103.997206    47.15795144  19.29734413],0,103.997206,47.15795144,19.29734413,0.4092065821422118,0.25533160041071856,0.0,7.949196856316121e-13,2.0881032882148045e-11,0.8365491438775101,0.11321244306855723,0.5000000249278703
136,2,12.25,4.72,2.54,21.0,89.0,1.38,0.47,0.53,0.8,3.85,0.75,1.27,720.0,2,[0.63982954 0.23277975 0.12739071],[115.47425686  42.01129712  22.9910407 ],0,115.47425686,42.01129712,22.9910407,0.5472585298611875,0.2919765034782528,0.0,5.4904456536775115e-09,1.0005361228210751e-07,0.8946109524416775,0.1273907053744982,0.5000000265266125
137,2,12.53,5.51,2.64,25.0,96.0,1.79,0.6,0.63,1.1,5.0,0.82,1.69,515.0,2,[0.67455002 0.20317922 0.12227075],[138.54705244  41.73134888  25.11341206],0,138.54705244,41.73134888,25.11341206,0.6017876903910473,0.2786069975753144,0.0,6.066269675475411e-08,9.728195915375147e-07,0.9190915326835648,0.12227075483975033,0.5000000531156109
138,2,13.49,3.59,2.19,19.5,88.0,1.62,0.48,0.58,0.88,5.7,0.81,1.82,580.0,2,[0.65919739 0.22736109 0.11344151],[111.29597721  38.38664304  19.15296402],0,111.29597721,38.38664304,19.15296402,0.4989486577282391,0.25591433377842787,0.0,4.435262601631962e-09,8.168639613472246e-08,0.886080418988406,0.11344151236067242,0.5000000261003091
139,2,12.84,2.96,2.61,24.0,101.0,2.32,0.6,0.53,0.81,4.92,0.89,2.15,590.0,2,[0.57796    0.24276135 0.17927865],[76.31805542 32.05598019 23.67326096],0,76.31805542,32.05598019,23.67326096,0.7384974915428255,0.4368806758245094,0.0,0.0002287346429272752,0.001953536399785189,0.9365172976071288,0.17927864920181247,0.5000825143605885
140,2,12.93,2.81,2.7,21.0,96.0,1.54,0.5,0.53,0.75,4.6,0.77,2.31,600.0,2,[0.62729657 0.22186252 0.15084092],[90.90843762 32.15253493 21.86001475],0,90.90843762,32.15253493,21.86001475,0.6798846435253719,0.35527128214045195,0.0,3.388445968566245e-05,0.0003482953200012698,0.9289784014607733,0.15084091791754692,0.5000122343887174
141,2,13.36,2.56,2.35,20.0,89.0,1.4,0.5,0.37,0.64,5.6,0.7,2.47,780.0,2,[0.56857349 0.26056799 0.17085851],[80.88647332 37.06895601 24.30669536],0,80.88647332,37.06895601,24.30669536,0.6557156708914901,0.41213355752511965,0.0,2.8669451093144005e-06,3.5914080294598805e-05,0.9102905240750465,0.17085851496169685,0.5000010433731851
142,2,13.52,3.17,2.72,23.5,97.0,1.55,0.52,0.5,0.55,4.35,0.89,2.06,520.0,2,[0.60663265 0.23672112 0.15664624],[90.30286008 35.23811968 23.31823607],0,90.30286008,35.23811968,23.31823607,0.6617332672995301,0.37148405427783987,0.0,6.65667620225463e-06,7.828376284612515e-05,0.9199251215757266,0.15664623745212533,0.500002413685189
143,2,13.62,4.95,2.35,20.0,92.0,2.0,0.8,0.47,1.02,4.4,0.91,2.05,550.0,2,[0.56163131 0.27092989 0.16743881],[73.16161468 35.29302522 21.81162859],0,73.16161468,35.29302522,21.81162859,0.6180152722363308,0.40222582657061184,0.0,1.396700307076948e-06,1.841065523540942e-05,0.8965089214102159,0.1674388070117089,0.5000005114664582
144,2,12.25,3.88,2.2,18.5,112.0,1.38,0.78,0.29,1.14,8.21,0.65,2.0,855.0,2,[0.52022055 0.3410287  0.13875075],[86.55692976 56.74208161 23.08605164],0,86.55692976,56.74208161,23.08605164,0.4068594416092861,0.3222081076340337,0.0,2.4424906541753444e-15,7.628438081478213e-14,0.7977220469137007,0.13875074614404384,0.500000019361104
145,2,13.16,3.57,2.15,21.0,102.0,1.5,0.55,0.43,1.3,4.0,0.6,1.68,830.0,2,[0.61650326 0.25494293 0.12855381],[91.75756657 37.94455668 19.13336934],0,91.75756657,37.94455668,19.13336934,0.5042454310602255,0.29503556087243876,0.0,6.7671397374624576e-09,1.2203128635960211e-07,0.8736108772677418,0.12855380801257205,0.5000000197490497
146,2,13.88,5.04,2.23,20.0,80.0,0.98,0.34,0.4,0.68,4.9,0.58,1.33,415.0,2,[0.60488949 0.24984389 0.14526662],[131.70446693  54.39928573  31.62935168],0,131.70446693,54.39928573,31.62935168,0.5814295400201492,0.339910949968268,0.0,1.2916445690791534e-10,2.794645988191107e-09,0.8954227281197481,0.14526661793451529,0.5000000286835481
147,2,12.87,4.61,2.48,21.5,86.0,1.7,0.65,0.47,0.86,7.65,0.54,1.86,625.0,2,[0.59968136 0.30521969 0.09509895],[106.63824378  54.27564429  16.91095633],0,106.63824378,54.27564429,16.91095633,0.31157541381418813,0.2101864112864303,0.0,0.0,2.015297229344082e-15,0.7898792596396622,0.09509895193196584,0.5000000301687166
148,2,13.32,3.24,2.38,21.5,92.0,1.93,0.76,0.45,1.25,8.42,0.55,1.62,650.0,2,[0.56434194 0.3488263  0.08683175],[94.69944086 58.53482351 14.57080898],0,94.69944086,58.53482351,14.57080898,0.24892547898879067,0.1901769038369525,0.0,0.0,3.227929026556288e-18,0.738005450895755,0.08683175477967853,0.5000000290869374
149,2,13.08,3.9,2.36,21.5,113.0,1.41,1.39,0.34,1.14,9.4,0.57,1.33,550.0,2,[0.52995866 0.34919052 0.12085082],[93.12900569 61.36283413 21.23697128],0,93.12900569,61.36283413,21.23697128,0.34608850097540156,0.27492677030021107,0.0,0.0,1.368167009786311e-16,0.771660306590604,0.120850822053272,0.5000000247318922
150,2,13.5,3.12,2.62,24.0,123.0,1.4,1.57,0.22,1.25,8.6,0.59,1.3,500.0,2,[0.48170313 0.35352866 0.16476821],[89.80068792 65.90597928 30.71663341],0,89.80068792,65.90597928,30.71663341,0.46606747589676256,0.39454487032531455,0.0,4.440892098500626e-16,1.7116211293613405e-14,0.8112395513078711,0.16476820928138608,0.500000018331918
151,2,12.79,2.67,2.48,22.0,112.0,1.48,1.36,0.24,1.26,10.8,0.48,1.47,480.0,2,[0.51848611 0.3488226  0.13269129],[100.53990434  67.64036822  25.73023484],0,100.53990434,67.64036822,25.73023484,0.38039761634549546,0.30598398311567127,0.0,0.0,2.3995783084825758e-17,0.7838686828180418,0.13269128725856405,0.5000000264277462
152,2,13.11,1.9,2.75,25.5,116.0,2.2,1.28,0.26,1.56,7.1,0.61,1.33,425.0,2,[0.49010998 0.31049491 0.19939511],[78.74957321 49.88949852 32.03827822],0,78.74957321,49.88949852,32.03827822,0.6421848118299711,0.49811115376744786,0.0,1.767313195788489e-08,3.032553957124534e-07,0.8889002071203944,0.19939511219079956,0.5000000139902163
153,2,13.23,3.3,2.28,18.5,98.0,1.8,0.83,0.61,1.87,10.52,0.56,1.51,675.0,2,[0.5340132  0.35847817 0.10750863],[102.15665662  68.57682871  20.566388  ],0,102.15665662,68.57682871,20.566388,0.29990287370493507,0.240918036201365,0.0,0.0,6.163420033238885e-20,0.7490304626238352,0.1075086336540048,0.5000000310735512
154,2,12.58,1.29,2.1,20.0,103.0,1.48,0.58,0.53,1.4,7.6,0.58,1.55,640.0,2,[0.58395683 0.28985022 0.12619295],[104.87521175  52.05539473  22.66351212],0,104.87521175,52.05539473,22.66351212,0.4353729759828992,0.2888348248701825,0.0,1.7186252421197423e-13,4.755299531489209e-12,0.8363427330529724,0.1261929527344433,0.5000000245825217
155,2,13.17,5.19,2.32,22.0,93.0,1.74,0.63,0.61,1.55,7.9,0.6,1.48,725.0,2,[0.55774028 0.33570081 0.10655891],[103.2930652  62.171529   19.7346275],0,103.2930652,62.171529,19.7346275,0.3174222641312646,0.2385359550201763,0.0,0.0,1.4347857784789938e-17,0.7708581002110612,0.10655891163441883,0.5000000297731888
156,2,13.84,4.12,2.38,19.5,89.0,1.8,0.83,0.48,1.56,9.01,0.57,1.64,480.0,2,[0.5065119  0.38609937 0.10738873],[91.99255464 70.12326219 19.50391162],0,91.99255464,70.12326219,19.50391162,0.2781375396779991,0.24061701074130018,0.0,0.0,4.783739106674277e-21,0.7212893610087252,0.10738872801069102,0.5000000287317989
157,2,12.45,3.03,2.64,27.0,97.0,1.9,0.58,0.63,1.14,7.5,0.67,1.73,880.0,2,[0.62406743 0.25172182 0.12421076],[131.70532116  53.12423238  26.21386214],0,131.70532116,53.12423238,26.21386214,0.4934445349157731,0.2836544441908556,0.0,2.05568895239594e-12,5.2227017294382207e-11,0.8724889371546373,0.1242107556656647,0.5000000320845831
158,2,14.34,1.68,2.7,25.0,98.0,2.8,1.31,0.53,2.7,13.0,0.57,1.96,660.0,2,[0.45474702 0.31879974 0.22645324],[109.79304366  76.97025547  54.67433314],0,109.79304366,76.97025547,54.67433314,0.7103306700157646,0.5854933318709201,0.0,2.0749335583047923e-10,4.399865694063258e-09,0.9076534916272949,0.2264532360830609,0.5000000123262401
159,2,13.48,1.67,2.64,22.5,89.0,2.6,1.1,0.52,2.29,11.75,0.57,1.78,620.0,2,[0.4767221  0.33781681 0.18546109],[91.88351121 65.11087852 35.7458075 ],0,91.88351121,65.11087852,35.7458075,0.548999004651289,0.4553768776199009,0.0,1.765254609153999e-13,4.880205475577319e-12,0.8476442826049106,0.1854610922554909,0.500000015168647
160,2,12.36,3.83,2.38,21.0,88.0,2.3,0.92,0.5,1.04,7.65,0.56,1.58,520.0,2,[0.57326921 0.29479915 0.13193164],[94.59005861 48.6421888  21.76886738],0,94.59005861,48.6421888,21.76886738,0.4475305884991851,0.30396601007569196,0.0,2.133404564119701e-12,5.4126428216684606e-11,0.8371324857166007,0.131931638204831,0.5000000202879402
161,2,13.69,3.26,2.54,20.0,107.0,1.83,0.56,0.5,0.8,5.88,0.96,1.82,680.0,2,[0.60421076 0.26114212 0.13464712],[93.70556992 40.49989284 20.88209263],0,93.70556992,40.49989284,20.88209263,0.5156085896815028,0.3111958664012404,0.0,3.0206306345093026e-09,5.668856906098579e-08,0.8735050007040187,0.13464711966961487,0.5000000187605814
162,2,12.85,3.27,2.58,22.0,106.0,1.65,0.6,0.6,0.96,5.58,0.87,2.11,570.0,2,[0.60301684 0.25893353 0.13804963],[84.33549283 36.21339533 19.30706233],0,84.33549283,36.21339533,19.30706233,0.5331469792746124,0.3203192103116562,0.0,4.546454490661489e-08,7.410287426487269e-07,0.8791160980948898,0.13804963079667068,0.5000000302795641
163,2,12.96,3.45,2.35,18.5,106.0,1.39,0.7,0.4,0.94,5.28,0.68,1.75,675.0,2,[0.60316981 0.27959452 0.11723567],[81.68536066 37.8645927  15.87685187],0,81.68536066,37.8645927,15.87685187,0.4193060254304728,0.26561033983718135,0.0,2.823874467594578e-10,5.908773230888931e-09,0.8376411465034923,0.11723566721461501,0.5000000160976293
164,2,13.78,2.76,2.3,22.0,90.0,1.35,0.68,0.41,1.03,9.58,0.7,1.68,615.0,2,[0.53687433 0.36639303 0.09673264],[90.28247493 61.61380439 16.26686429],0,90.28247493,61.61380439,16.26686429,0.2640133075823528,0.21418384127127169,0.0,0.0,8.351753693099545e-19,0.7303396028032285,0.09673263677580264,0.5000000273809161
165,2,13.73,4.36,2.26,22.5,88.0,1.28,0.47,0.52,1.15,6.62,0.78,1.75,520.0,2,[0.61157273 0.27860063 0.10982664],[104.24262205  47.48749955  18.7199603 ],0,104.24262205,47.48749955,18.7199603,0.39420817008685377,0.24675338162720153,0.0,3.2085445411667024e-13,8.695834941555012e-12,0.8312260168539629,0.10982664303366449,0.5000000255515683
166,2,13.45,3.7,2.6,23.0,111.0,1.7,0.92,0.43,1.46,10.68,0.85,1.56,695.0,2,[0.4884429  0.40102727 0.11052983],[83.72508815 68.74097859 18.94616527],0,83.72508815,68.74097859,18.94616527,0.27561675231199795,0.24852959973133326,0.0,0.0,1.0733149510243517e-20,0.7095025673733452,0.1105298323679968,0.5000000256537163
167,2,12.82,3.37,2.3,19.5,88.0,1.48,0.66,0.4,0.97,10.26,0.72,1.75,685.0,2,[0.54146667 0.36430008 0.09423325],[92.87298287 62.48516631 16.16299502],0,92.87298287,62.48516631,16.16299502,0.2586693126422013,0.20807399039062016,0.0,0.0,3.2172223294440994e-19,0.7299331723456988,0.09423325092245838,0.5000000287044475
168,2,13.58,2.58,2.69,24.5,105.0,1.55,0.84,0.39,1.54,8.66,0.74,1.8,750.0,2,[0.4850912  0.38930755 0.12560125],[74.67575374 59.93065837 19.33526689],0,74.67575374,59.93065837,19.33526689,0.32262730654993427,0.28728597080370855,0.0,0.0,8.655217865797332e-17,0.7362936941870285,0.12560124727413424,0.50000001893153
169,2,13.4,4.6,2.86,25.0,112.0,1.98,0.96,0.27,1.11,8.5,0.67,1.92,630.0,2,[0.48704794 0.36858729 0.14436477],[81.64035453 61.78364489 24.19883092],0,81.64035453,61.78364489,24.19883092,0.39167049730866615,0.33744465385878936,0.0,0.0,1.6266369870015236e-15,0.7757774767700789,0.14436476744111534,0.5000000186034825
170,2,12.2,3.03,2.32,19.0,96.0,1.25,0.49,0.4,0.73,5.5,0.66,1.83,510.0,2,[0.63436313 0.23516945 0.13046742],[102.07341542  37.84039053  20.99310979],0,102.07341542,37.84039053,20.99310979,0.5547804738643436,0.30008632310669997,0.0,4.8230183957720385e-08,7.835135680830291e-07,0.8952979698702458,0.1304674177198888,0.5000000370452491
171,2,12.77,2.39,2.28,19.5,86.0,1.39,0.51,0.48,0.64,9.899999,0.57,1.63,470.0,2,[0.57581565 0.32026332 0.10392103],[118.7066165   66.02351825  21.42372142],0,118.7066165,66.02351825,21.42372142,0.3244862132089653,0.23194614618520495,0.0,0.0,1.7339747547413514e-18,0.7836577124562469,0.10392103168921325,0.50000003550334
172,2,14.16,2.51,2.48,20.0,91.0,1.68,0.7,0.44,1.24,9.7,0.62,1.71,660.0,2,[0.49137034 0.40426702 0.10436264],[86.16410782 70.89012943 18.3004822 ],0,86.16410782,70.89012943,18.3004822,0.2581527547895443,0.2330466534390425,0.0,0.0,6.928868799043052e-22,0.7000956267692852,0.1043626442293375,0.5000000277743109
173,2,13.71,5.65,2.45,20.5,95.0,1.68,0.61,0.52,1.06,7.7,0.64,1.74,740.0,2,[0.56209708 0.33654216 0.10136075],[100.71747788  60.30217713  18.16198606],0,100.71747788,60.30217713,18.16198606,0.30118292446630973,0.2255871937950243,0.0,0.0,1.9169006274527346e-17,0.7648185895713383,0.1013607529847513,0.5000000293044368
174,2,13.4,3.91,2.48,23.0,102.0,1.8,0.75,0.43,1.41,7.3,0.7,1.56,750.0,2,[0.55549327 0.33652845 0.10797829],[79.78016087 48.33234721 15.50788386],0,79.78016087,48.33234721,15.50788386,0.3208593158593909,0.24209788867881638,0.0,5.551115123125783e-15,1.7096181662363262e-13,0.7714498414439332,0.10797828672108568,0.5000000193502245
175,2,13.27,4.28,2.26,20.0,120.0,1.59,0.69,0.43,1.35,10.2,0.59,1.56,835.0,2,[0.52354723 0.3708698  0.10558297],[106.36539259  75.34699841  21.4505457 ],0,106.36539259,75.34699841,21.4505457,0.2846901157627058,0.23609337350873233,0.0,0.0,1.922134276363904e-22,0.7347131638025062,0.10558296728880873,0.5000000343955694
176,2,13.17,2.59,2.37,20.0,120.0,1.65,0.68,0.53,1.46,9.3,0.6,1.62,840.0,2,[0.49607515 0.39335969 0.11056516],[90.95454129 72.12183547 20.27193554],0,90.95454129,72.12183547,20.27193554,0.2810790297780385,0.24861891026173155,0.0,0.0,1.4314561434961264e-21,0.7172054693098082,0.11056516029839365,0.5000000285242356
177,2,14.13,4.1,2.74,24.5,96.0,2.05,0.76,0.56,1.35,9.2,0.61,1.6,560.0,2,[0.51122359 0.37846181 0.1103146 ],[101.33259391  75.01711048  21.86609715],0,101.33259391,75.01711048,21.86609715,0.2914814634927607,0.24798563995769243,0.0,0.0,3.994618409792861e-22,0.7318527941930706,0.11031460145964753,0.500000032161632
